ISO-10303-21;
HEADER;
/* Generated by software containing ST-Developer
 * from STEP Tools, Inc. (www.steptools.com) 
 */
/* OPTION: using custom renumber hook */

FILE_DESCRIPTION(
/* description */ ('STEP AP242 Edition 2',
'CAx-IF Rec.Pracs.---Representation and Presentation of Product Manufa
cturing Information (PMI)---4.0---2014-10-13',
'CAx-IF Rec.Pracs.---3D Tessellated Geometry---0.4---2014-09-14','2;1',
'CAx-IF Rec.Pracs.---User Defined Attributes---1.5---2016-08-15'),
/* implementation_level */ '2;1');

FILE_NAME(
/* name */ '6ab067f97c267818bfc413da',
/* time_stamp */ '2026-09-20T23:10:49Z',
/* author */ (''),
/* organization */ (''),
/* preprocessor_version */ 'ST-DEVELOPER v20',
/* originating_system */ 'ONSHAPE BY PTC INC, 1.221',
/* authorisation */ '  ');

FILE_SCHEMA (('AP242_MANAGED_MODEL_BASED_3D_ENGINEERING_MIM_LF { 1 0 10303 442 3 1 4 }'));
ENDSEC;

DATA;
#10=CONTEXT_DEPENDENT_SHAPE_REPRESENTATION(#12,#6983);
#11=NEXT_ASSEMBLY_USAGE_OCCURRENCE('NAUO1','Part 2','Part 2',#6984,#6985,
'');
#12=(
REPRESENTATION_RELATIONSHIP(' ',' ',#4484,#4483)
REPRESENTATION_RELATIONSHIP_WITH_TRANSFORMATION(#13)
SHAPE_REPRESENTATION_RELATIONSHIP()
);
#13=ITEM_DEFINED_TRANSFORMATION(' ',' ',#4485,#4702);
#14=SHAPE_REPRESENTATION_RELATIONSHIP('','',#4484,#15);
#15=ADVANCED_BREP_SHAPE_REPRESENTATION('',(#4480),#6975);
#16=SPHERICAL_SURFACE('',#4661,0.005);
#17=SPHERICAL_SURFACE('',#4663,0.005);
#18=SPHERICAL_SURFACE('',#4669,0.005);
#19=SPHERICAL_SURFACE('',#4671,0.005);
#20=B_SPLINE_SURFACE_WITH_KNOTS('',3,1,((#6422,#6423),(#6424,#6425),(#6426,
#6427),(#6428,#6429)),.SURF_OF_LINEAR_EXTRUSION.,.F.,.F.,.F.,(4,4),(2,2),
(0.,1.),(0.,1.),.PIECEWISE_BEZIER_KNOTS.);
#21=B_SPLINE_SURFACE_WITH_KNOTS('',3,1,((#6435,#6436),(#6437,#6438),(#6439,
#6440),(#6441,#6442)),.SURF_OF_LINEAR_EXTRUSION.,.F.,.F.,.F.,(4,4),(2,2),
(0.,1.),(0.,1.),.PIECEWISE_BEZIER_KNOTS.);
#22=B_SPLINE_SURFACE_WITH_KNOTS('',3,1,((#6448,#6449),(#6450,#6451),(#6452,
#6453),(#6454,#6455)),.SURF_OF_LINEAR_EXTRUSION.,.F.,.F.,.F.,(4,4),(2,2),
(0.,1.),(0.,1.),.PIECEWISE_BEZIER_KNOTS.);
#23=B_SPLINE_SURFACE_WITH_KNOTS('',3,1,((#6461,#6462),(#6463,#6464),(#6465,
#6466),(#6467,#6468)),.SURF_OF_LINEAR_EXTRUSION.,.F.,.F.,.F.,(4,4),(2,2),
(0.,1.),(0.,1.),.PIECEWISE_BEZIER_KNOTS.);
#24=B_SPLINE_SURFACE_WITH_KNOTS('',3,1,((#6474,#6475),(#6476,#6477),(#6478,
#6479),(#6480,#6481)),.SURF_OF_LINEAR_EXTRUSION.,.F.,.F.,.F.,(4,4),(2,2),
(0.,1.),(0.,1.),.PIECEWISE_BEZIER_KNOTS.);
#25=B_SPLINE_SURFACE_WITH_KNOTS('',3,1,((#6499,#6500),(#6501,#6502),(#6503,
#6504),(#6505,#6506)),.SURF_OF_LINEAR_EXTRUSION.,.F.,.F.,.F.,(4,4),(2,2),
(0.,1.),(0.,1.),.PIECEWISE_BEZIER_KNOTS.);
#26=B_SPLINE_SURFACE_WITH_KNOTS('',3,1,((#6512,#6513),(#6514,#6515),(#6516,
#6517),(#6518,#6519)),.SURF_OF_LINEAR_EXTRUSION.,.F.,.F.,.F.,(4,4),(2,2),
(0.,1.),(0.,1.),.PIECEWISE_BEZIER_KNOTS.);
#27=B_SPLINE_SURFACE_WITH_KNOTS('',3,1,((#6525,#6526),(#6527,#6528),(#6529,
#6530),(#6531,#6532)),.SURF_OF_LINEAR_EXTRUSION.,.F.,.F.,.F.,(4,4),(2,2),
(0.,1.),(0.,1.),.PIECEWISE_BEZIER_KNOTS.);
#28=B_SPLINE_SURFACE_WITH_KNOTS('',3,1,((#6538,#6539),(#6540,#6541),(#6542,
#6543),(#6544,#6545)),.SURF_OF_LINEAR_EXTRUSION.,.F.,.F.,.F.,(4,4),(2,2),
(0.,1.),(0.,1.),.PIECEWISE_BEZIER_KNOTS.);
#29=B_SPLINE_SURFACE_WITH_KNOTS('',3,1,((#6551,#6552),(#6553,#6554),(#6555,
#6556),(#6557,#6558)),.SURF_OF_LINEAR_EXTRUSION.,.F.,.F.,.F.,(4,4),(2,2),
(0.,1.),(0.,1.),.PIECEWISE_BEZIER_KNOTS.);
#30=B_SPLINE_SURFACE_WITH_KNOTS('',3,1,((#6613,#6614),(#6615,#6616),(#6617,
#6618),(#6619,#6620)),.SURF_OF_LINEAR_EXTRUSION.,.F.,.F.,.F.,(4,4),(2,2),
(0.,1.),(0.,1.),.PIECEWISE_BEZIER_KNOTS.);
#31=B_SPLINE_SURFACE_WITH_KNOTS('',3,1,((#6647,#6648),(#6649,#6650),(#6651,
#6652),(#6653,#6654)),.SURF_OF_LINEAR_EXTRUSION.,.F.,.F.,.F.,(4,4),(2,2),
(0.,1.),(0.,1.),.PIECEWISE_BEZIER_KNOTS.);
#32=B_SPLINE_SURFACE_WITH_KNOTS('',3,1,((#6660,#6661),(#6662,#6663),(#6664,
#6665),(#6666,#6667)),.SURF_OF_LINEAR_EXTRUSION.,.F.,.F.,.F.,(4,4),(2,2),
(0.,1.),(0.,1.),.PIECEWISE_BEZIER_KNOTS.);
#33=B_SPLINE_SURFACE_WITH_KNOTS('',3,1,((#6673,#6674),(#6675,#6676),(#6677,
#6678),(#6679,#6680)),.SURF_OF_LINEAR_EXTRUSION.,.F.,.F.,.F.,(4,4),(2,2),
(0.,1.),(0.,1.),.PIECEWISE_BEZIER_KNOTS.);
#34=B_SPLINE_SURFACE_WITH_KNOTS('',3,1,((#6686,#6687),(#6688,#6689),(#6690,
#6691),(#6692,#6693)),.SURF_OF_LINEAR_EXTRUSION.,.F.,.F.,.F.,(4,4),(2,2),
(0.,1.),(0.,1.),.PIECEWISE_BEZIER_KNOTS.);
#35=B_SPLINE_SURFACE_WITH_KNOTS('',3,1,((#6699,#6700),(#6701,#6702),(#6703,
#6704),(#6705,#6706)),.SURF_OF_LINEAR_EXTRUSION.,.F.,.F.,.F.,(4,4),(2,2),
(0.,1.),(0.,1.),.PIECEWISE_BEZIER_KNOTS.);
#36=B_SPLINE_SURFACE_WITH_KNOTS('',3,1,((#6712,#6713),(#6714,#6715),(#6716,
#6717),(#6718,#6719)),.SURF_OF_LINEAR_EXTRUSION.,.F.,.F.,.F.,(4,4),(2,2),
(0.,1.),(0.,1.),.PIECEWISE_BEZIER_KNOTS.);
#37=B_SPLINE_SURFACE_WITH_KNOTS('',3,1,((#6725,#6726),(#6727,#6728),(#6729,
#6730),(#6731,#6732)),.SURF_OF_LINEAR_EXTRUSION.,.F.,.F.,.F.,(4,4),(2,2),
(0.,1.),(0.,1.),.PIECEWISE_BEZIER_KNOTS.);
#38=B_SPLINE_SURFACE_WITH_KNOTS('',3,1,((#6738,#6739),(#6740,#6741),(#6742,
#6743),(#6744,#6745)),.SURF_OF_LINEAR_EXTRUSION.,.F.,.F.,.F.,(4,4),(2,2),
(0.,1.),(0.,1.),.PIECEWISE_BEZIER_KNOTS.);
#39=B_SPLINE_SURFACE_WITH_KNOTS('',3,1,((#6759,#6760),(#6761,#6762),(#6763,
#6764),(#6765,#6766)),.SURF_OF_LINEAR_EXTRUSION.,.F.,.F.,.F.,(4,4),(2,2),
(0.,1.),(0.,1.),.PIECEWISE_BEZIER_KNOTS.);
#40=B_SPLINE_SURFACE_WITH_KNOTS('',3,1,((#6772,#6773),(#6774,#6775),(#6776,
#6777),(#6778,#6779)),.SURF_OF_LINEAR_EXTRUSION.,.F.,.F.,.F.,(4,4),(2,2),
(0.,1.),(0.,1.),.PIECEWISE_BEZIER_KNOTS.);
#41=B_SPLINE_SURFACE_WITH_KNOTS('',3,1,((#6785,#6786),(#6787,#6788),(#6789,
#6790),(#6791,#6792)),.SURF_OF_LINEAR_EXTRUSION.,.F.,.F.,.F.,(4,4),(2,2),
(0.,1.),(0.,1.),.PIECEWISE_BEZIER_KNOTS.);
#42=B_SPLINE_SURFACE_WITH_KNOTS('',3,1,((#6798,#6799),(#6800,#6801),(#6802,
#6803),(#6804,#6805)),.SURF_OF_LINEAR_EXTRUSION.,.F.,.F.,.F.,(4,4),(2,2),
(0.,1.),(0.,1.),.PIECEWISE_BEZIER_KNOTS.);
#43=B_SPLINE_SURFACE_WITH_KNOTS('',3,1,((#6811,#6812),(#6813,#6814),(#6815,
#6816),(#6817,#6818)),.SURF_OF_LINEAR_EXTRUSION.,.F.,.F.,.F.,(4,4),(2,2),
(0.,1.),(0.,1.),.PIECEWISE_BEZIER_KNOTS.);
#44=B_SPLINE_SURFACE_WITH_KNOTS('',3,1,((#6824,#6825),(#6826,#6827),(#6828,
#6829),(#6830,#6831)),.SURF_OF_LINEAR_EXTRUSION.,.F.,.F.,.F.,(4,4),(2,2),
(0.,1.),(0.,1.),.PIECEWISE_BEZIER_KNOTS.);
#45=B_SPLINE_SURFACE_WITH_KNOTS('',3,1,((#6837,#6838),(#6839,#6840),(#6841,
#6842),(#6843,#6844)),.SURF_OF_LINEAR_EXTRUSION.,.F.,.F.,.F.,(4,4),(2,2),
(0.,1.),(0.,1.),.PIECEWISE_BEZIER_KNOTS.);
#46=OVER_RIDING_STYLED_ITEM('',(#3961),#3844,#3959);
#47=OVER_RIDING_STYLED_ITEM('',(#3962),#3845,#3959);
#48=OVER_RIDING_STYLED_ITEM('',(#3963),#3846,#3959);
#49=OVER_RIDING_STYLED_ITEM('',(#3964),#3847,#3959);
#50=OVER_RIDING_STYLED_ITEM('',(#3965),#3848,#3959);
#51=OVER_RIDING_STYLED_ITEM('',(#3966),#3849,#3959);
#52=OVER_RIDING_STYLED_ITEM('',(#3967),#3850,#3959);
#53=OVER_RIDING_STYLED_ITEM('',(#3968),#3851,#3959);
#54=OVER_RIDING_STYLED_ITEM('',(#3969),#3852,#3959);
#55=OVER_RIDING_STYLED_ITEM('',(#3970),#3853,#3959);
#56=OVER_RIDING_STYLED_ITEM('',(#3971),#3854,#3959);
#57=OVER_RIDING_STYLED_ITEM('',(#3972),#3855,#3959);
#58=OVER_RIDING_STYLED_ITEM('',(#3973),#3856,#3959);
#59=OVER_RIDING_STYLED_ITEM('',(#3974),#3857,#3959);
#60=OVER_RIDING_STYLED_ITEM('',(#3975),#3858,#3959);
#61=OVER_RIDING_STYLED_ITEM('',(#3976),#3859,#3959);
#62=OVER_RIDING_STYLED_ITEM('',(#3977),#3860,#3959);
#63=OVER_RIDING_STYLED_ITEM('',(#3978),#3861,#3959);
#64=OVER_RIDING_STYLED_ITEM('',(#3979),#3862,#3959);
#65=OVER_RIDING_STYLED_ITEM('',(#3980),#3863,#3959);
#66=OVER_RIDING_STYLED_ITEM('',(#3981),#3864,#3959);
#67=OVER_RIDING_STYLED_ITEM('',(#3982),#3865,#3959);
#68=OVER_RIDING_STYLED_ITEM('',(#3983),#3866,#3959);
#69=OVER_RIDING_STYLED_ITEM('',(#3984),#3867,#3959);
#70=OVER_RIDING_STYLED_ITEM('',(#3985),#3868,#3959);
#71=OVER_RIDING_STYLED_ITEM('',(#3986),#3869,#3959);
#72=OVER_RIDING_STYLED_ITEM('',(#3987),#3870,#3959);
#73=OVER_RIDING_STYLED_ITEM('',(#3988),#3871,#3959);
#74=OVER_RIDING_STYLED_ITEM('',(#3989),#3872,#3959);
#75=OVER_RIDING_STYLED_ITEM('',(#3990),#3873,#3959);
#76=OVER_RIDING_STYLED_ITEM('',(#3991),#3874,#3959);
#77=OVER_RIDING_STYLED_ITEM('',(#3992),#3875,#3959);
#78=OVER_RIDING_STYLED_ITEM('',(#3993),#3876,#3959);
#79=OVER_RIDING_STYLED_ITEM('',(#3994),#3877,#3959);
#80=OVER_RIDING_STYLED_ITEM('',(#3995),#3878,#3959);
#81=OVER_RIDING_STYLED_ITEM('',(#3996),#3879,#3959);
#82=OVER_RIDING_STYLED_ITEM('',(#3997),#3880,#3959);
#83=OVER_RIDING_STYLED_ITEM('',(#3998),#3881,#3959);
#84=OVER_RIDING_STYLED_ITEM('',(#3999),#3882,#3959);
#85=OVER_RIDING_STYLED_ITEM('',(#4000),#3883,#3959);
#86=OVER_RIDING_STYLED_ITEM('',(#4001),#3884,#3959);
#87=OVER_RIDING_STYLED_ITEM('',(#4002),#3885,#3959);
#88=OVER_RIDING_STYLED_ITEM('',(#4003),#3886,#3959);
#89=OVER_RIDING_STYLED_ITEM('',(#4004),#3887,#3959);
#90=OVER_RIDING_STYLED_ITEM('',(#4005),#3888,#3959);
#91=OVER_RIDING_STYLED_ITEM('',(#4006),#3889,#3959);
#92=OVER_RIDING_STYLED_ITEM('',(#4007),#3890,#3959);
#93=OVER_RIDING_STYLED_ITEM('',(#4008),#3891,#3959);
#94=OVER_RIDING_STYLED_ITEM('',(#4009),#3892,#3959);
#95=OVER_RIDING_STYLED_ITEM('',(#4010),#3893,#3959);
#96=OVER_RIDING_STYLED_ITEM('',(#4011),#3894,#3959);
#97=OVER_RIDING_STYLED_ITEM('',(#4012),#3895,#3959);
#98=OVER_RIDING_STYLED_ITEM('',(#4013),#3896,#3959);
#99=OVER_RIDING_STYLED_ITEM('',(#4014),#3897,#3959);
#100=OVER_RIDING_STYLED_ITEM('',(#4015),#3898,#3959);
#101=OVER_RIDING_STYLED_ITEM('',(#4016),#3899,#3959);
#102=OVER_RIDING_STYLED_ITEM('',(#4017),#3900,#3959);
#103=OVER_RIDING_STYLED_ITEM('',(#4018),#3901,#3959);
#104=OVER_RIDING_STYLED_ITEM('',(#4019),#3902,#3959);
#105=OVER_RIDING_STYLED_ITEM('',(#4020),#3903,#3959);
#106=OVER_RIDING_STYLED_ITEM('',(#4021),#3904,#3959);
#107=OVER_RIDING_STYLED_ITEM('',(#4022),#3905,#3959);
#108=OVER_RIDING_STYLED_ITEM('',(#4023),#3906,#3959);
#109=OVER_RIDING_STYLED_ITEM('',(#4024),#3907,#3959);
#110=OVER_RIDING_STYLED_ITEM('',(#4025),#3908,#3959);
#111=OVER_RIDING_STYLED_ITEM('',(#4026),#3909,#3959);
#112=OVER_RIDING_STYLED_ITEM('',(#4027),#3910,#3959);
#113=OVER_RIDING_STYLED_ITEM('',(#4028),#3911,#3959);
#114=OVER_RIDING_STYLED_ITEM('',(#4029),#3912,#3959);
#115=OVER_RIDING_STYLED_ITEM('',(#4030),#3913,#3959);
#116=OVER_RIDING_STYLED_ITEM('',(#4031),#3914,#3959);
#117=OVER_RIDING_STYLED_ITEM('',(#4032),#3915,#3959);
#118=OVER_RIDING_STYLED_ITEM('',(#4033),#3916,#3959);
#119=OVER_RIDING_STYLED_ITEM('',(#4034),#3917,#3959);
#120=OVER_RIDING_STYLED_ITEM('',(#4035),#3918,#3959);
#121=OVER_RIDING_STYLED_ITEM('',(#4036),#3919,#3959);
#122=OVER_RIDING_STYLED_ITEM('',(#4037),#3920,#3959);
#123=OVER_RIDING_STYLED_ITEM('',(#4038),#3921,#3959);
#124=OVER_RIDING_STYLED_ITEM('',(#4039),#3922,#3959);
#125=OVER_RIDING_STYLED_ITEM('',(#4040),#3926,#3959);
#126=OVER_RIDING_STYLED_ITEM('',(#4041),#3927,#3959);
#127=OVER_RIDING_STYLED_ITEM('',(#4042),#3928,#3959);
#128=OVER_RIDING_STYLED_ITEM('',(#4043),#3937,#3959);
#129=OVER_RIDING_STYLED_ITEM('',(#4044),#3944,#3959);
#130=OVER_RIDING_STYLED_ITEM('',(#4045),#3951,#3959);
#131=B_SPLINE_CURVE_WITH_KNOTS('',2,(#5882,#5883,#5884),.UNSPECIFIED.,.F.,
 .F.,(3,3),(0.,1.),.PIECEWISE_BEZIER_KNOTS.);
#132=B_SPLINE_CURVE_WITH_KNOTS('',2,(#5886,#5887,#5888),.UNSPECIFIED.,.F.,
 .F.,(3,3),(0.,1.),.PIECEWISE_BEZIER_KNOTS.);
#133=B_SPLINE_CURVE_WITH_KNOTS('',2,(#5890,#5891,#5892),.UNSPECIFIED.,.F.,
 .F.,(3,3),(0.,1.),.PIECEWISE_BEZIER_KNOTS.);
#134=B_SPLINE_CURVE_WITH_KNOTS('',2,(#5894,#5895,#5896),.UNSPECIFIED.,.F.,
 .F.,(3,3),(0.,1.),.PIECEWISE_BEZIER_KNOTS.);
#135=B_SPLINE_CURVE_WITH_KNOTS('',2,(#5898,#5899,#5900),.UNSPECIFIED.,.F.,
 .F.,(3,3),(0.,1.),.PIECEWISE_BEZIER_KNOTS.);
#136=B_SPLINE_CURVE_WITH_KNOTS('',2,(#5902,#5903,#5904),.UNSPECIFIED.,.F.,
 .F.,(3,3),(0.,1.),.PIECEWISE_BEZIER_KNOTS.);
#137=B_SPLINE_CURVE_WITH_KNOTS('',2,(#5906,#5907,#5908),.UNSPECIFIED.,.F.,
 .F.,(3,3),(0.,1.),.PIECEWISE_BEZIER_KNOTS.);
#138=B_SPLINE_CURVE_WITH_KNOTS('',2,(#5910,#5911,#5912),.UNSPECIFIED.,.F.,
 .F.,(3,3),(0.,1.),.PIECEWISE_BEZIER_KNOTS.);
#139=B_SPLINE_CURVE_WITH_KNOTS('',2,(#5918,#5919,#5920),.UNSPECIFIED.,.F.,
 .F.,(3,3),(0.,1.),.PIECEWISE_BEZIER_KNOTS.);
#140=B_SPLINE_CURVE_WITH_KNOTS('',2,(#5922,#5923,#5924),.UNSPECIFIED.,.F.,
 .F.,(3,3),(0.,1.),.PIECEWISE_BEZIER_KNOTS.);
#141=B_SPLINE_CURVE_WITH_KNOTS('',2,(#5926,#5927,#5928),.UNSPECIFIED.,.F.,
 .F.,(3,3),(0.,1.),.PIECEWISE_BEZIER_KNOTS.);
#142=B_SPLINE_CURVE_WITH_KNOTS('',2,(#5930,#5931,#5932),.UNSPECIFIED.,.F.,
 .F.,(3,3),(0.,1.),.PIECEWISE_BEZIER_KNOTS.);
#143=B_SPLINE_CURVE_WITH_KNOTS('',2,(#5934,#5935,#5936),.UNSPECIFIED.,.F.,
 .F.,(3,3),(0.,1.),.PIECEWISE_BEZIER_KNOTS.);
#144=B_SPLINE_CURVE_WITH_KNOTS('',2,(#5938,#5939,#5940),.UNSPECIFIED.,.F.,
 .F.,(3,3),(0.,1.),.PIECEWISE_BEZIER_KNOTS.);
#145=B_SPLINE_CURVE_WITH_KNOTS('',2,(#5942,#5943,#5944),.UNSPECIFIED.,.F.,
 .F.,(3,3),(0.,1.),.PIECEWISE_BEZIER_KNOTS.);
#146=B_SPLINE_CURVE_WITH_KNOTS('',2,(#5972,#5973,#5974),.UNSPECIFIED.,.F.,
 .F.,(3,3),(0.,1.),.PIECEWISE_BEZIER_KNOTS.);
#147=B_SPLINE_CURVE_WITH_KNOTS('',2,(#5984,#5985,#5986),.UNSPECIFIED.,.F.,
 .F.,(3,3),(0.,1.),.PIECEWISE_BEZIER_KNOTS.);
#148=B_SPLINE_CURVE_WITH_KNOTS('',2,(#5988,#5989,#5990),.UNSPECIFIED.,.F.,
 .F.,(3,3),(0.,1.),.PIECEWISE_BEZIER_KNOTS.);
#149=B_SPLINE_CURVE_WITH_KNOTS('',2,(#5992,#5993,#5994),.UNSPECIFIED.,.F.,
 .F.,(3,3),(0.,1.),.PIECEWISE_BEZIER_KNOTS.);
#150=B_SPLINE_CURVE_WITH_KNOTS('',2,(#5996,#5997,#5998),.UNSPECIFIED.,.F.,
 .F.,(3,3),(0.,1.),.PIECEWISE_BEZIER_KNOTS.);
#151=B_SPLINE_CURVE_WITH_KNOTS('',2,(#6000,#6001,#6002),.UNSPECIFIED.,.F.,
 .F.,(3,3),(0.,1.),.PIECEWISE_BEZIER_KNOTS.);
#152=B_SPLINE_CURVE_WITH_KNOTS('',2,(#6010,#6011,#6012),.UNSPECIFIED.,.F.,
 .F.,(3,3),(0.,1.),.PIECEWISE_BEZIER_KNOTS.);
#153=B_SPLINE_CURVE_WITH_KNOTS('',2,(#6014,#6015,#6016),.UNSPECIFIED.,.F.,
 .F.,(3,3),(0.,1.),.PIECEWISE_BEZIER_KNOTS.);
#154=B_SPLINE_CURVE_WITH_KNOTS('',2,(#6018,#6019,#6020),.UNSPECIFIED.,.F.,
 .F.,(3,3),(0.,1.),.PIECEWISE_BEZIER_KNOTS.);
#155=B_SPLINE_CURVE_WITH_KNOTS('',2,(#6022,#6023,#6024),.UNSPECIFIED.,.F.,
 .F.,(3,3),(0.,1.),.PIECEWISE_BEZIER_KNOTS.);
#156=B_SPLINE_CURVE_WITH_KNOTS('',2,(#6026,#6027,#6028),.UNSPECIFIED.,.F.,
 .F.,(3,3),(0.,1.),.PIECEWISE_BEZIER_KNOTS.);
#157=B_SPLINE_CURVE_WITH_KNOTS('',2,(#6430,#6431,#6432),.UNSPECIFIED.,.F.,
 .F.,(3,3),(0.,1.),.PIECEWISE_BEZIER_KNOTS.);
#158=B_SPLINE_CURVE_WITH_KNOTS('',2,(#6443,#6444,#6445),.UNSPECIFIED.,.F.,
 .F.,(3,3),(0.,1.),.PIECEWISE_BEZIER_KNOTS.);
#159=B_SPLINE_CURVE_WITH_KNOTS('',2,(#6456,#6457,#6458),.UNSPECIFIED.,.F.,
 .F.,(3,3),(0.,1.),.PIECEWISE_BEZIER_KNOTS.);
#160=B_SPLINE_CURVE_WITH_KNOTS('',2,(#6469,#6470,#6471),.UNSPECIFIED.,.F.,
 .F.,(3,3),(0.,1.),.PIECEWISE_BEZIER_KNOTS.);
#161=B_SPLINE_CURVE_WITH_KNOTS('',2,(#6482,#6483,#6484),.UNSPECIFIED.,.F.,
 .F.,(3,3),(0.,1.),.PIECEWISE_BEZIER_KNOTS.);
#162=B_SPLINE_CURVE_WITH_KNOTS('',2,(#6507,#6508,#6509),.UNSPECIFIED.,.F.,
 .F.,(3,3),(0.,1.),.PIECEWISE_BEZIER_KNOTS.);
#163=B_SPLINE_CURVE_WITH_KNOTS('',2,(#6520,#6521,#6522),.UNSPECIFIED.,.F.,
 .F.,(3,3),(0.,1.),.PIECEWISE_BEZIER_KNOTS.);
#164=B_SPLINE_CURVE_WITH_KNOTS('',2,(#6533,#6534,#6535),.UNSPECIFIED.,.F.,
 .F.,(3,3),(0.,1.),.PIECEWISE_BEZIER_KNOTS.);
#165=B_SPLINE_CURVE_WITH_KNOTS('',2,(#6546,#6547,#6548),.UNSPECIFIED.,.F.,
 .F.,(3,3),(0.,1.),.PIECEWISE_BEZIER_KNOTS.);
#166=B_SPLINE_CURVE_WITH_KNOTS('',2,(#6559,#6560,#6561),.UNSPECIFIED.,.F.,
 .F.,(3,3),(0.,1.),.PIECEWISE_BEZIER_KNOTS.);
#167=B_SPLINE_CURVE_WITH_KNOTS('',2,(#6621,#6622,#6623),.UNSPECIFIED.,.F.,
 .F.,(3,3),(0.,1.),.PIECEWISE_BEZIER_KNOTS.);
#168=B_SPLINE_CURVE_WITH_KNOTS('',2,(#6655,#6656,#6657),.UNSPECIFIED.,.F.,
 .F.,(3,3),(0.,1.),.PIECEWISE_BEZIER_KNOTS.);
#169=B_SPLINE_CURVE_WITH_KNOTS('',2,(#6668,#6669,#6670),.UNSPECIFIED.,.F.,
 .F.,(3,3),(0.,1.),.PIECEWISE_BEZIER_KNOTS.);
#170=B_SPLINE_CURVE_WITH_KNOTS('',2,(#6681,#6682,#6683),.UNSPECIFIED.,.F.,
 .F.,(3,3),(0.,1.),.PIECEWISE_BEZIER_KNOTS.);
#171=B_SPLINE_CURVE_WITH_KNOTS('',2,(#6694,#6695,#6696),.UNSPECIFIED.,.F.,
 .F.,(3,3),(0.,1.),.PIECEWISE_BEZIER_KNOTS.);
#172=B_SPLINE_CURVE_WITH_KNOTS('',2,(#6707,#6708,#6709),.UNSPECIFIED.,.F.,
 .F.,(3,3),(0.,1.),.PIECEWISE_BEZIER_KNOTS.);
#173=B_SPLINE_CURVE_WITH_KNOTS('',2,(#6720,#6721,#6722),.UNSPECIFIED.,.F.,
 .F.,(3,3),(0.,1.),.PIECEWISE_BEZIER_KNOTS.);
#174=B_SPLINE_CURVE_WITH_KNOTS('',2,(#6733,#6734,#6735),.UNSPECIFIED.,.F.,
 .F.,(3,3),(0.,1.),.PIECEWISE_BEZIER_KNOTS.);
#175=B_SPLINE_CURVE_WITH_KNOTS('',2,(#6746,#6747,#6748),.UNSPECIFIED.,.F.,
 .F.,(3,3),(0.,1.),.PIECEWISE_BEZIER_KNOTS.);
#176=B_SPLINE_CURVE_WITH_KNOTS('',2,(#6767,#6768,#6769),.UNSPECIFIED.,.F.,
 .F.,(3,3),(0.,1.),.PIECEWISE_BEZIER_KNOTS.);
#177=B_SPLINE_CURVE_WITH_KNOTS('',2,(#6780,#6781,#6782),.UNSPECIFIED.,.F.,
 .F.,(3,3),(0.,1.),.PIECEWISE_BEZIER_KNOTS.);
#178=B_SPLINE_CURVE_WITH_KNOTS('',2,(#6793,#6794,#6795),.UNSPECIFIED.,.F.,
 .F.,(3,3),(0.,1.),.PIECEWISE_BEZIER_KNOTS.);
#179=B_SPLINE_CURVE_WITH_KNOTS('',2,(#6806,#6807,#6808),.UNSPECIFIED.,.F.,
 .F.,(3,3),(0.,1.),.PIECEWISE_BEZIER_KNOTS.);
#180=B_SPLINE_CURVE_WITH_KNOTS('',2,(#6819,#6820,#6821),.UNSPECIFIED.,.F.,
 .F.,(3,3),(0.,1.),.PIECEWISE_BEZIER_KNOTS.);
#181=B_SPLINE_CURVE_WITH_KNOTS('',2,(#6832,#6833,#6834),.UNSPECIFIED.,.F.,
 .F.,(3,3),(0.,1.),.PIECEWISE_BEZIER_KNOTS.);
#182=B_SPLINE_CURVE_WITH_KNOTS('',2,(#6845,#6846,#6847),.UNSPECIFIED.,.F.,
 .F.,(3,3),(0.,1.),.PIECEWISE_BEZIER_KNOTS.);
#183=CIRCLE('',#4505,0.005);
#184=CIRCLE('',#4506,0.005);
#185=CIRCLE('',#4508,0.0180017359145459);
#186=CIRCLE('',#4509,0.0896396136424161);
#187=CIRCLE('',#4513,0.005);
#188=CIRCLE('',#4514,0.005);
#189=CIRCLE('',#4516,0.005);
#190=CIRCLE('',#4517,0.005);
#191=CIRCLE('',#4520,0.005);
#192=CIRCLE('',#4521,0.005);
#193=CIRCLE('',#4524,0.00458257569495584);
#194=CIRCLE('',#4525,0.00458257569495584);
#195=CIRCLE('',#4526,0.00458257569495584);
#196=CIRCLE('',#4527,0.00458257569495584);
#197=CIRCLE('',#4530,0.00231951056134351);
#198=CIRCLE('',#4531,0.00231951056134351);
#199=CIRCLE('',#4535,0.00229797308090282);
#200=CIRCLE('',#4536,0.00229797308090282);
#201=CIRCLE('',#4628,0.0896396136424161);
#202=CIRCLE('',#4643,0.0180017359145459);
#203=CIRCLE('',#4648,0.00162969214249126);
#204=CIRCLE('',#4649,0.00162969214249126);
#205=CIRCLE('',#4650,0.00162969214249126);
#206=CIRCLE('',#4651,0.00162969214249126);
#207=CIRCLE('',#4653,0.00162969214249126);
#208=CIRCLE('',#4659,0.005);
#209=CIRCLE('',#4660,0.005);
#210=CIRCLE('',#4662,0.005);
#211=CIRCLE('',#4664,0.005);
#212=CIRCLE('',#4666,0.005);
#213=CIRCLE('',#4668,0.005);
#214=CIRCLE('',#4670,0.005);
#215=CIRCLE('',#4672,0.005);
#216=CIRCLE('',#4680,0.00231876757267193);
#217=CIRCLE('',#4681,0.00231876757267193);
#218=CIRCLE('',#4684,0.00230365614913953);
#219=CIRCLE('',#4686,0.00230365614913953);
#220=CIRCLE('',#4694,0.00162969214249126);
#221=CIRCLE('',#4697,0.00162969214249126);
#222=CIRCLE('',#4700,0.00162969214249126);
#223=CYLINDRICAL_SURFACE('',#4504,0.005);
#224=CYLINDRICAL_SURFACE('',#4512,0.005);
#225=CYLINDRICAL_SURFACE('',#4515,0.005);
#226=CYLINDRICAL_SURFACE('',#4519,0.005);
#227=CYLINDRICAL_SURFACE('',#4529,0.00231951056134351);
#228=CYLINDRICAL_SURFACE('',#4534,0.00229797308090282);
#229=CYLINDRICAL_SURFACE('',#4627,0.0896396136424161);
#230=CYLINDRICAL_SURFACE('',#4642,0.0180017359145459);
#231=CYLINDRICAL_SURFACE('',#4654,0.00162969214249126);
#232=CYLINDRICAL_SURFACE('',#4658,0.005);
#233=CYLINDRICAL_SURFACE('',#4665,0.005);
#234=CYLINDRICAL_SURFACE('',#4667,0.005);
#235=CYLINDRICAL_SURFACE('',#4673,0.005);
#236=CYLINDRICAL_SURFACE('',#4679,0.00231876757267193);
#237=CYLINDRICAL_SURFACE('',#4685,0.00230365614913953);
#238=CYLINDRICAL_SURFACE('',#4695,0.00162969214249126);
#239=CYLINDRICAL_SURFACE('',#4698,0.00162969214249126);
#240=CYLINDRICAL_SURFACE('',#4701,0.00162969214249126);
#241=ORIENTED_EDGE('',*,*,#1315,.F.);
#242=ORIENTED_EDGE('',*,*,#1316,.T.);
#243=ORIENTED_EDGE('',*,*,#1317,.T.);
#244=ORIENTED_EDGE('',*,*,#1318,.T.);
#245=ORIENTED_EDGE('',*,*,#1319,.F.);
#246=ORIENTED_EDGE('',*,*,#1320,.F.);
#247=ORIENTED_EDGE('',*,*,#1321,.T.);
#248=ORIENTED_EDGE('',*,*,#1322,.T.);
#249=ORIENTED_EDGE('',*,*,#1323,.F.);
#250=ORIENTED_EDGE('',*,*,#1324,.F.);
#251=ORIENTED_EDGE('',*,*,#1325,.T.);
#252=ORIENTED_EDGE('',*,*,#1326,.T.);
#253=ORIENTED_EDGE('',*,*,#1327,.F.);
#254=ORIENTED_EDGE('',*,*,#1328,.F.);
#255=ORIENTED_EDGE('',*,*,#1329,.T.);
#256=ORIENTED_EDGE('',*,*,#1330,.T.);
#257=ORIENTED_EDGE('',*,*,#1331,.F.);
#258=ORIENTED_EDGE('',*,*,#1332,.F.);
#259=ORIENTED_EDGE('',*,*,#1333,.T.);
#260=ORIENTED_EDGE('',*,*,#1334,.T.);
#261=ORIENTED_EDGE('',*,*,#1335,.F.);
#262=ORIENTED_EDGE('',*,*,#1336,.F.);
#263=ORIENTED_EDGE('',*,*,#1337,.T.);
#264=ORIENTED_EDGE('',*,*,#1338,.T.);
#265=ORIENTED_EDGE('',*,*,#1339,.F.);
#266=ORIENTED_EDGE('',*,*,#1340,.F.);
#267=ORIENTED_EDGE('',*,*,#1341,.T.);
#268=ORIENTED_EDGE('',*,*,#1342,.T.);
#269=ORIENTED_EDGE('',*,*,#1343,.F.);
#270=ORIENTED_EDGE('',*,*,#1344,.F.);
#271=ORIENTED_EDGE('',*,*,#1345,.T.);
#272=ORIENTED_EDGE('',*,*,#1346,.T.);
#273=ORIENTED_EDGE('',*,*,#1347,.F.);
#274=ORIENTED_EDGE('',*,*,#1348,.F.);
#275=ORIENTED_EDGE('',*,*,#1349,.T.);
#276=ORIENTED_EDGE('',*,*,#1350,.T.);
#277=ORIENTED_EDGE('',*,*,#1351,.F.);
#278=ORIENTED_EDGE('',*,*,#1352,.F.);
#279=ORIENTED_EDGE('',*,*,#1353,.T.);
#280=ORIENTED_EDGE('',*,*,#1354,.T.);
#281=ORIENTED_EDGE('',*,*,#1355,.F.);
#282=ORIENTED_EDGE('',*,*,#1356,.F.);
#283=ORIENTED_EDGE('',*,*,#1357,.F.);
#284=ORIENTED_EDGE('',*,*,#1358,.T.);
#285=ORIENTED_EDGE('',*,*,#1359,.T.);
#286=ORIENTED_EDGE('',*,*,#1360,.T.);
#287=ORIENTED_EDGE('',*,*,#1361,.F.);
#288=ORIENTED_EDGE('',*,*,#1362,.F.);
#289=ORIENTED_EDGE('',*,*,#1363,.T.);
#290=ORIENTED_EDGE('',*,*,#1364,.T.);
#291=ORIENTED_EDGE('',*,*,#1365,.F.);
#292=ORIENTED_EDGE('',*,*,#1366,.T.);
#293=ORIENTED_EDGE('',*,*,#1367,.T.);
#294=ORIENTED_EDGE('',*,*,#1368,.T.);
#295=ORIENTED_EDGE('',*,*,#1369,.F.);
#296=ORIENTED_EDGE('',*,*,#1370,.F.);
#297=ORIENTED_EDGE('',*,*,#1371,.F.);
#298=ORIENTED_EDGE('',*,*,#1372,.F.);
#299=ORIENTED_EDGE('',*,*,#1373,.F.);
#300=ORIENTED_EDGE('',*,*,#1365,.T.);
#301=ORIENTED_EDGE('',*,*,#1374,.F.);
#302=ORIENTED_EDGE('',*,*,#1375,.F.);
#303=ORIENTED_EDGE('',*,*,#1376,.F.);
#304=ORIENTED_EDGE('',*,*,#1377,.T.);
#305=ORIENTED_EDGE('',*,*,#1378,.F.);
#306=ORIENTED_EDGE('',*,*,#1379,.F.);
#307=ORIENTED_EDGE('',*,*,#1380,.T.);
#308=ORIENTED_EDGE('',*,*,#1381,.F.);
#309=ORIENTED_EDGE('',*,*,#1382,.F.);
#310=ORIENTED_EDGE('',*,*,#1383,.F.);
#311=ORIENTED_EDGE('',*,*,#1384,.T.);
#312=ORIENTED_EDGE('',*,*,#1385,.T.);
#313=ORIENTED_EDGE('',*,*,#1386,.F.);
#314=ORIENTED_EDGE('',*,*,#1387,.T.);
#315=ORIENTED_EDGE('',*,*,#1388,.F.);
#316=ORIENTED_EDGE('',*,*,#1384,.F.);
#317=ORIENTED_EDGE('',*,*,#1389,.F.);
#318=ORIENTED_EDGE('',*,*,#1383,.T.);
#319=ORIENTED_EDGE('',*,*,#1390,.F.);
#320=ORIENTED_EDGE('',*,*,#1363,.F.);
#321=ORIENTED_EDGE('',*,*,#1391,.F.);
#322=ORIENTED_EDGE('',*,*,#1392,.T.);
#323=ORIENTED_EDGE('',*,*,#1386,.T.);
#324=ORIENTED_EDGE('',*,*,#1393,.T.);
#325=ORIENTED_EDGE('',*,*,#1392,.F.);
#326=ORIENTED_EDGE('',*,*,#1394,.T.);
#327=ORIENTED_EDGE('',*,*,#1319,.T.);
#328=ORIENTED_EDGE('',*,*,#1395,.T.);
#329=ORIENTED_EDGE('',*,*,#1381,.T.);
#330=ORIENTED_EDGE('',*,*,#1396,.F.);
#331=ORIENTED_EDGE('',*,*,#1397,.F.);
#332=ORIENTED_EDGE('',*,*,#1359,.F.);
#333=ORIENTED_EDGE('',*,*,#1398,.F.);
#334=ORIENTED_EDGE('',*,*,#1399,.T.);
#335=ORIENTED_EDGE('',*,*,#1400,.T.);
#336=ORIENTED_EDGE('',*,*,#1401,.T.);
#337=ORIENTED_EDGE('',*,*,#1399,.F.);
#338=ORIENTED_EDGE('',*,*,#1402,.T.);
#339=ORIENTED_EDGE('',*,*,#1403,.T.);
#340=ORIENTED_EDGE('',*,*,#1404,.T.);
#341=ORIENTED_EDGE('',*,*,#1400,.F.);
#342=ORIENTED_EDGE('',*,*,#1405,.T.);
#343=ORIENTED_EDGE('',*,*,#1406,.T.);
#344=ORIENTED_EDGE('',*,*,#1407,.T.);
#345=ORIENTED_EDGE('',*,*,#1408,.F.);
#346=ORIENTED_EDGE('',*,*,#1409,.T.);
#347=ORIENTED_EDGE('',*,*,#1410,.F.);
#348=ORIENTED_EDGE('',*,*,#1411,.T.);
#349=ORIENTED_EDGE('',*,*,#1412,.T.);
#350=ORIENTED_EDGE('',*,*,#1413,.F.);
#351=ORIENTED_EDGE('',*,*,#1414,.F.);
#352=ORIENTED_EDGE('',*,*,#1415,.T.);
#353=ORIENTED_EDGE('',*,*,#1416,.T.);
#354=ORIENTED_EDGE('',*,*,#1417,.F.);
#355=ORIENTED_EDGE('',*,*,#1418,.F.);
#356=ORIENTED_EDGE('',*,*,#1419,.T.);
#357=ORIENTED_EDGE('',*,*,#1420,.T.);
#358=ORIENTED_EDGE('',*,*,#1421,.F.);
#359=ORIENTED_EDGE('',*,*,#1422,.F.);
#360=ORIENTED_EDGE('',*,*,#1423,.T.);
#361=ORIENTED_EDGE('',*,*,#1424,.T.);
#362=ORIENTED_EDGE('',*,*,#1425,.F.);
#363=ORIENTED_EDGE('',*,*,#1426,.F.);
#364=ORIENTED_EDGE('',*,*,#1427,.T.);
#365=ORIENTED_EDGE('',*,*,#1428,.T.);
#366=ORIENTED_EDGE('',*,*,#1429,.F.);
#367=ORIENTED_EDGE('',*,*,#1430,.F.);
#368=ORIENTED_EDGE('',*,*,#1431,.T.);
#369=ORIENTED_EDGE('',*,*,#1432,.T.);
#370=ORIENTED_EDGE('',*,*,#1433,.F.);
#371=ORIENTED_EDGE('',*,*,#1434,.F.);
#372=ORIENTED_EDGE('',*,*,#1435,.T.);
#373=ORIENTED_EDGE('',*,*,#1436,.T.);
#374=ORIENTED_EDGE('',*,*,#1437,.F.);
#375=ORIENTED_EDGE('',*,*,#1438,.F.);
#376=ORIENTED_EDGE('',*,*,#1439,.T.);
#377=ORIENTED_EDGE('',*,*,#1440,.T.);
#378=ORIENTED_EDGE('',*,*,#1441,.F.);
#379=ORIENTED_EDGE('',*,*,#1442,.F.);
#380=ORIENTED_EDGE('',*,*,#1443,.T.);
#381=ORIENTED_EDGE('',*,*,#1444,.T.);
#382=ORIENTED_EDGE('',*,*,#1445,.F.);
#383=ORIENTED_EDGE('',*,*,#1372,.T.);
#384=ORIENTED_EDGE('',*,*,#1446,.T.);
#385=ORIENTED_EDGE('',*,*,#1403,.F.);
#386=ORIENTED_EDGE('',*,*,#1447,.T.);
#387=ORIENTED_EDGE('',*,*,#1448,.T.);
#388=ORIENTED_EDGE('',*,*,#1449,.T.);
#389=ORIENTED_EDGE('',*,*,#1406,.F.);
#390=ORIENTED_EDGE('',*,*,#1450,.T.);
#391=ORIENTED_EDGE('',*,*,#1451,.T.);
#392=ORIENTED_EDGE('',*,*,#1452,.T.);
#393=ORIENTED_EDGE('',*,*,#1448,.F.);
#394=ORIENTED_EDGE('',*,*,#1453,.T.);
#395=ORIENTED_EDGE('',*,*,#1454,.T.);
#396=ORIENTED_EDGE('',*,*,#1455,.T.);
#397=ORIENTED_EDGE('',*,*,#1451,.F.);
#398=ORIENTED_EDGE('',*,*,#1456,.T.);
#399=ORIENTED_EDGE('',*,*,#1457,.T.);
#400=ORIENTED_EDGE('',*,*,#1458,.T.);
#401=ORIENTED_EDGE('',*,*,#1459,.T.);
#402=ORIENTED_EDGE('',*,*,#1460,.T.);
#403=ORIENTED_EDGE('',*,*,#1461,.T.);
#404=ORIENTED_EDGE('',*,*,#1462,.T.);
#405=ORIENTED_EDGE('',*,*,#1463,.T.);
#406=ORIENTED_EDGE('',*,*,#1464,.T.);
#407=ORIENTED_EDGE('',*,*,#1465,.T.);
#408=ORIENTED_EDGE('',*,*,#1466,.T.);
#409=ORIENTED_EDGE('',*,*,#1467,.T.);
#410=ORIENTED_EDGE('',*,*,#1468,.T.);
#411=ORIENTED_EDGE('',*,*,#1469,.T.);
#412=ORIENTED_EDGE('',*,*,#1470,.T.);
#413=ORIENTED_EDGE('',*,*,#1471,.T.);
#414=ORIENTED_EDGE('',*,*,#1472,.T.);
#415=ORIENTED_EDGE('',*,*,#1473,.T.);
#416=ORIENTED_EDGE('',*,*,#1474,.T.);
#417=ORIENTED_EDGE('',*,*,#1475,.T.);
#418=ORIENTED_EDGE('',*,*,#1476,.T.);
#419=ORIENTED_EDGE('',*,*,#1477,.T.);
#420=ORIENTED_EDGE('',*,*,#1478,.T.);
#421=ORIENTED_EDGE('',*,*,#1479,.T.);
#422=ORIENTED_EDGE('',*,*,#1480,.T.);
#423=ORIENTED_EDGE('',*,*,#1481,.T.);
#424=ORIENTED_EDGE('',*,*,#1482,.T.);
#425=ORIENTED_EDGE('',*,*,#1483,.T.);
#426=ORIENTED_EDGE('',*,*,#1484,.T.);
#427=ORIENTED_EDGE('',*,*,#1485,.T.);
#428=ORIENTED_EDGE('',*,*,#1486,.T.);
#429=ORIENTED_EDGE('',*,*,#1487,.T.);
#430=ORIENTED_EDGE('',*,*,#1488,.T.);
#431=ORIENTED_EDGE('',*,*,#1489,.T.);
#432=ORIENTED_EDGE('',*,*,#1490,.T.);
#433=ORIENTED_EDGE('',*,*,#1491,.T.);
#434=ORIENTED_EDGE('',*,*,#1492,.T.);
#435=ORIENTED_EDGE('',*,*,#1493,.T.);
#436=ORIENTED_EDGE('',*,*,#1494,.T.);
#437=ORIENTED_EDGE('',*,*,#1495,.T.);
#438=ORIENTED_EDGE('',*,*,#1496,.T.);
#439=ORIENTED_EDGE('',*,*,#1497,.T.);
#440=ORIENTED_EDGE('',*,*,#1498,.T.);
#441=ORIENTED_EDGE('',*,*,#1499,.T.);
#442=ORIENTED_EDGE('',*,*,#1500,.T.);
#443=ORIENTED_EDGE('',*,*,#1501,.T.);
#444=ORIENTED_EDGE('',*,*,#1502,.T.);
#445=ORIENTED_EDGE('',*,*,#1503,.T.);
#446=ORIENTED_EDGE('',*,*,#1504,.T.);
#447=ORIENTED_EDGE('',*,*,#1505,.T.);
#448=ORIENTED_EDGE('',*,*,#1506,.T.);
#449=ORIENTED_EDGE('',*,*,#1507,.T.);
#450=ORIENTED_EDGE('',*,*,#1508,.T.);
#451=ORIENTED_EDGE('',*,*,#1509,.T.);
#452=ORIENTED_EDGE('',*,*,#1510,.T.);
#453=ORIENTED_EDGE('',*,*,#1511,.T.);
#454=ORIENTED_EDGE('',*,*,#1512,.T.);
#455=ORIENTED_EDGE('',*,*,#1513,.T.);
#456=ORIENTED_EDGE('',*,*,#1514,.T.);
#457=ORIENTED_EDGE('',*,*,#1515,.T.);
#458=ORIENTED_EDGE('',*,*,#1516,.T.);
#459=ORIENTED_EDGE('',*,*,#1517,.T.);
#460=ORIENTED_EDGE('',*,*,#1518,.T.);
#461=ORIENTED_EDGE('',*,*,#1519,.T.);
#462=ORIENTED_EDGE('',*,*,#1520,.T.);
#463=ORIENTED_EDGE('',*,*,#1521,.T.);
#464=ORIENTED_EDGE('',*,*,#1522,.T.);
#465=ORIENTED_EDGE('',*,*,#1523,.T.);
#466=ORIENTED_EDGE('',*,*,#1524,.T.);
#467=ORIENTED_EDGE('',*,*,#1525,.T.);
#468=ORIENTED_EDGE('',*,*,#1526,.T.);
#469=ORIENTED_EDGE('',*,*,#1527,.T.);
#470=ORIENTED_EDGE('',*,*,#1528,.T.);
#471=ORIENTED_EDGE('',*,*,#1529,.T.);
#472=ORIENTED_EDGE('',*,*,#1530,.F.);
#473=ORIENTED_EDGE('',*,*,#1454,.F.);
#474=ORIENTED_EDGE('',*,*,#1531,.F.);
#475=ORIENTED_EDGE('',*,*,#1532,.T.);
#476=ORIENTED_EDGE('',*,*,#1533,.F.);
#477=ORIENTED_EDGE('',*,*,#1529,.F.);
#478=ORIENTED_EDGE('',*,*,#1534,.F.);
#479=ORIENTED_EDGE('',*,*,#1535,.T.);
#480=ORIENTED_EDGE('',*,*,#1532,.F.);
#481=ORIENTED_EDGE('',*,*,#1536,.T.);
#482=ORIENTED_EDGE('',*,*,#1537,.T.);
#483=ORIENTED_EDGE('',*,*,#1375,.T.);
#484=ORIENTED_EDGE('',*,*,#1538,.T.);
#485=ORIENTED_EDGE('',*,*,#1537,.F.);
#486=ORIENTED_EDGE('',*,*,#1539,.T.);
#487=ORIENTED_EDGE('',*,*,#1540,.T.);
#488=ORIENTED_EDGE('',*,*,#1541,.T.);
#489=ORIENTED_EDGE('',*,*,#1377,.F.);
#490=ORIENTED_EDGE('',*,*,#1542,.T.);
#491=ORIENTED_EDGE('',*,*,#1543,.T.);
#492=ORIENTED_EDGE('',*,*,#1544,.T.);
#493=ORIENTED_EDGE('',*,*,#1540,.F.);
#494=ORIENTED_EDGE('',*,*,#1545,.T.);
#495=ORIENTED_EDGE('',*,*,#1546,.F.);
#496=ORIENTED_EDGE('',*,*,#1547,.F.);
#497=ORIENTED_EDGE('',*,*,#1548,.F.);
#498=ORIENTED_EDGE('',*,*,#1549,.F.);
#499=ORIENTED_EDGE('',*,*,#1550,.F.);
#500=ORIENTED_EDGE('',*,*,#1551,.F.);
#501=ORIENTED_EDGE('',*,*,#1552,.F.);
#502=ORIENTED_EDGE('',*,*,#1553,.F.);
#503=ORIENTED_EDGE('',*,*,#1554,.F.);
#504=ORIENTED_EDGE('',*,*,#1555,.F.);
#505=ORIENTED_EDGE('',*,*,#1556,.F.);
#506=ORIENTED_EDGE('',*,*,#1557,.F.);
#507=ORIENTED_EDGE('',*,*,#1558,.F.);
#508=ORIENTED_EDGE('',*,*,#1559,.F.);
#509=ORIENTED_EDGE('',*,*,#1560,.F.);
#510=ORIENTED_EDGE('',*,*,#1561,.F.);
#511=ORIENTED_EDGE('',*,*,#1562,.T.);
#512=ORIENTED_EDGE('',*,*,#1563,.T.);
#513=ORIENTED_EDGE('',*,*,#1564,.T.);
#514=ORIENTED_EDGE('',*,*,#1543,.F.);
#515=ORIENTED_EDGE('',*,*,#1565,.T.);
#516=ORIENTED_EDGE('',*,*,#1408,.T.);
#517=ORIENTED_EDGE('',*,*,#1566,.T.);
#518=ORIENTED_EDGE('',*,*,#1567,.T.);
#519=ORIENTED_EDGE('',*,*,#1568,.F.);
#520=ORIENTED_EDGE('',*,*,#1361,.T.);
#521=ORIENTED_EDGE('',*,*,#1569,.T.);
#522=ORIENTED_EDGE('',*,*,#1317,.F.);
#523=ORIENTED_EDGE('',*,*,#1570,.F.);
#524=ORIENTED_EDGE('',*,*,#1571,.F.);
#525=ORIENTED_EDGE('',*,*,#1572,.F.);
#526=ORIENTED_EDGE('',*,*,#1573,.F.);
#527=ORIENTED_EDGE('',*,*,#1574,.F.);
#528=ORIENTED_EDGE('',*,*,#1575,.F.);
#529=ORIENTED_EDGE('',*,*,#1576,.F.);
#530=ORIENTED_EDGE('',*,*,#1577,.F.);
#531=ORIENTED_EDGE('',*,*,#1578,.F.);
#532=ORIENTED_EDGE('',*,*,#1579,.F.);
#533=ORIENTED_EDGE('',*,*,#1580,.F.);
#534=ORIENTED_EDGE('',*,*,#1581,.F.);
#535=ORIENTED_EDGE('',*,*,#1582,.T.);
#536=ORIENTED_EDGE('',*,*,#1583,.T.);
#537=ORIENTED_EDGE('',*,*,#1584,.T.);
#538=ORIENTED_EDGE('',*,*,#1585,.T.);
#539=ORIENTED_EDGE('',*,*,#1586,.T.);
#540=ORIENTED_EDGE('',*,*,#1587,.T.);
#541=ORIENTED_EDGE('',*,*,#1588,.T.);
#542=ORIENTED_EDGE('',*,*,#1589,.T.);
#543=ORIENTED_EDGE('',*,*,#1409,.F.);
#544=ORIENTED_EDGE('',*,*,#1565,.F.);
#545=ORIENTED_EDGE('',*,*,#1545,.F.);
#546=ORIENTED_EDGE('',*,*,#1542,.F.);
#547=ORIENTED_EDGE('',*,*,#1376,.T.);
#548=ORIENTED_EDGE('',*,*,#1539,.F.);
#549=ORIENTED_EDGE('',*,*,#1536,.F.);
#550=ORIENTED_EDGE('',*,*,#1534,.T.);
#551=ORIENTED_EDGE('',*,*,#1531,.T.);
#552=ORIENTED_EDGE('',*,*,#1456,.F.);
#553=ORIENTED_EDGE('',*,*,#1453,.F.);
#554=ORIENTED_EDGE('',*,*,#1450,.F.);
#555=ORIENTED_EDGE('',*,*,#1590,.F.);
#556=ORIENTED_EDGE('',*,*,#1379,.T.);
#557=ORIENTED_EDGE('',*,*,#1591,.F.);
#558=ORIENTED_EDGE('',*,*,#1592,.F.);
#559=ORIENTED_EDGE('',*,*,#1593,.T.);
#560=ORIENTED_EDGE('',*,*,#1594,.T.);
#561=ORIENTED_EDGE('',*,*,#1592,.T.);
#562=ORIENTED_EDGE('',*,*,#1595,.T.);
#563=ORIENTED_EDGE('',*,*,#1315,.T.);
#564=ORIENTED_EDGE('',*,*,#1596,.T.);
#565=ORIENTED_EDGE('',*,*,#1593,.F.);
#566=ORIENTED_EDGE('',*,*,#1596,.F.);
#567=ORIENTED_EDGE('',*,*,#1320,.T.);
#568=ORIENTED_EDGE('',*,*,#1396,.T.);
#569=ORIENTED_EDGE('',*,*,#1380,.F.);
#570=ORIENTED_EDGE('',*,*,#1590,.T.);
#571=ORIENTED_EDGE('',*,*,#1597,.T.);
#572=ORIENTED_EDGE('',*,*,#1598,.T.);
#573=ORIENTED_EDGE('',*,*,#1567,.F.);
#574=ORIENTED_EDGE('',*,*,#1599,.F.);
#575=ORIENTED_EDGE('',*,*,#1600,.F.);
#576=ORIENTED_EDGE('',*,*,#1601,.F.);
#577=ORIENTED_EDGE('',*,*,#1600,.T.);
#578=ORIENTED_EDGE('',*,*,#1602,.T.);
#579=ORIENTED_EDGE('',*,*,#1357,.T.);
#580=ORIENTED_EDGE('',*,*,#1603,.T.);
#581=ORIENTED_EDGE('',*,*,#1597,.F.);
#582=ORIENTED_EDGE('',*,*,#1603,.F.);
#583=ORIENTED_EDGE('',*,*,#1362,.T.);
#584=ORIENTED_EDGE('',*,*,#1568,.T.);
#585=ORIENTED_EDGE('',*,*,#1601,.T.);
#586=ORIENTED_EDGE('',*,*,#1604,.F.);
#587=ORIENTED_EDGE('',*,*,#1560,.T.);
#588=ORIENTED_EDGE('',*,*,#1605,.T.);
#589=ORIENTED_EDGE('',*,*,#1368,.F.);
#590=ORIENTED_EDGE('',*,*,#1369,.T.);
#591=ORIENTED_EDGE('',*,*,#1605,.F.);
#592=ORIENTED_EDGE('',*,*,#1563,.F.);
#593=ORIENTED_EDGE('',*,*,#1606,.T.);
#594=ORIENTED_EDGE('',*,*,#1370,.T.);
#595=ORIENTED_EDGE('',*,*,#1606,.F.);
#596=ORIENTED_EDGE('',*,*,#1562,.F.);
#597=ORIENTED_EDGE('',*,*,#1607,.T.);
#598=ORIENTED_EDGE('',*,*,#1607,.F.);
#599=ORIENTED_EDGE('',*,*,#1561,.T.);
#600=ORIENTED_EDGE('',*,*,#1604,.T.);
#601=ORIENTED_EDGE('',*,*,#1367,.F.);
#602=ORIENTED_EDGE('',*,*,#1608,.T.);
#603=ORIENTED_EDGE('',*,*,#1570,.T.);
#604=ORIENTED_EDGE('',*,*,#1609,.F.);
#605=ORIENTED_EDGE('',*,*,#1518,.F.);
#606=ORIENTED_EDGE('',*,*,#1609,.T.);
#607=ORIENTED_EDGE('',*,*,#1581,.T.);
#608=ORIENTED_EDGE('',*,*,#1610,.F.);
#609=ORIENTED_EDGE('',*,*,#1519,.F.);
#610=ORIENTED_EDGE('',*,*,#1610,.T.);
#611=ORIENTED_EDGE('',*,*,#1580,.T.);
#612=ORIENTED_EDGE('',*,*,#1611,.F.);
#613=ORIENTED_EDGE('',*,*,#1520,.F.);
#614=ORIENTED_EDGE('',*,*,#1611,.T.);
#615=ORIENTED_EDGE('',*,*,#1579,.T.);
#616=ORIENTED_EDGE('',*,*,#1612,.F.);
#617=ORIENTED_EDGE('',*,*,#1521,.F.);
#618=ORIENTED_EDGE('',*,*,#1612,.T.);
#619=ORIENTED_EDGE('',*,*,#1578,.T.);
#620=ORIENTED_EDGE('',*,*,#1613,.F.);
#621=ORIENTED_EDGE('',*,*,#1522,.F.);
#622=ORIENTED_EDGE('',*,*,#1613,.T.);
#623=ORIENTED_EDGE('',*,*,#1577,.T.);
#624=ORIENTED_EDGE('',*,*,#1614,.F.);
#625=ORIENTED_EDGE('',*,*,#1523,.F.);
#626=ORIENTED_EDGE('',*,*,#1614,.T.);
#627=ORIENTED_EDGE('',*,*,#1576,.T.);
#628=ORIENTED_EDGE('',*,*,#1615,.F.);
#629=ORIENTED_EDGE('',*,*,#1524,.F.);
#630=ORIENTED_EDGE('',*,*,#1615,.T.);
#631=ORIENTED_EDGE('',*,*,#1575,.T.);
#632=ORIENTED_EDGE('',*,*,#1616,.F.);
#633=ORIENTED_EDGE('',*,*,#1525,.F.);
#634=ORIENTED_EDGE('',*,*,#1616,.T.);
#635=ORIENTED_EDGE('',*,*,#1574,.T.);
#636=ORIENTED_EDGE('',*,*,#1617,.F.);
#637=ORIENTED_EDGE('',*,*,#1526,.F.);
#638=ORIENTED_EDGE('',*,*,#1617,.T.);
#639=ORIENTED_EDGE('',*,*,#1573,.T.);
#640=ORIENTED_EDGE('',*,*,#1618,.F.);
#641=ORIENTED_EDGE('',*,*,#1527,.F.);
#642=ORIENTED_EDGE('',*,*,#1618,.T.);
#643=ORIENTED_EDGE('',*,*,#1572,.T.);
#644=ORIENTED_EDGE('',*,*,#1619,.F.);
#645=ORIENTED_EDGE('',*,*,#1528,.F.);
#646=ORIENTED_EDGE('',*,*,#1619,.T.);
#647=ORIENTED_EDGE('',*,*,#1571,.T.);
#648=ORIENTED_EDGE('',*,*,#1608,.F.);
#649=ORIENTED_EDGE('',*,*,#1517,.F.);
#650=ORIENTED_EDGE('',*,*,#1620,.T.);
#651=ORIENTED_EDGE('',*,*,#1411,.F.);
#652=ORIENTED_EDGE('',*,*,#1621,.F.);
#653=ORIENTED_EDGE('',*,*,#1322,.F.);
#654=ORIENTED_EDGE('',*,*,#1323,.T.);
#655=ORIENTED_EDGE('',*,*,#1621,.T.);
#656=ORIENTED_EDGE('',*,*,#1410,.T.);
#657=ORIENTED_EDGE('',*,*,#1622,.F.);
#658=ORIENTED_EDGE('',*,*,#1324,.T.);
#659=ORIENTED_EDGE('',*,*,#1622,.T.);
#660=ORIENTED_EDGE('',*,*,#1413,.T.);
#661=ORIENTED_EDGE('',*,*,#1623,.F.);
#662=ORIENTED_EDGE('',*,*,#1623,.T.);
#663=ORIENTED_EDGE('',*,*,#1412,.F.);
#664=ORIENTED_EDGE('',*,*,#1620,.F.);
#665=ORIENTED_EDGE('',*,*,#1321,.F.);
#666=ORIENTED_EDGE('',*,*,#1624,.T.);
#667=ORIENTED_EDGE('',*,*,#1415,.F.);
#668=ORIENTED_EDGE('',*,*,#1625,.F.);
#669=ORIENTED_EDGE('',*,*,#1326,.F.);
#670=ORIENTED_EDGE('',*,*,#1327,.T.);
#671=ORIENTED_EDGE('',*,*,#1625,.T.);
#672=ORIENTED_EDGE('',*,*,#1414,.T.);
#673=ORIENTED_EDGE('',*,*,#1626,.F.);
#674=ORIENTED_EDGE('',*,*,#1328,.T.);
#675=ORIENTED_EDGE('',*,*,#1626,.T.);
#676=ORIENTED_EDGE('',*,*,#1417,.T.);
#677=ORIENTED_EDGE('',*,*,#1627,.F.);
#678=ORIENTED_EDGE('',*,*,#1627,.T.);
#679=ORIENTED_EDGE('',*,*,#1416,.F.);
#680=ORIENTED_EDGE('',*,*,#1624,.F.);
#681=ORIENTED_EDGE('',*,*,#1325,.F.);
#682=ORIENTED_EDGE('',*,*,#1628,.T.);
#683=ORIENTED_EDGE('',*,*,#1419,.F.);
#684=ORIENTED_EDGE('',*,*,#1629,.F.);
#685=ORIENTED_EDGE('',*,*,#1330,.F.);
#686=ORIENTED_EDGE('',*,*,#1331,.T.);
#687=ORIENTED_EDGE('',*,*,#1629,.T.);
#688=ORIENTED_EDGE('',*,*,#1418,.T.);
#689=ORIENTED_EDGE('',*,*,#1630,.F.);
#690=ORIENTED_EDGE('',*,*,#1332,.T.);
#691=ORIENTED_EDGE('',*,*,#1630,.T.);
#692=ORIENTED_EDGE('',*,*,#1421,.T.);
#693=ORIENTED_EDGE('',*,*,#1631,.F.);
#694=ORIENTED_EDGE('',*,*,#1631,.T.);
#695=ORIENTED_EDGE('',*,*,#1420,.F.);
#696=ORIENTED_EDGE('',*,*,#1628,.F.);
#697=ORIENTED_EDGE('',*,*,#1329,.F.);
#698=ORIENTED_EDGE('',*,*,#1632,.T.);
#699=ORIENTED_EDGE('',*,*,#1423,.F.);
#700=ORIENTED_EDGE('',*,*,#1633,.F.);
#701=ORIENTED_EDGE('',*,*,#1334,.F.);
#702=ORIENTED_EDGE('',*,*,#1335,.T.);
#703=ORIENTED_EDGE('',*,*,#1633,.T.);
#704=ORIENTED_EDGE('',*,*,#1422,.T.);
#705=ORIENTED_EDGE('',*,*,#1634,.F.);
#706=ORIENTED_EDGE('',*,*,#1336,.T.);
#707=ORIENTED_EDGE('',*,*,#1634,.T.);
#708=ORIENTED_EDGE('',*,*,#1425,.T.);
#709=ORIENTED_EDGE('',*,*,#1635,.F.);
#710=ORIENTED_EDGE('',*,*,#1635,.T.);
#711=ORIENTED_EDGE('',*,*,#1424,.F.);
#712=ORIENTED_EDGE('',*,*,#1632,.F.);
#713=ORIENTED_EDGE('',*,*,#1333,.F.);
#714=ORIENTED_EDGE('',*,*,#1636,.T.);
#715=ORIENTED_EDGE('',*,*,#1427,.F.);
#716=ORIENTED_EDGE('',*,*,#1637,.F.);
#717=ORIENTED_EDGE('',*,*,#1338,.F.);
#718=ORIENTED_EDGE('',*,*,#1339,.T.);
#719=ORIENTED_EDGE('',*,*,#1637,.T.);
#720=ORIENTED_EDGE('',*,*,#1426,.T.);
#721=ORIENTED_EDGE('',*,*,#1638,.F.);
#722=ORIENTED_EDGE('',*,*,#1340,.T.);
#723=ORIENTED_EDGE('',*,*,#1638,.T.);
#724=ORIENTED_EDGE('',*,*,#1429,.T.);
#725=ORIENTED_EDGE('',*,*,#1639,.F.);
#726=ORIENTED_EDGE('',*,*,#1639,.T.);
#727=ORIENTED_EDGE('',*,*,#1428,.F.);
#728=ORIENTED_EDGE('',*,*,#1636,.F.);
#729=ORIENTED_EDGE('',*,*,#1337,.F.);
#730=ORIENTED_EDGE('',*,*,#1640,.T.);
#731=ORIENTED_EDGE('',*,*,#1431,.F.);
#732=ORIENTED_EDGE('',*,*,#1641,.F.);
#733=ORIENTED_EDGE('',*,*,#1342,.F.);
#734=ORIENTED_EDGE('',*,*,#1343,.T.);
#735=ORIENTED_EDGE('',*,*,#1641,.T.);
#736=ORIENTED_EDGE('',*,*,#1430,.T.);
#737=ORIENTED_EDGE('',*,*,#1642,.F.);
#738=ORIENTED_EDGE('',*,*,#1344,.T.);
#739=ORIENTED_EDGE('',*,*,#1642,.T.);
#740=ORIENTED_EDGE('',*,*,#1433,.T.);
#741=ORIENTED_EDGE('',*,*,#1643,.F.);
#742=ORIENTED_EDGE('',*,*,#1643,.T.);
#743=ORIENTED_EDGE('',*,*,#1432,.F.);
#744=ORIENTED_EDGE('',*,*,#1640,.F.);
#745=ORIENTED_EDGE('',*,*,#1341,.F.);
#746=ORIENTED_EDGE('',*,*,#1644,.T.);
#747=ORIENTED_EDGE('',*,*,#1435,.F.);
#748=ORIENTED_EDGE('',*,*,#1645,.F.);
#749=ORIENTED_EDGE('',*,*,#1346,.F.);
#750=ORIENTED_EDGE('',*,*,#1347,.T.);
#751=ORIENTED_EDGE('',*,*,#1645,.T.);
#752=ORIENTED_EDGE('',*,*,#1434,.T.);
#753=ORIENTED_EDGE('',*,*,#1646,.F.);
#754=ORIENTED_EDGE('',*,*,#1348,.T.);
#755=ORIENTED_EDGE('',*,*,#1646,.T.);
#756=ORIENTED_EDGE('',*,*,#1437,.T.);
#757=ORIENTED_EDGE('',*,*,#1647,.F.);
#758=ORIENTED_EDGE('',*,*,#1647,.T.);
#759=ORIENTED_EDGE('',*,*,#1436,.F.);
#760=ORIENTED_EDGE('',*,*,#1644,.F.);
#761=ORIENTED_EDGE('',*,*,#1345,.F.);
#762=ORIENTED_EDGE('',*,*,#1648,.T.);
#763=ORIENTED_EDGE('',*,*,#1439,.F.);
#764=ORIENTED_EDGE('',*,*,#1649,.F.);
#765=ORIENTED_EDGE('',*,*,#1350,.F.);
#766=ORIENTED_EDGE('',*,*,#1351,.T.);
#767=ORIENTED_EDGE('',*,*,#1649,.T.);
#768=ORIENTED_EDGE('',*,*,#1438,.T.);
#769=ORIENTED_EDGE('',*,*,#1650,.F.);
#770=ORIENTED_EDGE('',*,*,#1352,.T.);
#771=ORIENTED_EDGE('',*,*,#1650,.T.);
#772=ORIENTED_EDGE('',*,*,#1441,.T.);
#773=ORIENTED_EDGE('',*,*,#1651,.F.);
#774=ORIENTED_EDGE('',*,*,#1651,.T.);
#775=ORIENTED_EDGE('',*,*,#1440,.F.);
#776=ORIENTED_EDGE('',*,*,#1648,.F.);
#777=ORIENTED_EDGE('',*,*,#1349,.F.);
#778=ORIENTED_EDGE('',*,*,#1652,.T.);
#779=ORIENTED_EDGE('',*,*,#1443,.F.);
#780=ORIENTED_EDGE('',*,*,#1653,.F.);
#781=ORIENTED_EDGE('',*,*,#1354,.F.);
#782=ORIENTED_EDGE('',*,*,#1355,.T.);
#783=ORIENTED_EDGE('',*,*,#1653,.T.);
#784=ORIENTED_EDGE('',*,*,#1442,.T.);
#785=ORIENTED_EDGE('',*,*,#1654,.F.);
#786=ORIENTED_EDGE('',*,*,#1356,.T.);
#787=ORIENTED_EDGE('',*,*,#1654,.T.);
#788=ORIENTED_EDGE('',*,*,#1445,.T.);
#789=ORIENTED_EDGE('',*,*,#1655,.F.);
#790=ORIENTED_EDGE('',*,*,#1655,.T.);
#791=ORIENTED_EDGE('',*,*,#1444,.F.);
#792=ORIENTED_EDGE('',*,*,#1652,.F.);
#793=ORIENTED_EDGE('',*,*,#1353,.F.);
#794=ORIENTED_EDGE('',*,*,#1656,.T.);
#795=ORIENTED_EDGE('',*,*,#1546,.T.);
#796=ORIENTED_EDGE('',*,*,#1657,.F.);
#797=ORIENTED_EDGE('',*,*,#1658,.T.);
#798=ORIENTED_EDGE('',*,*,#1657,.T.);
#799=ORIENTED_EDGE('',*,*,#1559,.T.);
#800=ORIENTED_EDGE('',*,*,#1659,.F.);
#801=ORIENTED_EDGE('',*,*,#1660,.T.);
#802=ORIENTED_EDGE('',*,*,#1659,.T.);
#803=ORIENTED_EDGE('',*,*,#1558,.T.);
#804=ORIENTED_EDGE('',*,*,#1661,.F.);
#805=ORIENTED_EDGE('',*,*,#1662,.T.);
#806=ORIENTED_EDGE('',*,*,#1661,.T.);
#807=ORIENTED_EDGE('',*,*,#1557,.T.);
#808=ORIENTED_EDGE('',*,*,#1663,.F.);
#809=ORIENTED_EDGE('',*,*,#1664,.T.);
#810=ORIENTED_EDGE('',*,*,#1663,.T.);
#811=ORIENTED_EDGE('',*,*,#1556,.T.);
#812=ORIENTED_EDGE('',*,*,#1665,.F.);
#813=ORIENTED_EDGE('',*,*,#1666,.T.);
#814=ORIENTED_EDGE('',*,*,#1665,.T.);
#815=ORIENTED_EDGE('',*,*,#1555,.T.);
#816=ORIENTED_EDGE('',*,*,#1667,.F.);
#817=ORIENTED_EDGE('',*,*,#1668,.T.);
#818=ORIENTED_EDGE('',*,*,#1667,.T.);
#819=ORIENTED_EDGE('',*,*,#1554,.T.);
#820=ORIENTED_EDGE('',*,*,#1669,.F.);
#821=ORIENTED_EDGE('',*,*,#1670,.T.);
#822=ORIENTED_EDGE('',*,*,#1669,.T.);
#823=ORIENTED_EDGE('',*,*,#1553,.T.);
#824=ORIENTED_EDGE('',*,*,#1671,.F.);
#825=ORIENTED_EDGE('',*,*,#1672,.T.);
#826=ORIENTED_EDGE('',*,*,#1671,.T.);
#827=ORIENTED_EDGE('',*,*,#1552,.T.);
#828=ORIENTED_EDGE('',*,*,#1673,.F.);
#829=ORIENTED_EDGE('',*,*,#1674,.T.);
#830=ORIENTED_EDGE('',*,*,#1673,.T.);
#831=ORIENTED_EDGE('',*,*,#1551,.T.);
#832=ORIENTED_EDGE('',*,*,#1675,.F.);
#833=ORIENTED_EDGE('',*,*,#1676,.T.);
#834=ORIENTED_EDGE('',*,*,#1675,.T.);
#835=ORIENTED_EDGE('',*,*,#1550,.T.);
#836=ORIENTED_EDGE('',*,*,#1677,.F.);
#837=ORIENTED_EDGE('',*,*,#1678,.T.);
#838=ORIENTED_EDGE('',*,*,#1677,.T.);
#839=ORIENTED_EDGE('',*,*,#1549,.T.);
#840=ORIENTED_EDGE('',*,*,#1679,.F.);
#841=ORIENTED_EDGE('',*,*,#1680,.T.);
#842=ORIENTED_EDGE('',*,*,#1679,.T.);
#843=ORIENTED_EDGE('',*,*,#1548,.T.);
#844=ORIENTED_EDGE('',*,*,#1681,.F.);
#845=ORIENTED_EDGE('',*,*,#1682,.T.);
#846=ORIENTED_EDGE('',*,*,#1681,.T.);
#847=ORIENTED_EDGE('',*,*,#1547,.T.);
#848=ORIENTED_EDGE('',*,*,#1656,.F.);
#849=ORIENTED_EDGE('',*,*,#1683,.T.);
#850=ORIENTED_EDGE('',*,*,#1658,.F.);
#851=ORIENTED_EDGE('',*,*,#1660,.F.);
#852=ORIENTED_EDGE('',*,*,#1662,.F.);
#853=ORIENTED_EDGE('',*,*,#1664,.F.);
#854=ORIENTED_EDGE('',*,*,#1666,.F.);
#855=ORIENTED_EDGE('',*,*,#1668,.F.);
#856=ORIENTED_EDGE('',*,*,#1670,.F.);
#857=ORIENTED_EDGE('',*,*,#1672,.F.);
#858=ORIENTED_EDGE('',*,*,#1674,.F.);
#859=ORIENTED_EDGE('',*,*,#1676,.F.);
#860=ORIENTED_EDGE('',*,*,#1678,.F.);
#861=ORIENTED_EDGE('',*,*,#1680,.F.);
#862=ORIENTED_EDGE('',*,*,#1682,.F.);
#863=ORIENTED_EDGE('',*,*,#1683,.F.);
#864=ORIENTED_EDGE('',*,*,#1510,.F.);
#865=ORIENTED_EDGE('',*,*,#1684,.F.);
#866=ORIENTED_EDGE('',*,*,#1685,.T.);
#867=ORIENTED_EDGE('',*,*,#1686,.T.);
#868=ORIENTED_EDGE('',*,*,#1511,.F.);
#869=ORIENTED_EDGE('',*,*,#1686,.F.);
#870=ORIENTED_EDGE('',*,*,#1687,.T.);
#871=ORIENTED_EDGE('',*,*,#1688,.T.);
#872=ORIENTED_EDGE('',*,*,#1512,.F.);
#873=ORIENTED_EDGE('',*,*,#1688,.F.);
#874=ORIENTED_EDGE('',*,*,#1689,.T.);
#875=ORIENTED_EDGE('',*,*,#1690,.T.);
#876=ORIENTED_EDGE('',*,*,#1513,.F.);
#877=ORIENTED_EDGE('',*,*,#1690,.F.);
#878=ORIENTED_EDGE('',*,*,#1691,.T.);
#879=ORIENTED_EDGE('',*,*,#1692,.T.);
#880=ORIENTED_EDGE('',*,*,#1514,.F.);
#881=ORIENTED_EDGE('',*,*,#1692,.F.);
#882=ORIENTED_EDGE('',*,*,#1693,.T.);
#883=ORIENTED_EDGE('',*,*,#1694,.T.);
#884=ORIENTED_EDGE('',*,*,#1515,.F.);
#885=ORIENTED_EDGE('',*,*,#1694,.F.);
#886=ORIENTED_EDGE('',*,*,#1695,.T.);
#887=ORIENTED_EDGE('',*,*,#1696,.T.);
#888=ORIENTED_EDGE('',*,*,#1516,.F.);
#889=ORIENTED_EDGE('',*,*,#1696,.F.);
#890=ORIENTED_EDGE('',*,*,#1697,.T.);
#891=ORIENTED_EDGE('',*,*,#1698,.T.);
#892=ORIENTED_EDGE('',*,*,#1509,.F.);
#893=ORIENTED_EDGE('',*,*,#1698,.F.);
#894=ORIENTED_EDGE('',*,*,#1699,.T.);
#895=ORIENTED_EDGE('',*,*,#1684,.T.);
#896=ORIENTED_EDGE('',*,*,#1685,.F.);
#897=ORIENTED_EDGE('',*,*,#1699,.F.);
#898=ORIENTED_EDGE('',*,*,#1697,.F.);
#899=ORIENTED_EDGE('',*,*,#1695,.F.);
#900=ORIENTED_EDGE('',*,*,#1693,.F.);
#901=ORIENTED_EDGE('',*,*,#1691,.F.);
#902=ORIENTED_EDGE('',*,*,#1689,.F.);
#903=ORIENTED_EDGE('',*,*,#1687,.F.);
#904=ORIENTED_EDGE('',*,*,#1494,.F.);
#905=ORIENTED_EDGE('',*,*,#1700,.F.);
#906=ORIENTED_EDGE('',*,*,#1701,.T.);
#907=ORIENTED_EDGE('',*,*,#1702,.T.);
#908=ORIENTED_EDGE('',*,*,#1495,.F.);
#909=ORIENTED_EDGE('',*,*,#1702,.F.);
#910=ORIENTED_EDGE('',*,*,#1703,.T.);
#911=ORIENTED_EDGE('',*,*,#1704,.T.);
#912=ORIENTED_EDGE('',*,*,#1496,.F.);
#913=ORIENTED_EDGE('',*,*,#1704,.F.);
#914=ORIENTED_EDGE('',*,*,#1705,.T.);
#915=ORIENTED_EDGE('',*,*,#1706,.T.);
#916=ORIENTED_EDGE('',*,*,#1497,.F.);
#917=ORIENTED_EDGE('',*,*,#1706,.F.);
#918=ORIENTED_EDGE('',*,*,#1707,.T.);
#919=ORIENTED_EDGE('',*,*,#1708,.T.);
#920=ORIENTED_EDGE('',*,*,#1498,.F.);
#921=ORIENTED_EDGE('',*,*,#1708,.F.);
#922=ORIENTED_EDGE('',*,*,#1709,.T.);
#923=ORIENTED_EDGE('',*,*,#1710,.T.);
#924=ORIENTED_EDGE('',*,*,#1499,.F.);
#925=ORIENTED_EDGE('',*,*,#1710,.F.);
#926=ORIENTED_EDGE('',*,*,#1711,.T.);
#927=ORIENTED_EDGE('',*,*,#1712,.T.);
#928=ORIENTED_EDGE('',*,*,#1500,.F.);
#929=ORIENTED_EDGE('',*,*,#1712,.F.);
#930=ORIENTED_EDGE('',*,*,#1713,.T.);
#931=ORIENTED_EDGE('',*,*,#1714,.T.);
#932=ORIENTED_EDGE('',*,*,#1501,.F.);
#933=ORIENTED_EDGE('',*,*,#1714,.F.);
#934=ORIENTED_EDGE('',*,*,#1715,.T.);
#935=ORIENTED_EDGE('',*,*,#1716,.T.);
#936=ORIENTED_EDGE('',*,*,#1502,.F.);
#937=ORIENTED_EDGE('',*,*,#1716,.F.);
#938=ORIENTED_EDGE('',*,*,#1717,.T.);
#939=ORIENTED_EDGE('',*,*,#1718,.T.);
#940=ORIENTED_EDGE('',*,*,#1503,.F.);
#941=ORIENTED_EDGE('',*,*,#1718,.F.);
#942=ORIENTED_EDGE('',*,*,#1719,.T.);
#943=ORIENTED_EDGE('',*,*,#1720,.T.);
#944=ORIENTED_EDGE('',*,*,#1504,.F.);
#945=ORIENTED_EDGE('',*,*,#1720,.F.);
#946=ORIENTED_EDGE('',*,*,#1721,.T.);
#947=ORIENTED_EDGE('',*,*,#1722,.T.);
#948=ORIENTED_EDGE('',*,*,#1505,.F.);
#949=ORIENTED_EDGE('',*,*,#1722,.F.);
#950=ORIENTED_EDGE('',*,*,#1723,.T.);
#951=ORIENTED_EDGE('',*,*,#1724,.T.);
#952=ORIENTED_EDGE('',*,*,#1506,.F.);
#953=ORIENTED_EDGE('',*,*,#1724,.F.);
#954=ORIENTED_EDGE('',*,*,#1725,.T.);
#955=ORIENTED_EDGE('',*,*,#1726,.T.);
#956=ORIENTED_EDGE('',*,*,#1507,.F.);
#957=ORIENTED_EDGE('',*,*,#1726,.F.);
#958=ORIENTED_EDGE('',*,*,#1727,.T.);
#959=ORIENTED_EDGE('',*,*,#1728,.T.);
#960=ORIENTED_EDGE('',*,*,#1508,.F.);
#961=ORIENTED_EDGE('',*,*,#1728,.F.);
#962=ORIENTED_EDGE('',*,*,#1729,.T.);
#963=ORIENTED_EDGE('',*,*,#1730,.T.);
#964=ORIENTED_EDGE('',*,*,#1493,.F.);
#965=ORIENTED_EDGE('',*,*,#1730,.F.);
#966=ORIENTED_EDGE('',*,*,#1731,.T.);
#967=ORIENTED_EDGE('',*,*,#1700,.T.);
#968=ORIENTED_EDGE('',*,*,#1701,.F.);
#969=ORIENTED_EDGE('',*,*,#1731,.F.);
#970=ORIENTED_EDGE('',*,*,#1729,.F.);
#971=ORIENTED_EDGE('',*,*,#1727,.F.);
#972=ORIENTED_EDGE('',*,*,#1725,.F.);
#973=ORIENTED_EDGE('',*,*,#1723,.F.);
#974=ORIENTED_EDGE('',*,*,#1721,.F.);
#975=ORIENTED_EDGE('',*,*,#1719,.F.);
#976=ORIENTED_EDGE('',*,*,#1717,.F.);
#977=ORIENTED_EDGE('',*,*,#1715,.F.);
#978=ORIENTED_EDGE('',*,*,#1713,.F.);
#979=ORIENTED_EDGE('',*,*,#1711,.F.);
#980=ORIENTED_EDGE('',*,*,#1709,.F.);
#981=ORIENTED_EDGE('',*,*,#1707,.F.);
#982=ORIENTED_EDGE('',*,*,#1705,.F.);
#983=ORIENTED_EDGE('',*,*,#1703,.F.);
#984=ORIENTED_EDGE('',*,*,#1480,.F.);
#985=ORIENTED_EDGE('',*,*,#1732,.F.);
#986=ORIENTED_EDGE('',*,*,#1733,.T.);
#987=ORIENTED_EDGE('',*,*,#1734,.T.);
#988=ORIENTED_EDGE('',*,*,#1481,.F.);
#989=ORIENTED_EDGE('',*,*,#1734,.F.);
#990=ORIENTED_EDGE('',*,*,#1735,.T.);
#991=ORIENTED_EDGE('',*,*,#1736,.T.);
#992=ORIENTED_EDGE('',*,*,#1482,.F.);
#993=ORIENTED_EDGE('',*,*,#1736,.F.);
#994=ORIENTED_EDGE('',*,*,#1737,.T.);
#995=ORIENTED_EDGE('',*,*,#1738,.T.);
#996=ORIENTED_EDGE('',*,*,#1483,.F.);
#997=ORIENTED_EDGE('',*,*,#1738,.F.);
#998=ORIENTED_EDGE('',*,*,#1739,.T.);
#999=ORIENTED_EDGE('',*,*,#1740,.T.);
#1000=ORIENTED_EDGE('',*,*,#1484,.F.);
#1001=ORIENTED_EDGE('',*,*,#1740,.F.);
#1002=ORIENTED_EDGE('',*,*,#1741,.T.);
#1003=ORIENTED_EDGE('',*,*,#1742,.T.);
#1004=ORIENTED_EDGE('',*,*,#1485,.F.);
#1005=ORIENTED_EDGE('',*,*,#1742,.F.);
#1006=ORIENTED_EDGE('',*,*,#1743,.T.);
#1007=ORIENTED_EDGE('',*,*,#1744,.T.);
#1008=ORIENTED_EDGE('',*,*,#1486,.F.);
#1009=ORIENTED_EDGE('',*,*,#1744,.F.);
#1010=ORIENTED_EDGE('',*,*,#1745,.T.);
#1011=ORIENTED_EDGE('',*,*,#1746,.T.);
#1012=ORIENTED_EDGE('',*,*,#1487,.F.);
#1013=ORIENTED_EDGE('',*,*,#1746,.F.);
#1014=ORIENTED_EDGE('',*,*,#1747,.T.);
#1015=ORIENTED_EDGE('',*,*,#1748,.T.);
#1016=ORIENTED_EDGE('',*,*,#1488,.F.);
#1017=ORIENTED_EDGE('',*,*,#1748,.F.);
#1018=ORIENTED_EDGE('',*,*,#1749,.T.);
#1019=ORIENTED_EDGE('',*,*,#1750,.T.);
#1020=ORIENTED_EDGE('',*,*,#1489,.F.);
#1021=ORIENTED_EDGE('',*,*,#1750,.F.);
#1022=ORIENTED_EDGE('',*,*,#1751,.T.);
#1023=ORIENTED_EDGE('',*,*,#1752,.T.);
#1024=ORIENTED_EDGE('',*,*,#1490,.F.);
#1025=ORIENTED_EDGE('',*,*,#1752,.F.);
#1026=ORIENTED_EDGE('',*,*,#1753,.T.);
#1027=ORIENTED_EDGE('',*,*,#1754,.T.);
#1028=ORIENTED_EDGE('',*,*,#1491,.F.);
#1029=ORIENTED_EDGE('',*,*,#1754,.F.);
#1030=ORIENTED_EDGE('',*,*,#1755,.T.);
#1031=ORIENTED_EDGE('',*,*,#1756,.T.);
#1032=ORIENTED_EDGE('',*,*,#1492,.F.);
#1033=ORIENTED_EDGE('',*,*,#1756,.F.);
#1034=ORIENTED_EDGE('',*,*,#1757,.T.);
#1035=ORIENTED_EDGE('',*,*,#1758,.T.);
#1036=ORIENTED_EDGE('',*,*,#1479,.F.);
#1037=ORIENTED_EDGE('',*,*,#1758,.F.);
#1038=ORIENTED_EDGE('',*,*,#1759,.T.);
#1039=ORIENTED_EDGE('',*,*,#1732,.T.);
#1040=ORIENTED_EDGE('',*,*,#1733,.F.);
#1041=ORIENTED_EDGE('',*,*,#1759,.F.);
#1042=ORIENTED_EDGE('',*,*,#1757,.F.);
#1043=ORIENTED_EDGE('',*,*,#1755,.F.);
#1044=ORIENTED_EDGE('',*,*,#1753,.F.);
#1045=ORIENTED_EDGE('',*,*,#1751,.F.);
#1046=ORIENTED_EDGE('',*,*,#1749,.F.);
#1047=ORIENTED_EDGE('',*,*,#1747,.F.);
#1048=ORIENTED_EDGE('',*,*,#1745,.F.);
#1049=ORIENTED_EDGE('',*,*,#1743,.F.);
#1050=ORIENTED_EDGE('',*,*,#1741,.F.);
#1051=ORIENTED_EDGE('',*,*,#1739,.F.);
#1052=ORIENTED_EDGE('',*,*,#1737,.F.);
#1053=ORIENTED_EDGE('',*,*,#1735,.F.);
#1054=ORIENTED_EDGE('',*,*,#1458,.F.);
#1055=ORIENTED_EDGE('',*,*,#1760,.F.);
#1056=ORIENTED_EDGE('',*,*,#1761,.T.);
#1057=ORIENTED_EDGE('',*,*,#1762,.T.);
#1058=ORIENTED_EDGE('',*,*,#1459,.F.);
#1059=ORIENTED_EDGE('',*,*,#1762,.F.);
#1060=ORIENTED_EDGE('',*,*,#1763,.T.);
#1061=ORIENTED_EDGE('',*,*,#1764,.T.);
#1062=ORIENTED_EDGE('',*,*,#1460,.F.);
#1063=ORIENTED_EDGE('',*,*,#1764,.F.);
#1064=ORIENTED_EDGE('',*,*,#1765,.T.);
#1065=ORIENTED_EDGE('',*,*,#1766,.T.);
#1066=ORIENTED_EDGE('',*,*,#1461,.F.);
#1067=ORIENTED_EDGE('',*,*,#1766,.F.);
#1068=ORIENTED_EDGE('',*,*,#1767,.T.);
#1069=ORIENTED_EDGE('',*,*,#1768,.T.);
#1070=ORIENTED_EDGE('',*,*,#1462,.F.);
#1071=ORIENTED_EDGE('',*,*,#1768,.F.);
#1072=ORIENTED_EDGE('',*,*,#1769,.T.);
#1073=ORIENTED_EDGE('',*,*,#1770,.T.);
#1074=ORIENTED_EDGE('',*,*,#1463,.F.);
#1075=ORIENTED_EDGE('',*,*,#1770,.F.);
#1076=ORIENTED_EDGE('',*,*,#1771,.T.);
#1077=ORIENTED_EDGE('',*,*,#1772,.T.);
#1078=ORIENTED_EDGE('',*,*,#1464,.F.);
#1079=ORIENTED_EDGE('',*,*,#1772,.F.);
#1080=ORIENTED_EDGE('',*,*,#1773,.T.);
#1081=ORIENTED_EDGE('',*,*,#1774,.T.);
#1082=ORIENTED_EDGE('',*,*,#1465,.F.);
#1083=ORIENTED_EDGE('',*,*,#1774,.F.);
#1084=ORIENTED_EDGE('',*,*,#1775,.T.);
#1085=ORIENTED_EDGE('',*,*,#1776,.T.);
#1086=ORIENTED_EDGE('',*,*,#1466,.F.);
#1087=ORIENTED_EDGE('',*,*,#1776,.F.);
#1088=ORIENTED_EDGE('',*,*,#1777,.T.);
#1089=ORIENTED_EDGE('',*,*,#1778,.T.);
#1090=ORIENTED_EDGE('',*,*,#1467,.F.);
#1091=ORIENTED_EDGE('',*,*,#1778,.F.);
#1092=ORIENTED_EDGE('',*,*,#1779,.T.);
#1093=ORIENTED_EDGE('',*,*,#1780,.T.);
#1094=ORIENTED_EDGE('',*,*,#1468,.F.);
#1095=ORIENTED_EDGE('',*,*,#1780,.F.);
#1096=ORIENTED_EDGE('',*,*,#1781,.T.);
#1097=ORIENTED_EDGE('',*,*,#1782,.T.);
#1098=ORIENTED_EDGE('',*,*,#1469,.F.);
#1099=ORIENTED_EDGE('',*,*,#1782,.F.);
#1100=ORIENTED_EDGE('',*,*,#1783,.T.);
#1101=ORIENTED_EDGE('',*,*,#1784,.T.);
#1102=ORIENTED_EDGE('',*,*,#1470,.F.);
#1103=ORIENTED_EDGE('',*,*,#1784,.F.);
#1104=ORIENTED_EDGE('',*,*,#1785,.T.);
#1105=ORIENTED_EDGE('',*,*,#1786,.T.);
#1106=ORIENTED_EDGE('',*,*,#1471,.F.);
#1107=ORIENTED_EDGE('',*,*,#1786,.F.);
#1108=ORIENTED_EDGE('',*,*,#1787,.T.);
#1109=ORIENTED_EDGE('',*,*,#1788,.T.);
#1110=ORIENTED_EDGE('',*,*,#1472,.F.);
#1111=ORIENTED_EDGE('',*,*,#1788,.F.);
#1112=ORIENTED_EDGE('',*,*,#1789,.T.);
#1113=ORIENTED_EDGE('',*,*,#1790,.T.);
#1114=ORIENTED_EDGE('',*,*,#1473,.F.);
#1115=ORIENTED_EDGE('',*,*,#1790,.F.);
#1116=ORIENTED_EDGE('',*,*,#1791,.T.);
#1117=ORIENTED_EDGE('',*,*,#1792,.T.);
#1118=ORIENTED_EDGE('',*,*,#1474,.F.);
#1119=ORIENTED_EDGE('',*,*,#1792,.F.);
#1120=ORIENTED_EDGE('',*,*,#1793,.T.);
#1121=ORIENTED_EDGE('',*,*,#1794,.T.);
#1122=ORIENTED_EDGE('',*,*,#1475,.F.);
#1123=ORIENTED_EDGE('',*,*,#1794,.F.);
#1124=ORIENTED_EDGE('',*,*,#1795,.T.);
#1125=ORIENTED_EDGE('',*,*,#1796,.T.);
#1126=ORIENTED_EDGE('',*,*,#1476,.F.);
#1127=ORIENTED_EDGE('',*,*,#1796,.F.);
#1128=ORIENTED_EDGE('',*,*,#1797,.T.);
#1129=ORIENTED_EDGE('',*,*,#1798,.T.);
#1130=ORIENTED_EDGE('',*,*,#1477,.F.);
#1131=ORIENTED_EDGE('',*,*,#1798,.F.);
#1132=ORIENTED_EDGE('',*,*,#1799,.T.);
#1133=ORIENTED_EDGE('',*,*,#1800,.T.);
#1134=ORIENTED_EDGE('',*,*,#1478,.F.);
#1135=ORIENTED_EDGE('',*,*,#1800,.F.);
#1136=ORIENTED_EDGE('',*,*,#1801,.T.);
#1137=ORIENTED_EDGE('',*,*,#1802,.T.);
#1138=ORIENTED_EDGE('',*,*,#1457,.F.);
#1139=ORIENTED_EDGE('',*,*,#1802,.F.);
#1140=ORIENTED_EDGE('',*,*,#1803,.T.);
#1141=ORIENTED_EDGE('',*,*,#1760,.T.);
#1142=ORIENTED_EDGE('',*,*,#1761,.F.);
#1143=ORIENTED_EDGE('',*,*,#1803,.F.);
#1144=ORIENTED_EDGE('',*,*,#1801,.F.);
#1145=ORIENTED_EDGE('',*,*,#1799,.F.);
#1146=ORIENTED_EDGE('',*,*,#1797,.F.);
#1147=ORIENTED_EDGE('',*,*,#1795,.F.);
#1148=ORIENTED_EDGE('',*,*,#1793,.F.);
#1149=ORIENTED_EDGE('',*,*,#1791,.F.);
#1150=ORIENTED_EDGE('',*,*,#1789,.F.);
#1151=ORIENTED_EDGE('',*,*,#1787,.F.);
#1152=ORIENTED_EDGE('',*,*,#1785,.F.);
#1153=ORIENTED_EDGE('',*,*,#1783,.F.);
#1154=ORIENTED_EDGE('',*,*,#1781,.F.);
#1155=ORIENTED_EDGE('',*,*,#1779,.F.);
#1156=ORIENTED_EDGE('',*,*,#1777,.F.);
#1157=ORIENTED_EDGE('',*,*,#1775,.F.);
#1158=ORIENTED_EDGE('',*,*,#1773,.F.);
#1159=ORIENTED_EDGE('',*,*,#1771,.F.);
#1160=ORIENTED_EDGE('',*,*,#1769,.F.);
#1161=ORIENTED_EDGE('',*,*,#1767,.F.);
#1162=ORIENTED_EDGE('',*,*,#1765,.F.);
#1163=ORIENTED_EDGE('',*,*,#1763,.F.);
#1164=ORIENTED_EDGE('',*,*,#1397,.T.);
#1165=ORIENTED_EDGE('',*,*,#1401,.F.);
#1166=ORIENTED_EDGE('',*,*,#1404,.F.);
#1167=ORIENTED_EDGE('',*,*,#1446,.F.);
#1168=ORIENTED_EDGE('',*,*,#1371,.T.);
#1169=ORIENTED_EDGE('',*,*,#1364,.F.);
#1170=ORIENTED_EDGE('',*,*,#1390,.T.);
#1171=ORIENTED_EDGE('',*,*,#1393,.F.);
#1172=ORIENTED_EDGE('',*,*,#1385,.F.);
#1173=ORIENTED_EDGE('',*,*,#1388,.T.);
#1174=ORIENTED_EDGE('',*,*,#1382,.T.);
#1175=ORIENTED_EDGE('',*,*,#1395,.F.);
#1176=ORIENTED_EDGE('',*,*,#1318,.F.);
#1177=ORIENTED_EDGE('',*,*,#1569,.F.);
#1178=ORIENTED_EDGE('',*,*,#1360,.F.);
#1179=ORIENTED_EDGE('',*,*,#1564,.F.);
#1180=ORIENTED_EDGE('',*,*,#1407,.F.);
#1181=ORIENTED_EDGE('',*,*,#1449,.F.);
#1182=ORIENTED_EDGE('',*,*,#1452,.F.);
#1183=ORIENTED_EDGE('',*,*,#1455,.F.);
#1184=ORIENTED_EDGE('',*,*,#1530,.T.);
#1185=ORIENTED_EDGE('',*,*,#1533,.T.);
#1186=ORIENTED_EDGE('',*,*,#1535,.F.);
#1187=ORIENTED_EDGE('',*,*,#1538,.F.);
#1188=ORIENTED_EDGE('',*,*,#1374,.T.);
#1189=ORIENTED_EDGE('',*,*,#1541,.F.);
#1190=ORIENTED_EDGE('',*,*,#1544,.F.);
#1191=ORIENTED_EDGE('',*,*,#1804,.F.);
#1192=ORIENTED_EDGE('',*,*,#1805,.F.);
#1193=ORIENTED_EDGE('',*,*,#1806,.F.);
#1194=ORIENTED_EDGE('',*,*,#1807,.F.);
#1195=ORIENTED_EDGE('',*,*,#1808,.T.);
#1196=ORIENTED_EDGE('',*,*,#1808,.F.);
#1197=ORIENTED_EDGE('',*,*,#1805,.T.);
#1198=ORIENTED_EDGE('',*,*,#1598,.F.);
#1199=ORIENTED_EDGE('',*,*,#1594,.F.);
#1200=ORIENTED_EDGE('',*,*,#1809,.T.);
#1201=ORIENTED_EDGE('',*,*,#1810,.T.);
#1202=ORIENTED_EDGE('',*,*,#1811,.T.);
#1203=ORIENTED_EDGE('',*,*,#1812,.T.);
#1204=ORIENTED_EDGE('',*,*,#1813,.T.);
#1205=ORIENTED_EDGE('',*,*,#1810,.F.);
#1206=ORIENTED_EDGE('',*,*,#1814,.T.);
#1207=ORIENTED_EDGE('',*,*,#1587,.F.);
#1208=ORIENTED_EDGE('',*,*,#1815,.T.);
#1209=ORIENTED_EDGE('',*,*,#1588,.F.);
#1210=ORIENTED_EDGE('',*,*,#1814,.F.);
#1211=ORIENTED_EDGE('',*,*,#1586,.F.);
#1212=ORIENTED_EDGE('',*,*,#1816,.T.);
#1213=ORIENTED_EDGE('',*,*,#1813,.F.);
#1214=ORIENTED_EDGE('',*,*,#1817,.T.);
#1215=ORIENTED_EDGE('',*,*,#1589,.F.);
#1216=ORIENTED_EDGE('',*,*,#1815,.F.);
#1217=ORIENTED_EDGE('',*,*,#1809,.F.);
#1218=ORIENTED_EDGE('',*,*,#1818,.T.);
#1219=ORIENTED_EDGE('',*,*,#1811,.F.);
#1220=ORIENTED_EDGE('',*,*,#1816,.F.);
#1221=ORIENTED_EDGE('',*,*,#1585,.F.);
#1222=ORIENTED_EDGE('',*,*,#1819,.T.);
#1223=ORIENTED_EDGE('',*,*,#1582,.F.);
#1224=ORIENTED_EDGE('',*,*,#1817,.F.);
#1225=ORIENTED_EDGE('',*,*,#1584,.F.);
#1226=ORIENTED_EDGE('',*,*,#1820,.T.);
#1227=ORIENTED_EDGE('',*,*,#1818,.F.);
#1228=ORIENTED_EDGE('',*,*,#1820,.F.);
#1229=ORIENTED_EDGE('',*,*,#1583,.F.);
#1230=ORIENTED_EDGE('',*,*,#1819,.F.);
#1231=ORIENTED_EDGE('',*,*,#1812,.F.);
#1232=ORIENTED_EDGE('',*,*,#1821,.T.);
#1233=ORIENTED_EDGE('',*,*,#1822,.T.);
#1234=ORIENTED_EDGE('',*,*,#1823,.F.);
#1235=ORIENTED_EDGE('',*,*,#1824,.F.);
#1236=ORIENTED_EDGE('',*,*,#1825,.T.);
#1237=ORIENTED_EDGE('',*,*,#1826,.T.);
#1238=ORIENTED_EDGE('',*,*,#1827,.F.);
#1239=ORIENTED_EDGE('',*,*,#1828,.F.);
#1240=ORIENTED_EDGE('',*,*,#1566,.F.);
#1241=ORIENTED_EDGE('',*,*,#1316,.F.);
#1242=ORIENTED_EDGE('',*,*,#1595,.F.);
#1243=ORIENTED_EDGE('',*,*,#1591,.T.);
#1244=ORIENTED_EDGE('',*,*,#1378,.T.);
#1245=ORIENTED_EDGE('',*,*,#1389,.T.);
#1246=ORIENTED_EDGE('',*,*,#1387,.F.);
#1247=ORIENTED_EDGE('',*,*,#1394,.F.);
#1248=ORIENTED_EDGE('',*,*,#1391,.T.);
#1249=ORIENTED_EDGE('',*,*,#1366,.F.);
#1250=ORIENTED_EDGE('',*,*,#1373,.T.);
#1251=ORIENTED_EDGE('',*,*,#1447,.F.);
#1252=ORIENTED_EDGE('',*,*,#1405,.F.);
#1253=ORIENTED_EDGE('',*,*,#1402,.F.);
#1254=ORIENTED_EDGE('',*,*,#1398,.T.);
#1255=ORIENTED_EDGE('',*,*,#1358,.F.);
#1256=ORIENTED_EDGE('',*,*,#1602,.F.);
#1257=ORIENTED_EDGE('',*,*,#1599,.T.);
#1258=ORIENTED_EDGE('',*,*,#1829,.F.);
#1259=ORIENTED_EDGE('',*,*,#1830,.T.);
#1260=ORIENTED_EDGE('',*,*,#1826,.F.);
#1261=ORIENTED_EDGE('',*,*,#1831,.F.);
#1262=ORIENTED_EDGE('',*,*,#1832,.F.);
#1263=ORIENTED_EDGE('',*,*,#1831,.T.);
#1264=ORIENTED_EDGE('',*,*,#1825,.F.);
#1265=ORIENTED_EDGE('',*,*,#1833,.F.);
#1266=ORIENTED_EDGE('',*,*,#1830,.F.);
#1267=ORIENTED_EDGE('',*,*,#1834,.T.);
#1268=ORIENTED_EDGE('',*,*,#1835,.T.);
#1269=ORIENTED_EDGE('',*,*,#1827,.T.);
#1270=ORIENTED_EDGE('',*,*,#1835,.F.);
#1271=ORIENTED_EDGE('',*,*,#1836,.T.);
#1272=ORIENTED_EDGE('',*,*,#1833,.T.);
#1273=ORIENTED_EDGE('',*,*,#1828,.T.);
#1274=ORIENTED_EDGE('',*,*,#1837,.T.);
#1275=ORIENTED_EDGE('',*,*,#1838,.T.);
#1276=ORIENTED_EDGE('',*,*,#1834,.F.);
#1277=ORIENTED_EDGE('',*,*,#1829,.T.);
#1278=ORIENTED_EDGE('',*,*,#1832,.T.);
#1279=ORIENTED_EDGE('',*,*,#1836,.F.);
#1280=ORIENTED_EDGE('',*,*,#1837,.F.);
#1281=ORIENTED_EDGE('',*,*,#1839,.F.);
#1282=ORIENTED_EDGE('',*,*,#1840,.T.);
#1283=ORIENTED_EDGE('',*,*,#1839,.T.);
#1284=ORIENTED_EDGE('',*,*,#1841,.F.);
#1285=ORIENTED_EDGE('',*,*,#1842,.T.);
#1286=ORIENTED_EDGE('',*,*,#1843,.T.);
#1287=ORIENTED_EDGE('',*,*,#1824,.T.);
#1288=ORIENTED_EDGE('',*,*,#1844,.F.);
#1289=ORIENTED_EDGE('',*,*,#1845,.T.);
#1290=ORIENTED_EDGE('',*,*,#1841,.T.);
#1291=ORIENTED_EDGE('',*,*,#1823,.T.);
#1292=ORIENTED_EDGE('',*,*,#1846,.F.);
#1293=ORIENTED_EDGE('',*,*,#1847,.T.);
#1294=ORIENTED_EDGE('',*,*,#1821,.F.);
#1295=ORIENTED_EDGE('',*,*,#1843,.F.);
#1296=ORIENTED_EDGE('',*,*,#1848,.F.);
#1297=ORIENTED_EDGE('',*,*,#1844,.T.);
#1298=ORIENTED_EDGE('',*,*,#1822,.F.);
#1299=ORIENTED_EDGE('',*,*,#1847,.F.);
#1300=ORIENTED_EDGE('',*,*,#1845,.F.);
#1301=ORIENTED_EDGE('',*,*,#1848,.T.);
#1302=ORIENTED_EDGE('',*,*,#1846,.T.);
#1303=ORIENTED_EDGE('',*,*,#1842,.F.);
#1304=ORIENTED_EDGE('',*,*,#1840,.F.);
#1305=ORIENTED_EDGE('',*,*,#1838,.F.);
#1306=ORIENTED_EDGE('',*,*,#1849,.T.);
#1307=ORIENTED_EDGE('',*,*,#1849,.F.);
#1308=ORIENTED_EDGE('',*,*,#1807,.T.);
#1309=ORIENTED_EDGE('',*,*,#1850,.T.);
#1310=ORIENTED_EDGE('',*,*,#1850,.F.);
#1311=ORIENTED_EDGE('',*,*,#1804,.T.);
#1312=ORIENTED_EDGE('',*,*,#1851,.T.);
#1313=ORIENTED_EDGE('',*,*,#1851,.F.);
#1314=ORIENTED_EDGE('',*,*,#1806,.T.);
#1315=EDGE_CURVE('',#1852,#1853,#2214,.T.);
#1316=EDGE_CURVE('',#1852,#1854,#2215,.T.);
#1317=EDGE_CURVE('',#1854,#1855,#2216,.T.);
#1318=EDGE_CURVE('',#1855,#1856,#2217,.T.);
#1319=EDGE_CURVE('',#1857,#1856,#2218,.T.);
#1320=EDGE_CURVE('',#1853,#1857,#2219,.T.);
#1321=EDGE_CURVE('',#1858,#1859,#2220,.T.);
#1322=EDGE_CURVE('',#1859,#1860,#2221,.T.);
#1323=EDGE_CURVE('',#1861,#1860,#2222,.T.);
#1324=EDGE_CURVE('',#1858,#1861,#2223,.T.);
#1325=EDGE_CURVE('',#1862,#1863,#2224,.T.);
#1326=EDGE_CURVE('',#1863,#1864,#2225,.T.);
#1327=EDGE_CURVE('',#1865,#1864,#2226,.T.);
#1328=EDGE_CURVE('',#1862,#1865,#2227,.T.);
#1329=EDGE_CURVE('',#1866,#1867,#2228,.T.);
#1330=EDGE_CURVE('',#1867,#1868,#2229,.T.);
#1331=EDGE_CURVE('',#1869,#1868,#2230,.T.);
#1332=EDGE_CURVE('',#1866,#1869,#2231,.T.);
#1333=EDGE_CURVE('',#1870,#1871,#2232,.T.);
#1334=EDGE_CURVE('',#1871,#1872,#2233,.T.);
#1335=EDGE_CURVE('',#1873,#1872,#2234,.T.);
#1336=EDGE_CURVE('',#1870,#1873,#2235,.T.);
#1337=EDGE_CURVE('',#1874,#1875,#2236,.T.);
#1338=EDGE_CURVE('',#1875,#1876,#2237,.T.);
#1339=EDGE_CURVE('',#1877,#1876,#2238,.T.);
#1340=EDGE_CURVE('',#1874,#1877,#2239,.T.);
#1341=EDGE_CURVE('',#1878,#1879,#2240,.T.);
#1342=EDGE_CURVE('',#1879,#1880,#2241,.T.);
#1343=EDGE_CURVE('',#1881,#1880,#2242,.T.);
#1344=EDGE_CURVE('',#1878,#1881,#2243,.T.);
#1345=EDGE_CURVE('',#1882,#1883,#2244,.T.);
#1346=EDGE_CURVE('',#1883,#1884,#2245,.T.);
#1347=EDGE_CURVE('',#1885,#1884,#2246,.T.);
#1348=EDGE_CURVE('',#1882,#1885,#2247,.T.);
#1349=EDGE_CURVE('',#1886,#1887,#2248,.T.);
#1350=EDGE_CURVE('',#1887,#1888,#2249,.T.);
#1351=EDGE_CURVE('',#1889,#1888,#2250,.T.);
#1352=EDGE_CURVE('',#1886,#1889,#2251,.T.);
#1353=EDGE_CURVE('',#1890,#1891,#2252,.T.);
#1354=EDGE_CURVE('',#1891,#1892,#2253,.T.);
#1355=EDGE_CURVE('',#1893,#1892,#2254,.T.);
#1356=EDGE_CURVE('',#1890,#1893,#2255,.T.);
#1357=EDGE_CURVE('',#1894,#1895,#2256,.T.);
#1358=EDGE_CURVE('',#1894,#1896,#2257,.T.);
#1359=EDGE_CURVE('',#1896,#1897,#2258,.T.);
#1360=EDGE_CURVE('',#1897,#1898,#2259,.T.);
#1361=EDGE_CURVE('',#1899,#1898,#2260,.T.);
#1362=EDGE_CURVE('',#1895,#1899,#2261,.T.);
#1363=EDGE_CURVE('',#1900,#1901,#2262,.T.);
#1364=EDGE_CURVE('',#1901,#1902,#2263,.T.);
#1365=EDGE_CURVE('',#1903,#1902,#2264,.T.);
#1366=EDGE_CURVE('',#1903,#1900,#2265,.T.);
#1367=EDGE_CURVE('',#1904,#1905,#2266,.T.);
#1368=EDGE_CURVE('',#1905,#1906,#2267,.T.);
#1369=EDGE_CURVE('',#1907,#1906,#2268,.T.);
#1370=EDGE_CURVE('',#1904,#1907,#2269,.T.);
#1371=EDGE_CURVE('',#1908,#1902,#2270,.T.);
#1372=EDGE_CURVE('',#1909,#1908,#2271,.T.);
#1373=EDGE_CURVE('',#1903,#1909,#2272,.T.);
#1374=EDGE_CURVE('',#1910,#1911,#2273,.T.);
#1375=EDGE_CURVE('',#1912,#1910,#2274,.T.);
#1376=EDGE_CURVE('',#1913,#1912,#2275,.T.);
#1377=EDGE_CURVE('',#1913,#1911,#2276,.T.);
#1378=EDGE_CURVE('',#1914,#1915,#2277,.T.);
#1379=EDGE_CURVE('',#1916,#1914,#2278,.T.);
#1380=EDGE_CURVE('',#1916,#1917,#2279,.T.);
#1381=EDGE_CURVE('',#1918,#1917,#2280,.T.);
#1382=EDGE_CURVE('',#1919,#1918,#2281,.T.);
#1383=EDGE_CURVE('',#1915,#1919,#2282,.T.);
#1384=EDGE_CURVE('',#1920,#1921,#2283,.T.);
#1385=EDGE_CURVE('',#1921,#1922,#2284,.T.);
#1386=EDGE_CURVE('',#1923,#1922,#2285,.F.);
#1387=EDGE_CURVE('',#1923,#1920,#2286,.T.);
#1388=EDGE_CURVE('',#1921,#1919,#2287,.T.);
#1389=EDGE_CURVE('',#1915,#1920,#2288,.T.);
#1390=EDGE_CURVE('',#1901,#1924,#2289,.T.);
#1391=EDGE_CURVE('',#1925,#1900,#2290,.T.);
#1392=EDGE_CURVE('',#1925,#1924,#2291,.T.);
#1393=EDGE_CURVE('',#1922,#1924,#2292,.T.);
#1394=EDGE_CURVE('',#1925,#1923,#2293,.T.);
#1395=EDGE_CURVE('',#1856,#1918,#2294,.T.);
#1396=EDGE_CURVE('',#1857,#1917,#2295,.T.);
#1397=EDGE_CURVE('',#1897,#1926,#2296,.T.);
#1398=EDGE_CURVE('',#1927,#1896,#2297,.T.);
#1399=EDGE_CURVE('',#1927,#1926,#2298,.T.);
#1400=EDGE_CURVE('',#1928,#1929,#2299,.T.);
#1401=EDGE_CURVE('',#1929,#1926,#2300,.T.);
#1402=EDGE_CURVE('',#1927,#1928,#2301,.T.);
#1403=EDGE_CURVE('',#1930,#1931,#2302,.T.);
#1404=EDGE_CURVE('',#1931,#1929,#2303,.T.);
#1405=EDGE_CURVE('',#1928,#1930,#2304,.T.);
#1406=EDGE_CURVE('',#1932,#1933,#2305,.T.);
#1407=EDGE_CURVE('',#1933,#1934,#2306,.T.);
#1408=EDGE_CURVE('',#1935,#1934,#2307,.T.);
#1409=EDGE_CURVE('',#1935,#1932,#2308,.T.);
#1410=EDGE_CURVE('',#1936,#1937,#2309,.T.);
#1411=EDGE_CURVE('',#1936,#1938,#2310,.T.);
#1412=EDGE_CURVE('',#1938,#1939,#2311,.T.);
#1413=EDGE_CURVE('',#1937,#1939,#2312,.T.);
#1414=EDGE_CURVE('',#1940,#1941,#2313,.T.);
#1415=EDGE_CURVE('',#1940,#1942,#2314,.T.);
#1416=EDGE_CURVE('',#1942,#1943,#2315,.T.);
#1417=EDGE_CURVE('',#1941,#1943,#2316,.T.);
#1418=EDGE_CURVE('',#1944,#1945,#2317,.T.);
#1419=EDGE_CURVE('',#1944,#1946,#2318,.T.);
#1420=EDGE_CURVE('',#1946,#1947,#2319,.T.);
#1421=EDGE_CURVE('',#1945,#1947,#2320,.T.);
#1422=EDGE_CURVE('',#1948,#1949,#2321,.T.);
#1423=EDGE_CURVE('',#1948,#1950,#2322,.T.);
#1424=EDGE_CURVE('',#1950,#1951,#2323,.T.);
#1425=EDGE_CURVE('',#1949,#1951,#2324,.T.);
#1426=EDGE_CURVE('',#1952,#1953,#2325,.T.);
#1427=EDGE_CURVE('',#1952,#1954,#2326,.T.);
#1428=EDGE_CURVE('',#1954,#1955,#2327,.T.);
#1429=EDGE_CURVE('',#1953,#1955,#2328,.T.);
#1430=EDGE_CURVE('',#1956,#1957,#2329,.T.);
#1431=EDGE_CURVE('',#1956,#1958,#2330,.T.);
#1432=EDGE_CURVE('',#1958,#1959,#2331,.T.);
#1433=EDGE_CURVE('',#1957,#1959,#2332,.T.);
#1434=EDGE_CURVE('',#1960,#1961,#2333,.T.);
#1435=EDGE_CURVE('',#1960,#1962,#2334,.T.);
#1436=EDGE_CURVE('',#1962,#1963,#2335,.T.);
#1437=EDGE_CURVE('',#1961,#1963,#2336,.T.);
#1438=EDGE_CURVE('',#1964,#1965,#2337,.T.);
#1439=EDGE_CURVE('',#1964,#1966,#2338,.T.);
#1440=EDGE_CURVE('',#1966,#1967,#2339,.T.);
#1441=EDGE_CURVE('',#1965,#1967,#2340,.T.);
#1442=EDGE_CURVE('',#1968,#1969,#2341,.T.);
#1443=EDGE_CURVE('',#1968,#1970,#2342,.T.);
#1444=EDGE_CURVE('',#1970,#1971,#2343,.T.);
#1445=EDGE_CURVE('',#1969,#1971,#2344,.T.);
#1446=EDGE_CURVE('',#1908,#1931,#2345,.T.);
#1447=EDGE_CURVE('',#1930,#1909,#2346,.T.);
#1448=EDGE_CURVE('',#1972,#1973,#2347,.T.);
#1449=EDGE_CURVE('',#1973,#1933,#2348,.T.);
#1450=EDGE_CURVE('',#1932,#1972,#2349,.T.);
#1451=EDGE_CURVE('',#1974,#1975,#2350,.T.);
#1452=EDGE_CURVE('',#1975,#1973,#2351,.T.);
#1453=EDGE_CURVE('',#1972,#1974,#2352,.T.);
#1454=EDGE_CURVE('',#1976,#1977,#2353,.T.);
#1455=EDGE_CURVE('',#1977,#1975,#183,.F.);
#1456=EDGE_CURVE('',#1974,#1976,#184,.T.);
#1457=EDGE_CURVE('',#1978,#1979,#2354,.T.);
#1458=EDGE_CURVE('',#1979,#1980,#2355,.T.);
#1459=EDGE_CURVE('',#1980,#1981,#2356,.T.);
#1460=EDGE_CURVE('',#1981,#1982,#2357,.T.);
#1461=EDGE_CURVE('',#1982,#1983,#131,.T.);
#1462=EDGE_CURVE('',#1983,#1984,#132,.T.);
#1463=EDGE_CURVE('',#1984,#1985,#133,.T.);
#1464=EDGE_CURVE('',#1985,#1986,#134,.T.);
#1465=EDGE_CURVE('',#1986,#1987,#135,.T.);
#1466=EDGE_CURVE('',#1987,#1988,#136,.T.);
#1467=EDGE_CURVE('',#1988,#1989,#137,.T.);
#1468=EDGE_CURVE('',#1989,#1990,#138,.T.);
#1469=EDGE_CURVE('',#1990,#1991,#2358,.T.);
#1470=EDGE_CURVE('',#1991,#1992,#185,.F.);
#1471=EDGE_CURVE('',#1992,#1993,#139,.T.);
#1472=EDGE_CURVE('',#1993,#1994,#140,.T.);
#1473=EDGE_CURVE('',#1994,#1995,#141,.T.);
#1474=EDGE_CURVE('',#1995,#1996,#142,.T.);
#1475=EDGE_CURVE('',#1996,#1997,#143,.T.);
#1476=EDGE_CURVE('',#1997,#1998,#144,.T.);
#1477=EDGE_CURVE('',#1998,#1999,#145,.T.);
#1478=EDGE_CURVE('',#1999,#1978,#2359,.T.);
#1479=EDGE_CURVE('',#2000,#2001,#2360,.T.);
#1480=EDGE_CURVE('',#2001,#2002,#2361,.T.);
#1481=EDGE_CURVE('',#2002,#2003,#2362,.T.);
#1482=EDGE_CURVE('',#2003,#2004,#2363,.T.);
#1483=EDGE_CURVE('',#2004,#2005,#2364,.T.);
#1484=EDGE_CURVE('',#2005,#2006,#186,.T.);
#1485=EDGE_CURVE('',#2006,#2007,#2365,.T.);
#1486=EDGE_CURVE('',#2007,#2008,#2366,.T.);
#1487=EDGE_CURVE('',#2008,#2009,#2367,.T.);
#1488=EDGE_CURVE('',#2009,#2010,#2368,.T.);
#1489=EDGE_CURVE('',#2010,#2011,#2369,.T.);
#1490=EDGE_CURVE('',#2011,#2012,#2370,.T.);
#1491=EDGE_CURVE('',#2012,#2013,#146,.T.);
#1492=EDGE_CURVE('',#2013,#2000,#2371,.T.);
#1493=EDGE_CURVE('',#2014,#2015,#2372,.T.);
#1494=EDGE_CURVE('',#2015,#2016,#2373,.T.);
#1495=EDGE_CURVE('',#2016,#2017,#2374,.T.);
#1496=EDGE_CURVE('',#2017,#2018,#147,.T.);
#1497=EDGE_CURVE('',#2018,#2019,#148,.T.);
#1498=EDGE_CURVE('',#2019,#2020,#149,.T.);
#1499=EDGE_CURVE('',#2020,#2021,#150,.T.);
#1500=EDGE_CURVE('',#2021,#2022,#151,.T.);
#1501=EDGE_CURVE('',#2022,#2023,#2375,.T.);
#1502=EDGE_CURVE('',#2023,#2024,#2376,.T.);
#1503=EDGE_CURVE('',#2024,#2025,#2377,.T.);
#1504=EDGE_CURVE('',#2025,#2026,#152,.T.);
#1505=EDGE_CURVE('',#2026,#2027,#153,.T.);
#1506=EDGE_CURVE('',#2027,#2028,#154,.T.);
#1507=EDGE_CURVE('',#2028,#2029,#155,.T.);
#1508=EDGE_CURVE('',#2029,#2014,#156,.T.);
#1509=EDGE_CURVE('',#2030,#2031,#2378,.T.);
#1510=EDGE_CURVE('',#2031,#2032,#2379,.T.);
#1511=EDGE_CURVE('',#2032,#2033,#2380,.T.);
#1512=EDGE_CURVE('',#2033,#2034,#2381,.T.);
#1513=EDGE_CURVE('',#2034,#2035,#2382,.T.);
#1514=EDGE_CURVE('',#2035,#2036,#2383,.T.);
#1515=EDGE_CURVE('',#2036,#2037,#2384,.T.);
#1516=EDGE_CURVE('',#2037,#2030,#2385,.T.);
#1517=EDGE_CURVE('',#2038,#2039,#2386,.T.);
#1518=EDGE_CURVE('',#2039,#2040,#2387,.T.);
#1519=EDGE_CURVE('',#2040,#2041,#2388,.T.);
#1520=EDGE_CURVE('',#2041,#2042,#2389,.T.);
#1521=EDGE_CURVE('',#2042,#2043,#2390,.T.);
#1522=EDGE_CURVE('',#2043,#2044,#2391,.T.);
#1523=EDGE_CURVE('',#2044,#2045,#2392,.T.);
#1524=EDGE_CURVE('',#2045,#2046,#2393,.T.);
#1525=EDGE_CURVE('',#2046,#2047,#2394,.T.);
#1526=EDGE_CURVE('',#2047,#2048,#2395,.T.);
#1527=EDGE_CURVE('',#2048,#2049,#2396,.T.);
#1528=EDGE_CURVE('',#2049,#2038,#2397,.T.);
#1529=EDGE_CURVE('',#2050,#2051,#2398,.T.);
#1530=EDGE_CURVE('',#1977,#2051,#2399,.T.);
#1531=EDGE_CURVE('',#2050,#1976,#2400,.T.);
#1532=EDGE_CURVE('',#2052,#2053,#2401,.T.);
#1533=EDGE_CURVE('',#2051,#2053,#2402,.T.);
#1534=EDGE_CURVE('',#2052,#2050,#2403,.T.);
#1535=EDGE_CURVE('',#2054,#2053,#2404,.T.);
#1536=EDGE_CURVE('',#2052,#2055,#2405,.T.);
#1537=EDGE_CURVE('',#2055,#2054,#2406,.T.);
#1538=EDGE_CURVE('',#1910,#2054,#187,.F.);
#1539=EDGE_CURVE('',#2055,#1912,#188,.T.);
#1540=EDGE_CURVE('',#2056,#2057,#2407,.T.);
#1541=EDGE_CURVE('',#2057,#1911,#189,.F.);
#1542=EDGE_CURVE('',#1913,#2056,#190,.T.);
#1543=EDGE_CURVE('',#2058,#2059,#2408,.T.);
#1544=EDGE_CURVE('',#2059,#2057,#2409,.T.);
#1545=EDGE_CURVE('',#2056,#2058,#2410,.T.);
#1546=EDGE_CURVE('',#2060,#2061,#2411,.T.);
#1547=EDGE_CURVE('',#2062,#2060,#2412,.T.);
#1548=EDGE_CURVE('',#2063,#2062,#2413,.T.);
#1549=EDGE_CURVE('',#2064,#2063,#2414,.T.);
#1550=EDGE_CURVE('',#2065,#2064,#2415,.T.);
#1551=EDGE_CURVE('',#2066,#2065,#2416,.T.);
#1552=EDGE_CURVE('',#2067,#2066,#2417,.T.);
#1553=EDGE_CURVE('',#2068,#2067,#2418,.T.);
#1554=EDGE_CURVE('',#2069,#2068,#2419,.T.);
#1555=EDGE_CURVE('',#2070,#2069,#2420,.T.);
#1556=EDGE_CURVE('',#2071,#2070,#2421,.T.);
#1557=EDGE_CURVE('',#2072,#2071,#2422,.T.);
#1558=EDGE_CURVE('',#2073,#2072,#2423,.T.);
#1559=EDGE_CURVE('',#2061,#2073,#2424,.T.);
#1560=EDGE_CURVE('',#2074,#2075,#2425,.T.);
#1561=EDGE_CURVE('',#2076,#2074,#2426,.T.);
#1562=EDGE_CURVE('',#2076,#2077,#2427,.T.);
#1563=EDGE_CURVE('',#2077,#2075,#2428,.T.);
#1564=EDGE_CURVE('',#1934,#2059,#191,.F.);
#1565=EDGE_CURVE('',#2058,#1935,#192,.T.);
#1566=EDGE_CURVE('',#1854,#2078,#2429,.T.);
#1567=EDGE_CURVE('',#2078,#2079,#2430,.T.);
#1568=EDGE_CURVE('',#1899,#2079,#2431,.T.);
#1569=EDGE_CURVE('',#1898,#1855,#2432,.T.);
#1570=EDGE_CURVE('',#2080,#2081,#2433,.T.);
#1571=EDGE_CURVE('',#2082,#2080,#2434,.T.);
#1572=EDGE_CURVE('',#2083,#2082,#2435,.T.);
#1573=EDGE_CURVE('',#2084,#2083,#2436,.T.);
#1574=EDGE_CURVE('',#2085,#2084,#2437,.T.);
#1575=EDGE_CURVE('',#2086,#2085,#2438,.T.);
#1576=EDGE_CURVE('',#2087,#2086,#2439,.T.);
#1577=EDGE_CURVE('',#2088,#2087,#2440,.T.);
#1578=EDGE_CURVE('',#2089,#2088,#2441,.T.);
#1579=EDGE_CURVE('',#2090,#2089,#2442,.T.);
#1580=EDGE_CURVE('',#2091,#2090,#2443,.T.);
#1581=EDGE_CURVE('',#2081,#2091,#2444,.T.);
#1582=EDGE_CURVE('',#2092,#2093,#193,.T.);
#1583=EDGE_CURVE('',#2093,#2094,#2445,.F.);
#1584=EDGE_CURVE('',#2094,#2095,#194,.T.);
#1585=EDGE_CURVE('',#2095,#2096,#2446,.F.);
#1586=EDGE_CURVE('',#2096,#2097,#195,.T.);
#1587=EDGE_CURVE('',#2097,#2098,#2447,.F.);
#1588=EDGE_CURVE('',#2098,#2099,#196,.T.);
#1589=EDGE_CURVE('',#2099,#2092,#2448,.F.);
#1590=EDGE_CURVE('',#1916,#2100,#2449,.T.);
#1591=EDGE_CURVE('',#2101,#1914,#2450,.T.);
#1592=EDGE_CURVE('',#2100,#2101,#2451,.T.);
#1593=EDGE_CURVE('',#2102,#2102,#197,.T.);
#1594=EDGE_CURVE('',#2103,#2103,#198,.F.);
#1595=EDGE_CURVE('',#2101,#1852,#2452,.T.);
#1596=EDGE_CURVE('',#1853,#2100,#2453,.T.);
#1597=EDGE_CURVE('',#2104,#2104,#199,.T.);
#1598=EDGE_CURVE('',#2105,#2105,#200,.F.);
#1599=EDGE_CURVE('',#2106,#2078,#2454,.T.);
#1600=EDGE_CURVE('',#2107,#2106,#2455,.T.);
#1601=EDGE_CURVE('',#2079,#2107,#2456,.T.);
#1602=EDGE_CURVE('',#2106,#1894,#2457,.T.);
#1603=EDGE_CURVE('',#1895,#2107,#2458,.T.);
#1604=EDGE_CURVE('',#2074,#1905,#2459,.T.);
#1605=EDGE_CURVE('',#2075,#1906,#2460,.T.);
#1606=EDGE_CURVE('',#2077,#1907,#2461,.T.);
#1607=EDGE_CURVE('',#2076,#1904,#2462,.T.);
#1608=EDGE_CURVE('',#2039,#2080,#2463,.T.);
#1609=EDGE_CURVE('',#2040,#2081,#2464,.T.);
#1610=EDGE_CURVE('',#2041,#2091,#2465,.T.);
#1611=EDGE_CURVE('',#2042,#2090,#2466,.T.);
#1612=EDGE_CURVE('',#2043,#2089,#2467,.T.);
#1613=EDGE_CURVE('',#2044,#2088,#2468,.T.);
#1614=EDGE_CURVE('',#2045,#2087,#2469,.T.);
#1615=EDGE_CURVE('',#2046,#2086,#2470,.T.);
#1616=EDGE_CURVE('',#2047,#2085,#2471,.T.);
#1617=EDGE_CURVE('',#2048,#2084,#2472,.T.);
#1618=EDGE_CURVE('',#2049,#2083,#2473,.T.);
#1619=EDGE_CURVE('',#2038,#2082,#2474,.T.);
#1620=EDGE_CURVE('',#1859,#1938,#2475,.T.);
#1621=EDGE_CURVE('',#1860,#1936,#2476,.T.);
#1622=EDGE_CURVE('',#1861,#1937,#2477,.T.);
#1623=EDGE_CURVE('',#1858,#1939,#2478,.T.);
#1624=EDGE_CURVE('',#1863,#1942,#2479,.T.);
#1625=EDGE_CURVE('',#1864,#1940,#2480,.T.);
#1626=EDGE_CURVE('',#1865,#1941,#2481,.T.);
#1627=EDGE_CURVE('',#1862,#1943,#2482,.T.);
#1628=EDGE_CURVE('',#1867,#1946,#2483,.T.);
#1629=EDGE_CURVE('',#1868,#1944,#2484,.T.);
#1630=EDGE_CURVE('',#1869,#1945,#2485,.T.);
#1631=EDGE_CURVE('',#1866,#1947,#2486,.T.);
#1632=EDGE_CURVE('',#1871,#1950,#2487,.T.);
#1633=EDGE_CURVE('',#1872,#1948,#2488,.T.);
#1634=EDGE_CURVE('',#1873,#1949,#2489,.T.);
#1635=EDGE_CURVE('',#1870,#1951,#2490,.T.);
#1636=EDGE_CURVE('',#1875,#1954,#2491,.T.);
#1637=EDGE_CURVE('',#1876,#1952,#2492,.T.);
#1638=EDGE_CURVE('',#1877,#1953,#2493,.T.);
#1639=EDGE_CURVE('',#1874,#1955,#2494,.T.);
#1640=EDGE_CURVE('',#1879,#1958,#2495,.T.);
#1641=EDGE_CURVE('',#1880,#1956,#2496,.T.);
#1642=EDGE_CURVE('',#1881,#1957,#2497,.T.);
#1643=EDGE_CURVE('',#1878,#1959,#2498,.T.);
#1644=EDGE_CURVE('',#1883,#1962,#2499,.T.);
#1645=EDGE_CURVE('',#1884,#1960,#2500,.T.);
#1646=EDGE_CURVE('',#1885,#1961,#2501,.T.);
#1647=EDGE_CURVE('',#1882,#1963,#2502,.T.);
#1648=EDGE_CURVE('',#1887,#1966,#2503,.T.);
#1649=EDGE_CURVE('',#1888,#1964,#2504,.T.);
#1650=EDGE_CURVE('',#1889,#1965,#2505,.T.);
#1651=EDGE_CURVE('',#1886,#1967,#2506,.T.);
#1652=EDGE_CURVE('',#1891,#1970,#2507,.T.);
#1653=EDGE_CURVE('',#1892,#1968,#2508,.T.);
#1654=EDGE_CURVE('',#1893,#1969,#2509,.T.);
#1655=EDGE_CURVE('',#1890,#1971,#2510,.T.);
#1656=EDGE_CURVE('',#2108,#2060,#2511,.T.);
#1657=EDGE_CURVE('',#2109,#2061,#2512,.T.);
#1658=EDGE_CURVE('',#2109,#2108,#2513,.T.);
#1659=EDGE_CURVE('',#2110,#2073,#2514,.T.);
#1660=EDGE_CURVE('',#2110,#2109,#2515,.T.);
#1661=EDGE_CURVE('',#2111,#2072,#2516,.T.);
#1662=EDGE_CURVE('',#2111,#2110,#2517,.T.);
#1663=EDGE_CURVE('',#2112,#2071,#2518,.T.);
#1664=EDGE_CURVE('',#2112,#2111,#2519,.T.);
#1665=EDGE_CURVE('',#2113,#2070,#2520,.T.);
#1666=EDGE_CURVE('',#2113,#2112,#2521,.T.);
#1667=EDGE_CURVE('',#2114,#2069,#2522,.T.);
#1668=EDGE_CURVE('',#2114,#2113,#2523,.T.);
#1669=EDGE_CURVE('',#2115,#2068,#2524,.T.);
#1670=EDGE_CURVE('',#2115,#2114,#2525,.T.);
#1671=EDGE_CURVE('',#2116,#2067,#2526,.T.);
#1672=EDGE_CURVE('',#2116,#2115,#2527,.T.);
#1673=EDGE_CURVE('',#2117,#2066,#2528,.T.);
#1674=EDGE_CURVE('',#2117,#2116,#2529,.T.);
#1675=EDGE_CURVE('',#2118,#2065,#2530,.T.);
#1676=EDGE_CURVE('',#2118,#2117,#2531,.T.);
#1677=EDGE_CURVE('',#2119,#2064,#2532,.T.);
#1678=EDGE_CURVE('',#2119,#2118,#2533,.T.);
#1679=EDGE_CURVE('',#2120,#2063,#2534,.T.);
#1680=EDGE_CURVE('',#2120,#2119,#2535,.T.);
#1681=EDGE_CURVE('',#2121,#2062,#2536,.T.);
#1682=EDGE_CURVE('',#2121,#2120,#2537,.T.);
#1683=EDGE_CURVE('',#2108,#2121,#2538,.T.);
#1684=EDGE_CURVE('',#2122,#2031,#2539,.T.);
#1685=EDGE_CURVE('',#2122,#2123,#2540,.T.);
#1686=EDGE_CURVE('',#2123,#2032,#2541,.T.);
#1687=EDGE_CURVE('',#2123,#2124,#2542,.T.);
#1688=EDGE_CURVE('',#2124,#2033,#2543,.T.);
#1689=EDGE_CURVE('',#2124,#2125,#2544,.T.);
#1690=EDGE_CURVE('',#2125,#2034,#2545,.T.);
#1691=EDGE_CURVE('',#2125,#2126,#2546,.T.);
#1692=EDGE_CURVE('',#2126,#2035,#2547,.T.);
#1693=EDGE_CURVE('',#2126,#2127,#2548,.T.);
#1694=EDGE_CURVE('',#2127,#2036,#2549,.T.);
#1695=EDGE_CURVE('',#2127,#2128,#2550,.T.);
#1696=EDGE_CURVE('',#2128,#2037,#2551,.T.);
#1697=EDGE_CURVE('',#2128,#2129,#2552,.T.);
#1698=EDGE_CURVE('',#2129,#2030,#2553,.T.);
#1699=EDGE_CURVE('',#2129,#2122,#2554,.T.);
#1700=EDGE_CURVE('',#2130,#2015,#2555,.T.);
#1701=EDGE_CURVE('',#2130,#2131,#2556,.T.);
#1702=EDGE_CURVE('',#2131,#2016,#2557,.T.);
#1703=EDGE_CURVE('',#2131,#2132,#2558,.T.);
#1704=EDGE_CURVE('',#2132,#2017,#2559,.T.);
#1705=EDGE_CURVE('',#2132,#2133,#157,.T.);
#1706=EDGE_CURVE('',#2133,#2018,#2560,.T.);
#1707=EDGE_CURVE('',#2133,#2134,#158,.T.);
#1708=EDGE_CURVE('',#2134,#2019,#2561,.T.);
#1709=EDGE_CURVE('',#2134,#2135,#159,.T.);
#1710=EDGE_CURVE('',#2135,#2020,#2562,.T.);
#1711=EDGE_CURVE('',#2135,#2136,#160,.T.);
#1712=EDGE_CURVE('',#2136,#2021,#2563,.T.);
#1713=EDGE_CURVE('',#2136,#2137,#161,.T.);
#1714=EDGE_CURVE('',#2137,#2022,#2564,.T.);
#1715=EDGE_CURVE('',#2137,#2138,#2565,.T.);
#1716=EDGE_CURVE('',#2138,#2023,#2566,.T.);
#1717=EDGE_CURVE('',#2138,#2139,#2567,.T.);
#1718=EDGE_CURVE('',#2139,#2024,#2568,.T.);
#1719=EDGE_CURVE('',#2139,#2140,#2569,.T.);
#1720=EDGE_CURVE('',#2140,#2025,#2570,.T.);
#1721=EDGE_CURVE('',#2140,#2141,#162,.T.);
#1722=EDGE_CURVE('',#2141,#2026,#2571,.T.);
#1723=EDGE_CURVE('',#2141,#2142,#163,.T.);
#1724=EDGE_CURVE('',#2142,#2027,#2572,.T.);
#1725=EDGE_CURVE('',#2142,#2143,#164,.T.);
#1726=EDGE_CURVE('',#2143,#2028,#2573,.T.);
#1727=EDGE_CURVE('',#2143,#2144,#165,.T.);
#1728=EDGE_CURVE('',#2144,#2029,#2574,.T.);
#1729=EDGE_CURVE('',#2144,#2145,#166,.T.);
#1730=EDGE_CURVE('',#2145,#2014,#2575,.T.);
#1731=EDGE_CURVE('',#2145,#2130,#2576,.T.);
#1732=EDGE_CURVE('',#2146,#2001,#2577,.T.);
#1733=EDGE_CURVE('',#2146,#2147,#2578,.T.);
#1734=EDGE_CURVE('',#2147,#2002,#2579,.T.);
#1735=EDGE_CURVE('',#2147,#2148,#2580,.T.);
#1736=EDGE_CURVE('',#2148,#2003,#2581,.T.);
#1737=EDGE_CURVE('',#2148,#2149,#2582,.T.);
#1738=EDGE_CURVE('',#2149,#2004,#2583,.T.);
#1739=EDGE_CURVE('',#2149,#2150,#2584,.T.);
#1740=EDGE_CURVE('',#2150,#2005,#2585,.T.);
#1741=EDGE_CURVE('',#2150,#2151,#201,.T.);
#1742=EDGE_CURVE('',#2151,#2006,#2586,.T.);
#1743=EDGE_CURVE('',#2151,#2152,#2587,.T.);
#1744=EDGE_CURVE('',#2152,#2007,#2588,.T.);
#1745=EDGE_CURVE('',#2152,#2153,#2589,.T.);
#1746=EDGE_CURVE('',#2153,#2008,#2590,.T.);
#1747=EDGE_CURVE('',#2153,#2154,#2591,.T.);
#1748=EDGE_CURVE('',#2154,#2009,#2592,.T.);
#1749=EDGE_CURVE('',#2154,#2155,#2593,.T.);
#1750=EDGE_CURVE('',#2155,#2010,#2594,.T.);
#1751=EDGE_CURVE('',#2155,#2156,#2595,.T.);
#1752=EDGE_CURVE('',#2156,#2011,#2596,.T.);
#1753=EDGE_CURVE('',#2156,#2157,#2597,.T.);
#1754=EDGE_CURVE('',#2157,#2012,#2598,.T.);
#1755=EDGE_CURVE('',#2157,#2158,#167,.T.);
#1756=EDGE_CURVE('',#2158,#2013,#2599,.T.);
#1757=EDGE_CURVE('',#2158,#2159,#2600,.T.);
#1758=EDGE_CURVE('',#2159,#2000,#2601,.T.);
#1759=EDGE_CURVE('',#2159,#2146,#2602,.T.);
#1760=EDGE_CURVE('',#2160,#1979,#2603,.T.);
#1761=EDGE_CURVE('',#2160,#2161,#2604,.T.);
#1762=EDGE_CURVE('',#2161,#1980,#2605,.T.);
#1763=EDGE_CURVE('',#2161,#2162,#2606,.T.);
#1764=EDGE_CURVE('',#2162,#1981,#2607,.T.);
#1765=EDGE_CURVE('',#2162,#2163,#2608,.T.);
#1766=EDGE_CURVE('',#2163,#1982,#2609,.T.);
#1767=EDGE_CURVE('',#2163,#2164,#168,.T.);
#1768=EDGE_CURVE('',#2164,#1983,#2610,.T.);
#1769=EDGE_CURVE('',#2164,#2165,#169,.T.);
#1770=EDGE_CURVE('',#2165,#1984,#2611,.T.);
#1771=EDGE_CURVE('',#2165,#2166,#170,.T.);
#1772=EDGE_CURVE('',#2166,#1985,#2612,.T.);
#1773=EDGE_CURVE('',#2166,#2167,#171,.T.);
#1774=EDGE_CURVE('',#2167,#1986,#2613,.T.);
#1775=EDGE_CURVE('',#2167,#2168,#172,.T.);
#1776=EDGE_CURVE('',#2168,#1987,#2614,.T.);
#1777=EDGE_CURVE('',#2168,#2169,#173,.T.);
#1778=EDGE_CURVE('',#2169,#1988,#2615,.T.);
#1779=EDGE_CURVE('',#2169,#2170,#174,.T.);
#1780=EDGE_CURVE('',#2170,#1989,#2616,.T.);
#1781=EDGE_CURVE('',#2170,#2171,#175,.T.);
#1782=EDGE_CURVE('',#2171,#1990,#2617,.T.);
#1783=EDGE_CURVE('',#2171,#2172,#2618,.T.);
#1784=EDGE_CURVE('',#2172,#1991,#2619,.T.);
#1785=EDGE_CURVE('',#2172,#2173,#202,.F.);
#1786=EDGE_CURVE('',#2173,#1992,#2620,.T.);
#1787=EDGE_CURVE('',#2173,#2174,#176,.T.);
#1788=EDGE_CURVE('',#2174,#1993,#2621,.T.);
#1789=EDGE_CURVE('',#2174,#2175,#177,.T.);
#1790=EDGE_CURVE('',#2175,#1994,#2622,.T.);
#1791=EDGE_CURVE('',#2175,#2176,#178,.T.);
#1792=EDGE_CURVE('',#2176,#1995,#2623,.T.);
#1793=EDGE_CURVE('',#2176,#2177,#179,.T.);
#1794=EDGE_CURVE('',#2177,#1996,#2624,.T.);
#1795=EDGE_CURVE('',#2177,#2178,#180,.T.);
#1796=EDGE_CURVE('',#2178,#1997,#2625,.T.);
#1797=EDGE_CURVE('',#2178,#2179,#181,.T.);
#1798=EDGE_CURVE('',#2179,#1998,#2626,.T.);
#1799=EDGE_CURVE('',#2179,#2180,#182,.T.);
#1800=EDGE_CURVE('',#2180,#1999,#2627,.T.);
#1801=EDGE_CURVE('',#2180,#2181,#2628,.T.);
#1802=EDGE_CURVE('',#2181,#1978,#2629,.T.);
#1803=EDGE_CURVE('',#2181,#2160,#2630,.T.);
#1804=EDGE_CURVE('',#2182,#2182,#203,.T.);
#1805=EDGE_CURVE('',#2183,#2183,#204,.T.);
#1806=EDGE_CURVE('',#2184,#2184,#205,.T.);
#1807=EDGE_CURVE('',#2185,#2185,#206,.T.);
#1808=EDGE_CURVE('',#2186,#2186,#207,.T.);
#1809=EDGE_CURVE('',#2187,#2188,#2631,.F.);
#1810=EDGE_CURVE('',#2188,#2189,#2632,.F.);
#1811=EDGE_CURVE('',#2189,#2190,#2633,.T.);
#1812=EDGE_CURVE('',#2190,#2187,#2634,.T.);
#1813=EDGE_CURVE('',#2097,#2189,#208,.T.);
#1814=EDGE_CURVE('',#2188,#2098,#209,.T.);
#1815=EDGE_CURVE('',#2188,#2099,#210,.T.);
#1816=EDGE_CURVE('',#2096,#2189,#211,.T.);
#1817=EDGE_CURVE('',#2187,#2092,#212,.T.);
#1818=EDGE_CURVE('',#2095,#2190,#213,.T.);
#1819=EDGE_CURVE('',#2187,#2093,#214,.T.);
#1820=EDGE_CURVE('',#2094,#2190,#215,.T.);
#1821=EDGE_CURVE('',#2191,#2192,#2635,.T.);
#1822=EDGE_CURVE('',#2192,#2193,#2636,.T.);
#1823=EDGE_CURVE('',#2194,#2193,#2637,.T.);
#1824=EDGE_CURVE('',#2191,#2194,#2638,.T.);
#1825=EDGE_CURVE('',#2195,#2196,#2639,.T.);
#1826=EDGE_CURVE('',#2196,#2197,#2640,.T.);
#1827=EDGE_CURVE('',#2198,#2197,#2641,.T.);
#1828=EDGE_CURVE('',#2195,#2198,#2642,.T.);
#1829=EDGE_CURVE('',#2199,#2200,#2643,.T.);
#1830=EDGE_CURVE('',#2199,#2197,#2644,.T.);
#1831=EDGE_CURVE('',#2200,#2196,#2645,.T.);
#1832=EDGE_CURVE('',#2200,#2201,#2646,.T.);
#1833=EDGE_CURVE('',#2201,#2195,#2647,.T.);
#1834=EDGE_CURVE('',#2199,#2202,#2648,.T.);
#1835=EDGE_CURVE('',#2202,#2198,#2649,.T.);
#1836=EDGE_CURVE('',#2202,#2201,#2650,.T.);
#1837=EDGE_CURVE('',#2203,#2203,#216,.T.);
#1838=EDGE_CURVE('',#2204,#2204,#217,.F.);
#1839=EDGE_CURVE('',#2205,#2205,#218,.F.);
#1840=EDGE_CURVE('',#2206,#2206,#219,.T.);
#1841=EDGE_CURVE('',#2207,#2194,#2651,.T.);
#1842=EDGE_CURVE('',#2207,#2208,#2652,.T.);
#1843=EDGE_CURVE('',#2208,#2191,#2653,.T.);
#1844=EDGE_CURVE('',#2209,#2193,#2654,.T.);
#1845=EDGE_CURVE('',#2209,#2207,#2655,.T.);
#1846=EDGE_CURVE('',#2210,#2208,#2656,.T.);
#1847=EDGE_CURVE('',#2210,#2192,#2657,.T.);
#1848=EDGE_CURVE('',#2209,#2210,#2658,.T.);
#1849=EDGE_CURVE('',#2211,#2211,#220,.T.);
#1850=EDGE_CURVE('',#2212,#2212,#221,.T.);
#1851=EDGE_CURVE('',#2213,#2213,#222,.T.);
#1852=VERTEX_POINT('',#5587);
#1853=VERTEX_POINT('',#5588);
#1854=VERTEX_POINT('',#5590);
#1855=VERTEX_POINT('',#5592);
#1856=VERTEX_POINT('',#5594);
#1857=VERTEX_POINT('',#5596);
#1858=VERTEX_POINT('',#5600);
#1859=VERTEX_POINT('',#5601);
#1860=VERTEX_POINT('',#5603);
#1861=VERTEX_POINT('',#5605);
#1862=VERTEX_POINT('',#5608);
#1863=VERTEX_POINT('',#5609);
#1864=VERTEX_POINT('',#5611);
#1865=VERTEX_POINT('',#5613);
#1866=VERTEX_POINT('',#5616);
#1867=VERTEX_POINT('',#5617);
#1868=VERTEX_POINT('',#5619);
#1869=VERTEX_POINT('',#5621);
#1870=VERTEX_POINT('',#5624);
#1871=VERTEX_POINT('',#5625);
#1872=VERTEX_POINT('',#5627);
#1873=VERTEX_POINT('',#5629);
#1874=VERTEX_POINT('',#5632);
#1875=VERTEX_POINT('',#5633);
#1876=VERTEX_POINT('',#5635);
#1877=VERTEX_POINT('',#5637);
#1878=VERTEX_POINT('',#5640);
#1879=VERTEX_POINT('',#5641);
#1880=VERTEX_POINT('',#5643);
#1881=VERTEX_POINT('',#5645);
#1882=VERTEX_POINT('',#5648);
#1883=VERTEX_POINT('',#5649);
#1884=VERTEX_POINT('',#5651);
#1885=VERTEX_POINT('',#5653);
#1886=VERTEX_POINT('',#5656);
#1887=VERTEX_POINT('',#5657);
#1888=VERTEX_POINT('',#5659);
#1889=VERTEX_POINT('',#5661);
#1890=VERTEX_POINT('',#5664);
#1891=VERTEX_POINT('',#5665);
#1892=VERTEX_POINT('',#5667);
#1893=VERTEX_POINT('',#5669);
#1894=VERTEX_POINT('',#5672);
#1895=VERTEX_POINT('',#5673);
#1896=VERTEX_POINT('',#5675);
#1897=VERTEX_POINT('',#5677);
#1898=VERTEX_POINT('',#5679);
#1899=VERTEX_POINT('',#5681);
#1900=VERTEX_POINT('',#5685);
#1901=VERTEX_POINT('',#5686);
#1902=VERTEX_POINT('',#5688);
#1903=VERTEX_POINT('',#5690);
#1904=VERTEX_POINT('',#5694);
#1905=VERTEX_POINT('',#5695);
#1906=VERTEX_POINT('',#5697);
#1907=VERTEX_POINT('',#5699);
#1908=VERTEX_POINT('',#5702);
#1909=VERTEX_POINT('',#5704);
#1910=VERTEX_POINT('',#5708);
#1911=VERTEX_POINT('',#5709);
#1912=VERTEX_POINT('',#5711);
#1913=VERTEX_POINT('',#5713);
#1914=VERTEX_POINT('',#5717);
#1915=VERTEX_POINT('',#5718);
#1916=VERTEX_POINT('',#5720);
#1917=VERTEX_POINT('',#5722);
#1918=VERTEX_POINT('',#5724);
#1919=VERTEX_POINT('',#5726);
#1920=VERTEX_POINT('',#5730);
#1921=VERTEX_POINT('',#5731);
#1922=VERTEX_POINT('',#5733);
#1923=VERTEX_POINT('',#5735);
#1924=VERTEX_POINT('',#5742);
#1925=VERTEX_POINT('',#5744);
#1926=VERTEX_POINT('',#5754);
#1927=VERTEX_POINT('',#5756);
#1928=VERTEX_POINT('',#5760);
#1929=VERTEX_POINT('',#5761);
#1930=VERTEX_POINT('',#5766);
#1931=VERTEX_POINT('',#5767);
#1932=VERTEX_POINT('',#5772);
#1933=VERTEX_POINT('',#5773);
#1934=VERTEX_POINT('',#5775);
#1935=VERTEX_POINT('',#5777);
#1936=VERTEX_POINT('',#5780);
#1937=VERTEX_POINT('',#5781);
#1938=VERTEX_POINT('',#5783);
#1939=VERTEX_POINT('',#5785);
#1940=VERTEX_POINT('',#5788);
#1941=VERTEX_POINT('',#5789);
#1942=VERTEX_POINT('',#5791);
#1943=VERTEX_POINT('',#5793);
#1944=VERTEX_POINT('',#5796);
#1945=VERTEX_POINT('',#5797);
#1946=VERTEX_POINT('',#5799);
#1947=VERTEX_POINT('',#5801);
#1948=VERTEX_POINT('',#5804);
#1949=VERTEX_POINT('',#5805);
#1950=VERTEX_POINT('',#5807);
#1951=VERTEX_POINT('',#5809);
#1952=VERTEX_POINT('',#5812);
#1953=VERTEX_POINT('',#5813);
#1954=VERTEX_POINT('',#5815);
#1955=VERTEX_POINT('',#5817);
#1956=VERTEX_POINT('',#5820);
#1957=VERTEX_POINT('',#5821);
#1958=VERTEX_POINT('',#5823);
#1959=VERTEX_POINT('',#5825);
#1960=VERTEX_POINT('',#5828);
#1961=VERTEX_POINT('',#5829);
#1962=VERTEX_POINT('',#5831);
#1963=VERTEX_POINT('',#5833);
#1964=VERTEX_POINT('',#5836);
#1965=VERTEX_POINT('',#5837);
#1966=VERTEX_POINT('',#5839);
#1967=VERTEX_POINT('',#5841);
#1968=VERTEX_POINT('',#5844);
#1969=VERTEX_POINT('',#5845);
#1970=VERTEX_POINT('',#5847);
#1971=VERTEX_POINT('',#5849);
#1972=VERTEX_POINT('',#5856);
#1973=VERTEX_POINT('',#5857);
#1974=VERTEX_POINT('',#5862);
#1975=VERTEX_POINT('',#5863);
#1976=VERTEX_POINT('',#5868);
#1977=VERTEX_POINT('',#5869);
#1978=VERTEX_POINT('',#5874);
#1979=VERTEX_POINT('',#5875);
#1980=VERTEX_POINT('',#5877);
#1981=VERTEX_POINT('',#5879);
#1982=VERTEX_POINT('',#5881);
#1983=VERTEX_POINT('',#5885);
#1984=VERTEX_POINT('',#5889);
#1985=VERTEX_POINT('',#5893);
#1986=VERTEX_POINT('',#5897);
#1987=VERTEX_POINT('',#5901);
#1988=VERTEX_POINT('',#5905);
#1989=VERTEX_POINT('',#5909);
#1990=VERTEX_POINT('',#5913);
#1991=VERTEX_POINT('',#5915);
#1992=VERTEX_POINT('',#5917);
#1993=VERTEX_POINT('',#5921);
#1994=VERTEX_POINT('',#5925);
#1995=VERTEX_POINT('',#5929);
#1996=VERTEX_POINT('',#5933);
#1997=VERTEX_POINT('',#5937);
#1998=VERTEX_POINT('',#5941);
#1999=VERTEX_POINT('',#5945);
#2000=VERTEX_POINT('',#5948);
#2001=VERTEX_POINT('',#5949);
#2002=VERTEX_POINT('',#5951);
#2003=VERTEX_POINT('',#5953);
#2004=VERTEX_POINT('',#5955);
#2005=VERTEX_POINT('',#5957);
#2006=VERTEX_POINT('',#5959);
#2007=VERTEX_POINT('',#5961);
#2008=VERTEX_POINT('',#5963);
#2009=VERTEX_POINT('',#5965);
#2010=VERTEX_POINT('',#5967);
#2011=VERTEX_POINT('',#5969);
#2012=VERTEX_POINT('',#5971);
#2013=VERTEX_POINT('',#5975);
#2014=VERTEX_POINT('',#5978);
#2015=VERTEX_POINT('',#5979);
#2016=VERTEX_POINT('',#5981);
#2017=VERTEX_POINT('',#5983);
#2018=VERTEX_POINT('',#5987);
#2019=VERTEX_POINT('',#5991);
#2020=VERTEX_POINT('',#5995);
#2021=VERTEX_POINT('',#5999);
#2022=VERTEX_POINT('',#6003);
#2023=VERTEX_POINT('',#6005);
#2024=VERTEX_POINT('',#6007);
#2025=VERTEX_POINT('',#6009);
#2026=VERTEX_POINT('',#6013);
#2027=VERTEX_POINT('',#6017);
#2028=VERTEX_POINT('',#6021);
#2029=VERTEX_POINT('',#6025);
#2030=VERTEX_POINT('',#6030);
#2031=VERTEX_POINT('',#6031);
#2032=VERTEX_POINT('',#6033);
#2033=VERTEX_POINT('',#6035);
#2034=VERTEX_POINT('',#6037);
#2035=VERTEX_POINT('',#6039);
#2036=VERTEX_POINT('',#6041);
#2037=VERTEX_POINT('',#6043);
#2038=VERTEX_POINT('',#6046);
#2039=VERTEX_POINT('',#6047);
#2040=VERTEX_POINT('',#6049);
#2041=VERTEX_POINT('',#6051);
#2042=VERTEX_POINT('',#6053);
#2043=VERTEX_POINT('',#6055);
#2044=VERTEX_POINT('',#6057);
#2045=VERTEX_POINT('',#6059);
#2046=VERTEX_POINT('',#6061);
#2047=VERTEX_POINT('',#6063);
#2048=VERTEX_POINT('',#6065);
#2049=VERTEX_POINT('',#6067);
#2050=VERTEX_POINT('',#6070);
#2051=VERTEX_POINT('',#6071);
#2052=VERTEX_POINT('',#6076);
#2053=VERTEX_POINT('',#6077);
#2054=VERTEX_POINT('',#6082);
#2055=VERTEX_POINT('',#6084);
#2056=VERTEX_POINT('',#6091);
#2057=VERTEX_POINT('',#6092);
#2058=VERTEX_POINT('',#6097);
#2059=VERTEX_POINT('',#6098);
#2060=VERTEX_POINT('',#6102);
#2061=VERTEX_POINT('',#6103);
#2062=VERTEX_POINT('',#6105);
#2063=VERTEX_POINT('',#6107);
#2064=VERTEX_POINT('',#6109);
#2065=VERTEX_POINT('',#6111);
#2066=VERTEX_POINT('',#6113);
#2067=VERTEX_POINT('',#6115);
#2068=VERTEX_POINT('',#6117);
#2069=VERTEX_POINT('',#6119);
#2070=VERTEX_POINT('',#6121);
#2071=VERTEX_POINT('',#6123);
#2072=VERTEX_POINT('',#6125);
#2073=VERTEX_POINT('',#6127);
#2074=VERTEX_POINT('',#6130);
#2075=VERTEX_POINT('',#6131);
#2076=VERTEX_POINT('',#6133);
#2077=VERTEX_POINT('',#6135);
#2078=VERTEX_POINT('',#6142);
#2079=VERTEX_POINT('',#6144);
#2080=VERTEX_POINT('',#6148);
#2081=VERTEX_POINT('',#6149);
#2082=VERTEX_POINT('',#6151);
#2083=VERTEX_POINT('',#6153);
#2084=VERTEX_POINT('',#6155);
#2085=VERTEX_POINT('',#6157);
#2086=VERTEX_POINT('',#6159);
#2087=VERTEX_POINT('',#6161);
#2088=VERTEX_POINT('',#6163);
#2089=VERTEX_POINT('',#6165);
#2090=VERTEX_POINT('',#6167);
#2091=VERTEX_POINT('',#6169);
#2092=VERTEX_POINT('',#6173);
#2093=VERTEX_POINT('',#6174);
#2094=VERTEX_POINT('',#6176);
#2095=VERTEX_POINT('',#6178);
#2096=VERTEX_POINT('',#6180);
#2097=VERTEX_POINT('',#6182);
#2098=VERTEX_POINT('',#6184);
#2099=VERTEX_POINT('',#6186);
#2100=VERTEX_POINT('',#6190);
#2101=VERTEX_POINT('',#6192);
#2102=VERTEX_POINT('',#6196);
#2103=VERTEX_POINT('',#6198);
#2104=VERTEX_POINT('',#6205);
#2105=VERTEX_POINT('',#6207);
#2106=VERTEX_POINT('',#6210);
#2107=VERTEX_POINT('',#6212);
#2108=VERTEX_POINT('',#6324);
#2109=VERTEX_POINT('',#6326);
#2110=VERTEX_POINT('',#6330);
#2111=VERTEX_POINT('',#6334);
#2112=VERTEX_POINT('',#6338);
#2113=VERTEX_POINT('',#6342);
#2114=VERTEX_POINT('',#6346);
#2115=VERTEX_POINT('',#6350);
#2116=VERTEX_POINT('',#6354);
#2117=VERTEX_POINT('',#6358);
#2118=VERTEX_POINT('',#6362);
#2119=VERTEX_POINT('',#6366);
#2120=VERTEX_POINT('',#6370);
#2121=VERTEX_POINT('',#6374);
#2122=VERTEX_POINT('',#6381);
#2123=VERTEX_POINT('',#6383);
#2124=VERTEX_POINT('',#6387);
#2125=VERTEX_POINT('',#6391);
#2126=VERTEX_POINT('',#6395);
#2127=VERTEX_POINT('',#6399);
#2128=VERTEX_POINT('',#6403);
#2129=VERTEX_POINT('',#6407);
#2130=VERTEX_POINT('',#6414);
#2131=VERTEX_POINT('',#6416);
#2132=VERTEX_POINT('',#6420);
#2133=VERTEX_POINT('',#6433);
#2134=VERTEX_POINT('',#6446);
#2135=VERTEX_POINT('',#6459);
#2136=VERTEX_POINT('',#6472);
#2137=VERTEX_POINT('',#6485);
#2138=VERTEX_POINT('',#6489);
#2139=VERTEX_POINT('',#6493);
#2140=VERTEX_POINT('',#6497);
#2141=VERTEX_POINT('',#6510);
#2142=VERTEX_POINT('',#6523);
#2143=VERTEX_POINT('',#6536);
#2144=VERTEX_POINT('',#6549);
#2145=VERTEX_POINT('',#6562);
#2146=VERTEX_POINT('',#6569);
#2147=VERTEX_POINT('',#6571);
#2148=VERTEX_POINT('',#6575);
#2149=VERTEX_POINT('',#6579);
#2150=VERTEX_POINT('',#6583);
#2151=VERTEX_POINT('',#6587);
#2152=VERTEX_POINT('',#6591);
#2153=VERTEX_POINT('',#6595);
#2154=VERTEX_POINT('',#6599);
#2155=VERTEX_POINT('',#6603);
#2156=VERTEX_POINT('',#6607);
#2157=VERTEX_POINT('',#6611);
#2158=VERTEX_POINT('',#6624);
#2159=VERTEX_POINT('',#6628);
#2160=VERTEX_POINT('',#6635);
#2161=VERTEX_POINT('',#6637);
#2162=VERTEX_POINT('',#6641);
#2163=VERTEX_POINT('',#6645);
#2164=VERTEX_POINT('',#6658);
#2165=VERTEX_POINT('',#6671);
#2166=VERTEX_POINT('',#6684);
#2167=VERTEX_POINT('',#6697);
#2168=VERTEX_POINT('',#6710);
#2169=VERTEX_POINT('',#6723);
#2170=VERTEX_POINT('',#6736);
#2171=VERTEX_POINT('',#6749);
#2172=VERTEX_POINT('',#6753);
#2173=VERTEX_POINT('',#6757);
#2174=VERTEX_POINT('',#6770);
#2175=VERTEX_POINT('',#6783);
#2176=VERTEX_POINT('',#6796);
#2177=VERTEX_POINT('',#6809);
#2178=VERTEX_POINT('',#6822);
#2179=VERTEX_POINT('',#6835);
#2180=VERTEX_POINT('',#6848);
#2181=VERTEX_POINT('',#6852);
#2182=VERTEX_POINT('',#6859);
#2183=VERTEX_POINT('',#6861);
#2184=VERTEX_POINT('',#6863);
#2185=VERTEX_POINT('',#6865);
#2186=VERTEX_POINT('',#6868);
#2187=VERTEX_POINT('',#6874);
#2188=VERTEX_POINT('',#6875);
#2189=VERTEX_POINT('',#6877);
#2190=VERTEX_POINT('',#6879);
#2191=VERTEX_POINT('',#6899);
#2192=VERTEX_POINT('',#6900);
#2193=VERTEX_POINT('',#6902);
#2194=VERTEX_POINT('',#6904);
#2195=VERTEX_POINT('',#6907);
#2196=VERTEX_POINT('',#6908);
#2197=VERTEX_POINT('',#6910);
#2198=VERTEX_POINT('',#6912);
#2199=VERTEX_POINT('',#6916);
#2200=VERTEX_POINT('',#6917);
#2201=VERTEX_POINT('',#6922);
#2202=VERTEX_POINT('',#6926);
#2203=VERTEX_POINT('',#6932);
#2204=VERTEX_POINT('',#6934);
#2205=VERTEX_POINT('',#6938);
#2206=VERTEX_POINT('',#6941);
#2207=VERTEX_POINT('',#6944);
#2208=VERTEX_POINT('',#6946);
#2209=VERTEX_POINT('',#6950);
#2210=VERTEX_POINT('',#6954);
#2211=VERTEX_POINT('',#6962);
#2212=VERTEX_POINT('',#6966);
#2213=VERTEX_POINT('',#6970);
#2214=LINE('',#5586,#2659);
#2215=LINE('',#5589,#2660);
#2216=LINE('',#5591,#2661);
#2217=LINE('',#5593,#2662);
#2218=LINE('',#5595,#2663);
#2219=LINE('',#5597,#2664);
#2220=LINE('',#5599,#2665);
#2221=LINE('',#5602,#2666);
#2222=LINE('',#5604,#2667);
#2223=LINE('',#5606,#2668);
#2224=LINE('',#5607,#2669);
#2225=LINE('',#5610,#2670);
#2226=LINE('',#5612,#2671);
#2227=LINE('',#5614,#2672);
#2228=LINE('',#5615,#2673);
#2229=LINE('',#5618,#2674);
#2230=LINE('',#5620,#2675);
#2231=LINE('',#5622,#2676);
#2232=LINE('',#5623,#2677);
#2233=LINE('',#5626,#2678);
#2234=LINE('',#5628,#2679);
#2235=LINE('',#5630,#2680);
#2236=LINE('',#5631,#2681);
#2237=LINE('',#5634,#2682);
#2238=LINE('',#5636,#2683);
#2239=LINE('',#5638,#2684);
#2240=LINE('',#5639,#2685);
#2241=LINE('',#5642,#2686);
#2242=LINE('',#5644,#2687);
#2243=LINE('',#5646,#2688);
#2244=LINE('',#5647,#2689);
#2245=LINE('',#5650,#2690);
#2246=LINE('',#5652,#2691);
#2247=LINE('',#5654,#2692);
#2248=LINE('',#5655,#2693);
#2249=LINE('',#5658,#2694);
#2250=LINE('',#5660,#2695);
#2251=LINE('',#5662,#2696);
#2252=LINE('',#5663,#2697);
#2253=LINE('',#5666,#2698);
#2254=LINE('',#5668,#2699);
#2255=LINE('',#5670,#2700);
#2256=LINE('',#5671,#2701);
#2257=LINE('',#5674,#2702);
#2258=LINE('',#5676,#2703);
#2259=LINE('',#5678,#2704);
#2260=LINE('',#5680,#2705);
#2261=LINE('',#5682,#2706);
#2262=LINE('',#5684,#2707);
#2263=LINE('',#5687,#2708);
#2264=LINE('',#5689,#2709);
#2265=LINE('',#5691,#2710);
#2266=LINE('',#5693,#2711);
#2267=LINE('',#5696,#2712);
#2268=LINE('',#5698,#2713);
#2269=LINE('',#5700,#2714);
#2270=LINE('',#5701,#2715);
#2271=LINE('',#5703,#2716);
#2272=LINE('',#5705,#2717);
#2273=LINE('',#5707,#2718);
#2274=LINE('',#5710,#2719);
#2275=LINE('',#5712,#2720);
#2276=LINE('',#5714,#2721);
#2277=LINE('',#5716,#2722);
#2278=LINE('',#5719,#2723);
#2279=LINE('',#5721,#2724);
#2280=LINE('',#5723,#2725);
#2281=LINE('',#5725,#2726);
#2282=LINE('',#5727,#2727);
#2283=LINE('',#5729,#2728);
#2284=LINE('',#5732,#2729);
#2285=LINE('',#5734,#2730);
#2286=LINE('',#5736,#2731);
#2287=LINE('',#5738,#2732);
#2288=LINE('',#5739,#2733);
#2289=LINE('',#5741,#2734);
#2290=LINE('',#5743,#2735);
#2291=LINE('',#5745,#2736);
#2292=LINE('',#5747,#2737);
#2293=LINE('',#5748,#2738);
#2294=LINE('',#5750,#2739);
#2295=LINE('',#5751,#2740);
#2296=LINE('',#5753,#2741);
#2297=LINE('',#5755,#2742);
#2298=LINE('',#5757,#2743);
#2299=LINE('',#5759,#2744);
#2300=LINE('',#5762,#2745);
#2301=LINE('',#5763,#2746);
#2302=LINE('',#5765,#2747);
#2303=LINE('',#5768,#2748);
#2304=LINE('',#5769,#2749);
#2305=LINE('',#5771,#2750);
#2306=LINE('',#5774,#2751);
#2307=LINE('',#5776,#2752);
#2308=LINE('',#5778,#2753);
#2309=LINE('',#5779,#2754);
#2310=LINE('',#5782,#2755);
#2311=LINE('',#5784,#2756);
#2312=LINE('',#5786,#2757);
#2313=LINE('',#5787,#2758);
#2314=LINE('',#5790,#2759);
#2315=LINE('',#5792,#2760);
#2316=LINE('',#5794,#2761);
#2317=LINE('',#5795,#2762);
#2318=LINE('',#5798,#2763);
#2319=LINE('',#5800,#2764);
#2320=LINE('',#5802,#2765);
#2321=LINE('',#5803,#2766);
#2322=LINE('',#5806,#2767);
#2323=LINE('',#5808,#2768);
#2324=LINE('',#5810,#2769);
#2325=LINE('',#5811,#2770);
#2326=LINE('',#5814,#2771);
#2327=LINE('',#5816,#2772);
#2328=LINE('',#5818,#2773);
#2329=LINE('',#5819,#2774);
#2330=LINE('',#5822,#2775);
#2331=LINE('',#5824,#2776);
#2332=LINE('',#5826,#2777);
#2333=LINE('',#5827,#2778);
#2334=LINE('',#5830,#2779);
#2335=LINE('',#5832,#2780);
#2336=LINE('',#5834,#2781);
#2337=LINE('',#5835,#2782);
#2338=LINE('',#5838,#2783);
#2339=LINE('',#5840,#2784);
#2340=LINE('',#5842,#2785);
#2341=LINE('',#5843,#2786);
#2342=LINE('',#5846,#2787);
#2343=LINE('',#5848,#2788);
#2344=LINE('',#5850,#2789);
#2345=LINE('',#5852,#2790);
#2346=LINE('',#5853,#2791);
#2347=LINE('',#5855,#2792);
#2348=LINE('',#5858,#2793);
#2349=LINE('',#5859,#2794);
#2350=LINE('',#5861,#2795);
#2351=LINE('',#5864,#2796);
#2352=LINE('',#5865,#2797);
#2353=LINE('',#5867,#2798);
#2354=LINE('',#5873,#2799);
#2355=LINE('',#5876,#2800);
#2356=LINE('',#5878,#2801);
#2357=LINE('',#5880,#2802);
#2358=LINE('',#5914,#2803);
#2359=LINE('',#5946,#2804);
#2360=LINE('',#5947,#2805);
#2361=LINE('',#5950,#2806);
#2362=LINE('',#5952,#2807);
#2363=LINE('',#5954,#2808);
#2364=LINE('',#5956,#2809);
#2365=LINE('',#5960,#2810);
#2366=LINE('',#5962,#2811);
#2367=LINE('',#5964,#2812);
#2368=LINE('',#5966,#2813);
#2369=LINE('',#5968,#2814);
#2370=LINE('',#5970,#2815);
#2371=LINE('',#5976,#2816);
#2372=LINE('',#5977,#2817);
#2373=LINE('',#5980,#2818);
#2374=LINE('',#5982,#2819);
#2375=LINE('',#6004,#2820);
#2376=LINE('',#6006,#2821);
#2377=LINE('',#6008,#2822);
#2378=LINE('',#6029,#2823);
#2379=LINE('',#6032,#2824);
#2380=LINE('',#6034,#2825);
#2381=LINE('',#6036,#2826);
#2382=LINE('',#6038,#2827);
#2383=LINE('',#6040,#2828);
#2384=LINE('',#6042,#2829);
#2385=LINE('',#6044,#2830);
#2386=LINE('',#6045,#2831);
#2387=LINE('',#6048,#2832);
#2388=LINE('',#6050,#2833);
#2389=LINE('',#6052,#2834);
#2390=LINE('',#6054,#2835);
#2391=LINE('',#6056,#2836);
#2392=LINE('',#6058,#2837);
#2393=LINE('',#6060,#2838);
#2394=LINE('',#6062,#2839);
#2395=LINE('',#6064,#2840);
#2396=LINE('',#6066,#2841);
#2397=LINE('',#6068,#2842);
#2398=LINE('',#6069,#2843);
#2399=LINE('',#6072,#2844);
#2400=LINE('',#6073,#2845);
#2401=LINE('',#6075,#2846);
#2402=LINE('',#6078,#2847);
#2403=LINE('',#6079,#2848);
#2404=LINE('',#6081,#2849);
#2405=LINE('',#6083,#2850);
#2406=LINE('',#6085,#2851);
#2407=LINE('',#6090,#2852);
#2408=LINE('',#6096,#2853);
#2409=LINE('',#6099,#2854);
#2410=LINE('',#6100,#2855);
#2411=LINE('',#6101,#2856);
#2412=LINE('',#6104,#2857);
#2413=LINE('',#6106,#2858);
#2414=LINE('',#6108,#2859);
#2415=LINE('',#6110,#2860);
#2416=LINE('',#6112,#2861);
#2417=LINE('',#6114,#2862);
#2418=LINE('',#6116,#2863);
#2419=LINE('',#6118,#2864);
#2420=LINE('',#6120,#2865);
#2421=LINE('',#6122,#2866);
#2422=LINE('',#6124,#2867);
#2423=LINE('',#6126,#2868);
#2424=LINE('',#6128,#2869);
#2425=LINE('',#6129,#2870);
#2426=LINE('',#6132,#2871);
#2427=LINE('',#6134,#2872);
#2428=LINE('',#6136,#2873);
#2429=LINE('',#6141,#2874);
#2430=LINE('',#6143,#2875);
#2431=LINE('',#6145,#2876);
#2432=LINE('',#6146,#2877);
#2433=LINE('',#6147,#2878);
#2434=LINE('',#6150,#2879);
#2435=LINE('',#6152,#2880);
#2436=LINE('',#6154,#2881);
#2437=LINE('',#6156,#2882);
#2438=LINE('',#6158,#2883);
#2439=LINE('',#6160,#2884);
#2440=LINE('',#6162,#2885);
#2441=LINE('',#6164,#2886);
#2442=LINE('',#6166,#2887);
#2443=LINE('',#6168,#2888);
#2444=LINE('',#6170,#2889);
#2445=LINE('',#6175,#2890);
#2446=LINE('',#6179,#2891);
#2447=LINE('',#6183,#2892);
#2448=LINE('',#6187,#2893);
#2449=LINE('',#6189,#2894);
#2450=LINE('',#6191,#2895);
#2451=LINE('',#6193,#2896);
#2452=LINE('',#6200,#2897);
#2453=LINE('',#6201,#2898);
#2454=LINE('',#6209,#2899);
#2455=LINE('',#6211,#2900);
#2456=LINE('',#6213,#2901);
#2457=LINE('',#6215,#2902);
#2458=LINE('',#6216,#2903);
#2459=LINE('',#6219,#2904);
#2460=LINE('',#6220,#2905);
#2461=LINE('',#6222,#2906);
#2462=LINE('',#6224,#2907);
#2463=LINE('',#6227,#2908);
#2464=LINE('',#6228,#2909);
#2465=LINE('',#6230,#2910);
#2466=LINE('',#6232,#2911);
#2467=LINE('',#6234,#2912);
#2468=LINE('',#6236,#2913);
#2469=LINE('',#6238,#2914);
#2470=LINE('',#6240,#2915);
#2471=LINE('',#6242,#2916);
#2472=LINE('',#6244,#2917);
#2473=LINE('',#6246,#2918);
#2474=LINE('',#6248,#2919);
#2475=LINE('',#6251,#2920);
#2476=LINE('',#6252,#2921);
#2477=LINE('',#6254,#2922);
#2478=LINE('',#6256,#2923);
#2479=LINE('',#6259,#2924);
#2480=LINE('',#6260,#2925);
#2481=LINE('',#6262,#2926);
#2482=LINE('',#6264,#2927);
#2483=LINE('',#6267,#2928);
#2484=LINE('',#6268,#2929);
#2485=LINE('',#6270,#2930);
#2486=LINE('',#6272,#2931);
#2487=LINE('',#6275,#2932);
#2488=LINE('',#6276,#2933);
#2489=LINE('',#6278,#2934);
#2490=LINE('',#6280,#2935);
#2491=LINE('',#6283,#2936);
#2492=LINE('',#6284,#2937);
#2493=LINE('',#6286,#2938);
#2494=LINE('',#6288,#2939);
#2495=LINE('',#6291,#2940);
#2496=LINE('',#6292,#2941);
#2497=LINE('',#6294,#2942);
#2498=LINE('',#6296,#2943);
#2499=LINE('',#6299,#2944);
#2500=LINE('',#6300,#2945);
#2501=LINE('',#6302,#2946);
#2502=LINE('',#6304,#2947);
#2503=LINE('',#6307,#2948);
#2504=LINE('',#6308,#2949);
#2505=LINE('',#6310,#2950);
#2506=LINE('',#6312,#2951);
#2507=LINE('',#6315,#2952);
#2508=LINE('',#6316,#2953);
#2509=LINE('',#6318,#2954);
#2510=LINE('',#6320,#2955);
#2511=LINE('',#6323,#2956);
#2512=LINE('',#6325,#2957);
#2513=LINE('',#6327,#2958);
#2514=LINE('',#6329,#2959);
#2515=LINE('',#6331,#2960);
#2516=LINE('',#6333,#2961);
#2517=LINE('',#6335,#2962);
#2518=LINE('',#6337,#2963);
#2519=LINE('',#6339,#2964);
#2520=LINE('',#6341,#2965);
#2521=LINE('',#6343,#2966);
#2522=LINE('',#6345,#2967);
#2523=LINE('',#6347,#2968);
#2524=LINE('',#6349,#2969);
#2525=LINE('',#6351,#2970);
#2526=LINE('',#6353,#2971);
#2527=LINE('',#6355,#2972);
#2528=LINE('',#6357,#2973);
#2529=LINE('',#6359,#2974);
#2530=LINE('',#6361,#2975);
#2531=LINE('',#6363,#2976);
#2532=LINE('',#6365,#2977);
#2533=LINE('',#6367,#2978);
#2534=LINE('',#6369,#2979);
#2535=LINE('',#6371,#2980);
#2536=LINE('',#6373,#2981);
#2537=LINE('',#6375,#2982);
#2538=LINE('',#6377,#2983);
#2539=LINE('',#6380,#2984);
#2540=LINE('',#6382,#2985);
#2541=LINE('',#6384,#2986);
#2542=LINE('',#6386,#2987);
#2543=LINE('',#6388,#2988);
#2544=LINE('',#6390,#2989);
#2545=LINE('',#6392,#2990);
#2546=LINE('',#6394,#2991);
#2547=LINE('',#6396,#2992);
#2548=LINE('',#6398,#2993);
#2549=LINE('',#6400,#2994);
#2550=LINE('',#6402,#2995);
#2551=LINE('',#6404,#2996);
#2552=LINE('',#6406,#2997);
#2553=LINE('',#6408,#2998);
#2554=LINE('',#6410,#2999);
#2555=LINE('',#6413,#3000);
#2556=LINE('',#6415,#3001);
#2557=LINE('',#6417,#3002);
#2558=LINE('',#6419,#3003);
#2559=LINE('',#6421,#3004);
#2560=LINE('',#6434,#3005);
#2561=LINE('',#6447,#3006);
#2562=LINE('',#6460,#3007);
#2563=LINE('',#6473,#3008);
#2564=LINE('',#6486,#3009);
#2565=LINE('',#6488,#3010);
#2566=LINE('',#6490,#3011);
#2567=LINE('',#6492,#3012);
#2568=LINE('',#6494,#3013);
#2569=LINE('',#6496,#3014);
#2570=LINE('',#6498,#3015);
#2571=LINE('',#6511,#3016);
#2572=LINE('',#6524,#3017);
#2573=LINE('',#6537,#3018);
#2574=LINE('',#6550,#3019);
#2575=LINE('',#6563,#3020);
#2576=LINE('',#6565,#3021);
#2577=LINE('',#6568,#3022);
#2578=LINE('',#6570,#3023);
#2579=LINE('',#6572,#3024);
#2580=LINE('',#6574,#3025);
#2581=LINE('',#6576,#3026);
#2582=LINE('',#6578,#3027);
#2583=LINE('',#6580,#3028);
#2584=LINE('',#6582,#3029);
#2585=LINE('',#6584,#3030);
#2586=LINE('',#6588,#3031);
#2587=LINE('',#6590,#3032);
#2588=LINE('',#6592,#3033);
#2589=LINE('',#6594,#3034);
#2590=LINE('',#6596,#3035);
#2591=LINE('',#6598,#3036);
#2592=LINE('',#6600,#3037);
#2593=LINE('',#6602,#3038);
#2594=LINE('',#6604,#3039);
#2595=LINE('',#6606,#3040);
#2596=LINE('',#6608,#3041);
#2597=LINE('',#6610,#3042);
#2598=LINE('',#6612,#3043);
#2599=LINE('',#6625,#3044);
#2600=LINE('',#6627,#3045);
#2601=LINE('',#6629,#3046);
#2602=LINE('',#6631,#3047);
#2603=LINE('',#6634,#3048);
#2604=LINE('',#6636,#3049);
#2605=LINE('',#6638,#3050);
#2606=LINE('',#6640,#3051);
#2607=LINE('',#6642,#3052);
#2608=LINE('',#6644,#3053);
#2609=LINE('',#6646,#3054);
#2610=LINE('',#6659,#3055);
#2611=LINE('',#6672,#3056);
#2612=LINE('',#6685,#3057);
#2613=LINE('',#6698,#3058);
#2614=LINE('',#6711,#3059);
#2615=LINE('',#6724,#3060);
#2616=LINE('',#6737,#3061);
#2617=LINE('',#6750,#3062);
#2618=LINE('',#6752,#3063);
#2619=LINE('',#6754,#3064);
#2620=LINE('',#6758,#3065);
#2621=LINE('',#6771,#3066);
#2622=LINE('',#6784,#3067);
#2623=LINE('',#6797,#3068);
#2624=LINE('',#6810,#3069);
#2625=LINE('',#6823,#3070);
#2626=LINE('',#6836,#3071);
#2627=LINE('',#6849,#3072);
#2628=LINE('',#6851,#3073);
#2629=LINE('',#6853,#3074);
#2630=LINE('',#6855,#3075);
#2631=LINE('',#6873,#3076);
#2632=LINE('',#6876,#3077);
#2633=LINE('',#6878,#3078);
#2634=LINE('',#6880,#3079);
#2635=LINE('',#6898,#3080);
#2636=LINE('',#6901,#3081);
#2637=LINE('',#6903,#3082);
#2638=LINE('',#6905,#3083);
#2639=LINE('',#6906,#3084);
#2640=LINE('',#6909,#3085);
#2641=LINE('',#6911,#3086);
#2642=LINE('',#6913,#3087);
#2643=LINE('',#6915,#3088);
#2644=LINE('',#6918,#3089);
#2645=LINE('',#6919,#3090);
#2646=LINE('',#6921,#3091);
#2647=LINE('',#6923,#3092);
#2648=LINE('',#6925,#3093);
#2649=LINE('',#6927,#3094);
#2650=LINE('',#6929,#3095);
#2651=LINE('',#6943,#3096);
#2652=LINE('',#6945,#3097);
#2653=LINE('',#6947,#3098);
#2654=LINE('',#6949,#3099);
#2655=LINE('',#6951,#3100);
#2656=LINE('',#6953,#3101);
#2657=LINE('',#6955,#3102);
#2658=LINE('',#6957,#3103);
#2659=VECTOR('',#4707,1.);
#2660=VECTOR('',#4708,1.);
#2661=VECTOR('',#4709,1.);
#2662=VECTOR('',#4710,1.);
#2663=VECTOR('',#4711,1.);
#2664=VECTOR('',#4712,1.);
#2665=VECTOR('',#4715,1.);
#2666=VECTOR('',#4716,1.);
#2667=VECTOR('',#4717,1.);
#2668=VECTOR('',#4718,1.);
#2669=VECTOR('',#4719,1.);
#2670=VECTOR('',#4720,1.);
#2671=VECTOR('',#4721,1.);
#2672=VECTOR('',#4722,1.);
#2673=VECTOR('',#4723,1.);
#2674=VECTOR('',#4724,1.);
#2675=VECTOR('',#4725,1.);
#2676=VECTOR('',#4726,1.);
#2677=VECTOR('',#4727,1.);
#2678=VECTOR('',#4728,1.);
#2679=VECTOR('',#4729,1.);
#2680=VECTOR('',#4730,1.);
#2681=VECTOR('',#4731,1.);
#2682=VECTOR('',#4732,1.);
#2683=VECTOR('',#4733,1.);
#2684=VECTOR('',#4734,1.);
#2685=VECTOR('',#4735,1.);
#2686=VECTOR('',#4736,1.);
#2687=VECTOR('',#4737,1.);
#2688=VECTOR('',#4738,1.);
#2689=VECTOR('',#4739,1.);
#2690=VECTOR('',#4740,1.);
#2691=VECTOR('',#4741,1.);
#2692=VECTOR('',#4742,1.);
#2693=VECTOR('',#4743,1.);
#2694=VECTOR('',#4744,1.);
#2695=VECTOR('',#4745,1.);
#2696=VECTOR('',#4746,1.);
#2697=VECTOR('',#4747,1.);
#2698=VECTOR('',#4748,1.);
#2699=VECTOR('',#4749,1.);
#2700=VECTOR('',#4750,1.);
#2701=VECTOR('',#4751,1.);
#2702=VECTOR('',#4752,1.);
#2703=VECTOR('',#4753,1.);
#2704=VECTOR('',#4754,1.);
#2705=VECTOR('',#4755,1.);
#2706=VECTOR('',#4756,1.);
#2707=VECTOR('',#4759,1.);
#2708=VECTOR('',#4760,1.);
#2709=VECTOR('',#4761,1.);
#2710=VECTOR('',#4762,1.);
#2711=VECTOR('',#4765,1.);
#2712=VECTOR('',#4766,1.);
#2713=VECTOR('',#4767,1.);
#2714=VECTOR('',#4768,1.);
#2715=VECTOR('',#4769,1.);
#2716=VECTOR('',#4770,1.);
#2717=VECTOR('',#4771,1.);
#2718=VECTOR('',#4774,1.);
#2719=VECTOR('',#4775,1.);
#2720=VECTOR('',#4776,1.);
#2721=VECTOR('',#4777,1.);
#2722=VECTOR('',#4780,1.);
#2723=VECTOR('',#4781,1.);
#2724=VECTOR('',#4782,1.);
#2725=VECTOR('',#4783,1.);
#2726=VECTOR('',#4784,1.);
#2727=VECTOR('',#4785,1.);
#2728=VECTOR('',#4788,1.);
#2729=VECTOR('',#4789,1.);
#2730=VECTOR('',#4790,1.);
#2731=VECTOR('',#4791,1.);
#2732=VECTOR('',#4794,1.);
#2733=VECTOR('',#4795,1.);
#2734=VECTOR('',#4798,1.);
#2735=VECTOR('',#4799,1.);
#2736=VECTOR('',#4800,1.);
#2737=VECTOR('',#4803,1.);
#2738=VECTOR('',#4804,1.);
#2739=VECTOR('',#4807,1.);
#2740=VECTOR('',#4808,1.);
#2741=VECTOR('',#4811,1.);
#2742=VECTOR('',#4812,1.);
#2743=VECTOR('',#4813,1.);
#2744=VECTOR('',#4816,1.);
#2745=VECTOR('',#4817,1.);
#2746=VECTOR('',#4818,1.);
#2747=VECTOR('',#4821,1.);
#2748=VECTOR('',#4822,1.);
#2749=VECTOR('',#4823,1.);
#2750=VECTOR('',#4826,1.);
#2751=VECTOR('',#4827,1.);
#2752=VECTOR('',#4828,1.);
#2753=VECTOR('',#4829,1.);
#2754=VECTOR('',#4830,1.);
#2755=VECTOR('',#4831,1.);
#2756=VECTOR('',#4832,1.);
#2757=VECTOR('',#4833,1.);
#2758=VECTOR('',#4834,1.);
#2759=VECTOR('',#4835,1.);
#2760=VECTOR('',#4836,1.);
#2761=VECTOR('',#4837,1.);
#2762=VECTOR('',#4838,1.);
#2763=VECTOR('',#4839,1.);
#2764=VECTOR('',#4840,1.);
#2765=VECTOR('',#4841,1.);
#2766=VECTOR('',#4842,1.);
#2767=VECTOR('',#4843,1.);
#2768=VECTOR('',#4844,1.);
#2769=VECTOR('',#4845,1.);
#2770=VECTOR('',#4846,1.);
#2771=VECTOR('',#4847,1.);
#2772=VECTOR('',#4848,1.);
#2773=VECTOR('',#4849,1.);
#2774=VECTOR('',#4850,1.);
#2775=VECTOR('',#4851,1.);
#2776=VECTOR('',#4852,1.);
#2777=VECTOR('',#4853,1.);
#2778=VECTOR('',#4854,1.);
#2779=VECTOR('',#4855,1.);
#2780=VECTOR('',#4856,1.);
#2781=VECTOR('',#4857,1.);
#2782=VECTOR('',#4858,1.);
#2783=VECTOR('',#4859,1.);
#2784=VECTOR('',#4860,1.);
#2785=VECTOR('',#4861,1.);
#2786=VECTOR('',#4862,1.);
#2787=VECTOR('',#4863,1.);
#2788=VECTOR('',#4864,1.);
#2789=VECTOR('',#4865,1.);
#2790=VECTOR('',#4868,1.);
#2791=VECTOR('',#4869,1.);
#2792=VECTOR('',#4872,1.);
#2793=VECTOR('',#4873,1.);
#2794=VECTOR('',#4874,1.);
#2795=VECTOR('',#4877,1.);
#2796=VECTOR('',#4878,1.);
#2797=VECTOR('',#4879,1.);
#2798=VECTOR('',#4882,1.);
#2799=VECTOR('',#4889,1.);
#2800=VECTOR('',#4890,1.);
#2801=VECTOR('',#4891,1.);
#2802=VECTOR('',#4892,1.);
#2803=VECTOR('',#4893,1.);
#2804=VECTOR('',#4896,1.);
#2805=VECTOR('',#4897,1.);
#2806=VECTOR('',#4898,1.);
#2807=VECTOR('',#4899,1.);
#2808=VECTOR('',#4900,1.);
#2809=VECTOR('',#4901,1.);
#2810=VECTOR('',#4904,1.);
#2811=VECTOR('',#4905,1.);
#2812=VECTOR('',#4906,1.);
#2813=VECTOR('',#4907,1.);
#2814=VECTOR('',#4908,1.);
#2815=VECTOR('',#4909,1.);
#2816=VECTOR('',#4910,1.);
#2817=VECTOR('',#4911,1.);
#2818=VECTOR('',#4912,1.);
#2819=VECTOR('',#4913,1.);
#2820=VECTOR('',#4914,1.);
#2821=VECTOR('',#4915,1.);
#2822=VECTOR('',#4916,1.);
#2823=VECTOR('',#4917,1.);
#2824=VECTOR('',#4918,1.);
#2825=VECTOR('',#4919,1.);
#2826=VECTOR('',#4920,1.);
#2827=VECTOR('',#4921,1.);
#2828=VECTOR('',#4922,1.);
#2829=VECTOR('',#4923,1.);
#2830=VECTOR('',#4924,1.);
#2831=VECTOR('',#4925,1.);
#2832=VECTOR('',#4926,1.);
#2833=VECTOR('',#4927,1.);
#2834=VECTOR('',#4928,1.);
#2835=VECTOR('',#4929,1.);
#2836=VECTOR('',#4930,1.);
#2837=VECTOR('',#4931,1.);
#2838=VECTOR('',#4932,1.);
#2839=VECTOR('',#4933,1.);
#2840=VECTOR('',#4934,1.);
#2841=VECTOR('',#4935,1.);
#2842=VECTOR('',#4936,1.);
#2843=VECTOR('',#4937,1.);
#2844=VECTOR('',#4938,1.);
#2845=VECTOR('',#4939,1.);
#2846=VECTOR('',#4942,1.);
#2847=VECTOR('',#4943,1.);
#2848=VECTOR('',#4944,1.);
#2849=VECTOR('',#4947,1.);
#2850=VECTOR('',#4948,1.);
#2851=VECTOR('',#4949,1.);
#2852=VECTOR('',#4958,1.);
#2853=VECTOR('',#4965,1.);
#2854=VECTOR('',#4966,1.);
#2855=VECTOR('',#4967,1.);
#2856=VECTOR('',#4968,1.);
#2857=VECTOR('',#4969,1.);
#2858=VECTOR('',#4970,1.);
#2859=VECTOR('',#4971,1.);
#2860=VECTOR('',#4972,1.);
#2861=VECTOR('',#4973,1.);
#2862=VECTOR('',#4974,1.);
#2863=VECTOR('',#4975,1.);
#2864=VECTOR('',#4976,1.);
#2865=VECTOR('',#4977,1.);
#2866=VECTOR('',#4978,1.);
#2867=VECTOR('',#4979,1.);
#2868=VECTOR('',#4980,1.);
#2869=VECTOR('',#4981,1.);
#2870=VECTOR('',#4982,1.);
#2871=VECTOR('',#4983,1.);
#2872=VECTOR('',#4984,1.);
#2873=VECTOR('',#4985,1.);
#2874=VECTOR('',#4994,1.);
#2875=VECTOR('',#4995,1.);
#2876=VECTOR('',#4996,1.);
#2877=VECTOR('',#4997,1.);
#2878=VECTOR('',#4998,1.);
#2879=VECTOR('',#4999,1.);
#2880=VECTOR('',#5000,1.);
#2881=VECTOR('',#5001,1.);
#2882=VECTOR('',#5002,1.);
#2883=VECTOR('',#5003,1.);
#2884=VECTOR('',#5004,1.);
#2885=VECTOR('',#5005,1.);
#2886=VECTOR('',#5006,1.);
#2887=VECTOR('',#5007,1.);
#2888=VECTOR('',#5008,1.);
#2889=VECTOR('',#5009,1.);
#2890=VECTOR('',#5014,1.);
#2891=VECTOR('',#5017,1.);
#2892=VECTOR('',#5020,1.);
#2893=VECTOR('',#5023,1.);
#2894=VECTOR('',#5026,1.);
#2895=VECTOR('',#5027,1.);
#2896=VECTOR('',#5028,1.);
#2897=VECTOR('',#5037,1.);
#2898=VECTOR('',#5038,1.);
#2899=VECTOR('',#5049,1.);
#2900=VECTOR('',#5050,1.);
#2901=VECTOR('',#5051,1.);
#2902=VECTOR('',#5054,1.);
#2903=VECTOR('',#5055,1.);
#2904=VECTOR('',#5060,1.);
#2905=VECTOR('',#5061,1.);
#2906=VECTOR('',#5064,1.);
#2907=VECTOR('',#5067,1.);
#2908=VECTOR('',#5072,1.);
#2909=VECTOR('',#5073,1.);
#2910=VECTOR('',#5076,1.);
#2911=VECTOR('',#5079,1.);
#2912=VECTOR('',#5082,1.);
#2913=VECTOR('',#5085,1.);
#2914=VECTOR('',#5088,1.);
#2915=VECTOR('',#5091,1.);
#2916=VECTOR('',#5094,1.);
#2917=VECTOR('',#5097,1.);
#2918=VECTOR('',#5100,1.);
#2919=VECTOR('',#5103,1.);
#2920=VECTOR('',#5108,1.);
#2921=VECTOR('',#5109,1.);
#2922=VECTOR('',#5112,1.);
#2923=VECTOR('',#5115,1.);
#2924=VECTOR('',#5120,1.);
#2925=VECTOR('',#5121,1.);
#2926=VECTOR('',#5124,1.);
#2927=VECTOR('',#5127,1.);
#2928=VECTOR('',#5132,1.);
#2929=VECTOR('',#5133,1.);
#2930=VECTOR('',#5136,1.);
#2931=VECTOR('',#5139,1.);
#2932=VECTOR('',#5144,1.);
#2933=VECTOR('',#5145,1.);
#2934=VECTOR('',#5148,1.);
#2935=VECTOR('',#5151,1.);
#2936=VECTOR('',#5156,1.);
#2937=VECTOR('',#5157,1.);
#2938=VECTOR('',#5160,1.);
#2939=VECTOR('',#5163,1.);
#2940=VECTOR('',#5168,1.);
#2941=VECTOR('',#5169,1.);
#2942=VECTOR('',#5172,1.);
#2943=VECTOR('',#5175,1.);
#2944=VECTOR('',#5180,1.);
#2945=VECTOR('',#5181,1.);
#2946=VECTOR('',#5184,1.);
#2947=VECTOR('',#5187,1.);
#2948=VECTOR('',#5192,1.);
#2949=VECTOR('',#5193,1.);
#2950=VECTOR('',#5196,1.);
#2951=VECTOR('',#5199,1.);
#2952=VECTOR('',#5204,1.);
#2953=VECTOR('',#5205,1.);
#2954=VECTOR('',#5208,1.);
#2955=VECTOR('',#5211,1.);
#2956=VECTOR('',#5216,1.);
#2957=VECTOR('',#5217,1.);
#2958=VECTOR('',#5218,1.);
#2959=VECTOR('',#5221,1.);
#2960=VECTOR('',#5222,1.);
#2961=VECTOR('',#5225,1.);
#2962=VECTOR('',#5226,1.);
#2963=VECTOR('',#5229,1.);
#2964=VECTOR('',#5230,1.);
#2965=VECTOR('',#5233,1.);
#2966=VECTOR('',#5234,1.);
#2967=VECTOR('',#5237,1.);
#2968=VECTOR('',#5238,1.);
#2969=VECTOR('',#5241,1.);
#2970=VECTOR('',#5242,1.);
#2971=VECTOR('',#5245,1.);
#2972=VECTOR('',#5246,1.);
#2973=VECTOR('',#5249,1.);
#2974=VECTOR('',#5250,1.);
#2975=VECTOR('',#5253,1.);
#2976=VECTOR('',#5254,1.);
#2977=VECTOR('',#5257,1.);
#2978=VECTOR('',#5258,1.);
#2979=VECTOR('',#5261,1.);
#2980=VECTOR('',#5262,1.);
#2981=VECTOR('',#5265,1.);
#2982=VECTOR('',#5266,1.);
#2983=VECTOR('',#5269,1.);
#2984=VECTOR('',#5274,1.);
#2985=VECTOR('',#5275,1.);
#2986=VECTOR('',#5276,1.);
#2987=VECTOR('',#5279,1.);
#2988=VECTOR('',#5280,1.);
#2989=VECTOR('',#5283,1.);
#2990=VECTOR('',#5284,1.);
#2991=VECTOR('',#5287,1.);
#2992=VECTOR('',#5288,1.);
#2993=VECTOR('',#5291,1.);
#2994=VECTOR('',#5292,1.);
#2995=VECTOR('',#5295,1.);
#2996=VECTOR('',#5296,1.);
#2997=VECTOR('',#5299,1.);
#2998=VECTOR('',#5300,1.);
#2999=VECTOR('',#5303,1.);
#3000=VECTOR('',#5308,1.);
#3001=VECTOR('',#5309,1.);
#3002=VECTOR('',#5310,1.);
#3003=VECTOR('',#5313,1.);
#3004=VECTOR('',#5314,1.);
#3005=VECTOR('',#5315,1.);
#3006=VECTOR('',#5316,1.);
#3007=VECTOR('',#5317,1.);
#3008=VECTOR('',#5318,1.);
#3009=VECTOR('',#5319,1.);
#3010=VECTOR('',#5322,1.);
#3011=VECTOR('',#5323,1.);
#3012=VECTOR('',#5326,1.);
#3013=VECTOR('',#5327,1.);
#3014=VECTOR('',#5330,1.);
#3015=VECTOR('',#5331,1.);
#3016=VECTOR('',#5332,1.);
#3017=VECTOR('',#5333,1.);
#3018=VECTOR('',#5334,1.);
#3019=VECTOR('',#5335,1.);
#3020=VECTOR('',#5336,1.);
#3021=VECTOR('',#5339,1.);
#3022=VECTOR('',#5344,1.);
#3023=VECTOR('',#5345,1.);
#3024=VECTOR('',#5346,1.);
#3025=VECTOR('',#5349,1.);
#3026=VECTOR('',#5350,1.);
#3027=VECTOR('',#5353,1.);
#3028=VECTOR('',#5354,1.);
#3029=VECTOR('',#5357,1.);
#3030=VECTOR('',#5358,1.);
#3031=VECTOR('',#5363,1.);
#3032=VECTOR('',#5366,1.);
#3033=VECTOR('',#5367,1.);
#3034=VECTOR('',#5370,1.);
#3035=VECTOR('',#5371,1.);
#3036=VECTOR('',#5374,1.);
#3037=VECTOR('',#5375,1.);
#3038=VECTOR('',#5378,1.);
#3039=VECTOR('',#5379,1.);
#3040=VECTOR('',#5382,1.);
#3041=VECTOR('',#5383,1.);
#3042=VECTOR('',#5386,1.);
#3043=VECTOR('',#5387,1.);
#3044=VECTOR('',#5388,1.);
#3045=VECTOR('',#5391,1.);
#3046=VECTOR('',#5392,1.);
#3047=VECTOR('',#5395,1.);
#3048=VECTOR('',#5400,1.);
#3049=VECTOR('',#5401,1.);
#3050=VECTOR('',#5402,1.);
#3051=VECTOR('',#5405,1.);
#3052=VECTOR('',#5406,1.);
#3053=VECTOR('',#5409,1.);
#3054=VECTOR('',#5410,1.);
#3055=VECTOR('',#5411,1.);
#3056=VECTOR('',#5412,1.);
#3057=VECTOR('',#5413,1.);
#3058=VECTOR('',#5414,1.);
#3059=VECTOR('',#5415,1.);
#3060=VECTOR('',#5416,1.);
#3061=VECTOR('',#5417,1.);
#3062=VECTOR('',#5418,1.);
#3063=VECTOR('',#5421,1.);
#3064=VECTOR('',#5422,1.);
#3065=VECTOR('',#5427,1.);
#3066=VECTOR('',#5428,1.);
#3067=VECTOR('',#5429,1.);
#3068=VECTOR('',#5430,1.);
#3069=VECTOR('',#5431,1.);
#3070=VECTOR('',#5432,1.);
#3071=VECTOR('',#5433,1.);
#3072=VECTOR('',#5434,1.);
#3073=VECTOR('',#5437,1.);
#3074=VECTOR('',#5438,1.);
#3075=VECTOR('',#5441,1.);
#3076=VECTOR('',#5466,1.);
#3077=VECTOR('',#5467,1.);
#3078=VECTOR('',#5468,1.);
#3079=VECTOR('',#5469,1.);
#3080=VECTOR('',#5504,1.);
#3081=VECTOR('',#5505,1.);
#3082=VECTOR('',#5506,1.);
#3083=VECTOR('',#5507,1.);
#3084=VECTOR('',#5508,1.);
#3085=VECTOR('',#5509,1.);
#3086=VECTOR('',#5510,1.);
#3087=VECTOR('',#5511,1.);
#3088=VECTOR('',#5514,1.);
#3089=VECTOR('',#5515,1.);
#3090=VECTOR('',#5516,1.);
#3091=VECTOR('',#5519,1.);
#3092=VECTOR('',#5520,1.);
#3093=VECTOR('',#5523,1.);
#3094=VECTOR('',#5524,1.);
#3095=VECTOR('',#5527,1.);
#3096=VECTOR('',#5546,1.);
#3097=VECTOR('',#5547,1.);
#3098=VECTOR('',#5548,1.);
#3099=VECTOR('',#5551,1.);
#3100=VECTOR('',#5552,1.);
#3101=VECTOR('',#5555,1.);
#3102=VECTOR('',#5556,1.);
#3103=VECTOR('',#5559,1.);
#3104=EDGE_LOOP('',(#241,#242,#243,#244,#245,#246));
#3105=EDGE_LOOP('',(#247,#248,#249,#250));
#3106=EDGE_LOOP('',(#251,#252,#253,#254));
#3107=EDGE_LOOP('',(#255,#256,#257,#258));
#3108=EDGE_LOOP('',(#259,#260,#261,#262));
#3109=EDGE_LOOP('',(#263,#264,#265,#266));
#3110=EDGE_LOOP('',(#267,#268,#269,#270));
#3111=EDGE_LOOP('',(#271,#272,#273,#274));
#3112=EDGE_LOOP('',(#275,#276,#277,#278));
#3113=EDGE_LOOP('',(#279,#280,#281,#282));
#3114=EDGE_LOOP('',(#283,#284,#285,#286,#287,#288));
#3115=EDGE_LOOP('',(#289,#290,#291,#292));
#3116=EDGE_LOOP('',(#293,#294,#295,#296));
#3117=EDGE_LOOP('',(#297,#298,#299,#300));
#3118=EDGE_LOOP('',(#301,#302,#303,#304));
#3119=EDGE_LOOP('',(#305,#306,#307,#308,#309,#310));
#3120=EDGE_LOOP('',(#311,#312,#313,#314));
#3121=EDGE_LOOP('',(#315,#316,#317,#318));
#3122=EDGE_LOOP('',(#319,#320,#321,#322));
#3123=EDGE_LOOP('',(#323,#324,#325,#326));
#3124=EDGE_LOOP('',(#327,#328,#329,#330));
#3125=EDGE_LOOP('',(#331,#332,#333,#334));
#3126=EDGE_LOOP('',(#335,#336,#337,#338));
#3127=EDGE_LOOP('',(#339,#340,#341,#342));
#3128=EDGE_LOOP('',(#343,#344,#345,#346));
#3129=EDGE_LOOP('',(#347,#348,#349,#350));
#3130=EDGE_LOOP('',(#351,#352,#353,#354));
#3131=EDGE_LOOP('',(#355,#356,#357,#358));
#3132=EDGE_LOOP('',(#359,#360,#361,#362));
#3133=EDGE_LOOP('',(#363,#364,#365,#366));
#3134=EDGE_LOOP('',(#367,#368,#369,#370));
#3135=EDGE_LOOP('',(#371,#372,#373,#374));
#3136=EDGE_LOOP('',(#375,#376,#377,#378));
#3137=EDGE_LOOP('',(#379,#380,#381,#382));
#3138=EDGE_LOOP('',(#383,#384,#385,#386));
#3139=EDGE_LOOP('',(#387,#388,#389,#390));
#3140=EDGE_LOOP('',(#391,#392,#393,#394));
#3141=EDGE_LOOP('',(#395,#396,#397,#398));
#3142=EDGE_LOOP('',(#399,#400,#401,#402,#403,#404,#405,#406,#407,#408,#409,
#410,#411,#412,#413,#414,#415,#416,#417,#418,#419,#420));
#3143=EDGE_LOOP('',(#421,#422,#423,#424,#425,#426,#427,#428,#429,#430,#431,
#432,#433,#434));
#3144=EDGE_LOOP('',(#435,#436,#437,#438,#439,#440,#441,#442,#443,#444,#445,
#446,#447,#448,#449,#450));
#3145=EDGE_LOOP('',(#451,#452,#453,#454,#455,#456,#457,#458));
#3146=EDGE_LOOP('',(#459,#460,#461,#462,#463,#464,#465,#466,#467,#468,#469,
#470));
#3147=EDGE_LOOP('',(#471,#472,#473,#474));
#3148=EDGE_LOOP('',(#475,#476,#477,#478));
#3149=EDGE_LOOP('',(#479,#480,#481,#482));
#3150=EDGE_LOOP('',(#483,#484,#485,#486));
#3151=EDGE_LOOP('',(#487,#488,#489,#490));
#3152=EDGE_LOOP('',(#491,#492,#493,#494));
#3153=EDGE_LOOP('',(#495,#496,#497,#498,#499,#500,#501,#502,#503,#504,#505,
#506,#507,#508));
#3154=EDGE_LOOP('',(#509,#510,#511,#512));
#3155=EDGE_LOOP('',(#513,#514,#515,#516));
#3156=EDGE_LOOP('',(#517,#518,#519,#520,#521,#522));
#3157=EDGE_LOOP('',(#523,#524,#525,#526,#527,#528,#529,#530,#531,#532,#533,
#534));
#3158=EDGE_LOOP('',(#535,#536,#537,#538,#539,#540,#541,#542));
#3159=EDGE_LOOP('',(#543,#544,#545,#546,#547,#548,#549,#550,#551,#552,#553,
#554));
#3160=EDGE_LOOP('',(#555,#556,#557,#558));
#3161=EDGE_LOOP('',(#559));
#3162=EDGE_LOOP('',(#560));
#3163=EDGE_LOOP('',(#561,#562,#563,#564));
#3164=EDGE_LOOP('',(#565));
#3165=EDGE_LOOP('',(#566,#567,#568,#569,#570));
#3166=EDGE_LOOP('',(#571));
#3167=EDGE_LOOP('',(#572));
#3168=EDGE_LOOP('',(#573,#574,#575,#576));
#3169=EDGE_LOOP('',(#577,#578,#579,#580));
#3170=EDGE_LOOP('',(#581));
#3171=EDGE_LOOP('',(#582,#583,#584,#585));
#3172=EDGE_LOOP('',(#586,#587,#588,#589));
#3173=EDGE_LOOP('',(#590,#591,#592,#593));
#3174=EDGE_LOOP('',(#594,#595,#596,#597));
#3175=EDGE_LOOP('',(#598,#599,#600,#601));
#3176=EDGE_LOOP('',(#602,#603,#604,#605));
#3177=EDGE_LOOP('',(#606,#607,#608,#609));
#3178=EDGE_LOOP('',(#610,#611,#612,#613));
#3179=EDGE_LOOP('',(#614,#615,#616,#617));
#3180=EDGE_LOOP('',(#618,#619,#620,#621));
#3181=EDGE_LOOP('',(#622,#623,#624,#625));
#3182=EDGE_LOOP('',(#626,#627,#628,#629));
#3183=EDGE_LOOP('',(#630,#631,#632,#633));
#3184=EDGE_LOOP('',(#634,#635,#636,#637));
#3185=EDGE_LOOP('',(#638,#639,#640,#641));
#3186=EDGE_LOOP('',(#642,#643,#644,#645));
#3187=EDGE_LOOP('',(#646,#647,#648,#649));
#3188=EDGE_LOOP('',(#650,#651,#652,#653));
#3189=EDGE_LOOP('',(#654,#655,#656,#657));
#3190=EDGE_LOOP('',(#658,#659,#660,#661));
#3191=EDGE_LOOP('',(#662,#663,#664,#665));
#3192=EDGE_LOOP('',(#666,#667,#668,#669));
#3193=EDGE_LOOP('',(#670,#671,#672,#673));
#3194=EDGE_LOOP('',(#674,#675,#676,#677));
#3195=EDGE_LOOP('',(#678,#679,#680,#681));
#3196=EDGE_LOOP('',(#682,#683,#684,#685));
#3197=EDGE_LOOP('',(#686,#687,#688,#689));
#3198=EDGE_LOOP('',(#690,#691,#692,#693));
#3199=EDGE_LOOP('',(#694,#695,#696,#697));
#3200=EDGE_LOOP('',(#698,#699,#700,#701));
#3201=EDGE_LOOP('',(#702,#703,#704,#705));
#3202=EDGE_LOOP('',(#706,#707,#708,#709));
#3203=EDGE_LOOP('',(#710,#711,#712,#713));
#3204=EDGE_LOOP('',(#714,#715,#716,#717));
#3205=EDGE_LOOP('',(#718,#719,#720,#721));
#3206=EDGE_LOOP('',(#722,#723,#724,#725));
#3207=EDGE_LOOP('',(#726,#727,#728,#729));
#3208=EDGE_LOOP('',(#730,#731,#732,#733));
#3209=EDGE_LOOP('',(#734,#735,#736,#737));
#3210=EDGE_LOOP('',(#738,#739,#740,#741));
#3211=EDGE_LOOP('',(#742,#743,#744,#745));
#3212=EDGE_LOOP('',(#746,#747,#748,#749));
#3213=EDGE_LOOP('',(#750,#751,#752,#753));
#3214=EDGE_LOOP('',(#754,#755,#756,#757));
#3215=EDGE_LOOP('',(#758,#759,#760,#761));
#3216=EDGE_LOOP('',(#762,#763,#764,#765));
#3217=EDGE_LOOP('',(#766,#767,#768,#769));
#3218=EDGE_LOOP('',(#770,#771,#772,#773));
#3219=EDGE_LOOP('',(#774,#775,#776,#777));
#3220=EDGE_LOOP('',(#778,#779,#780,#781));
#3221=EDGE_LOOP('',(#782,#783,#784,#785));
#3222=EDGE_LOOP('',(#786,#787,#788,#789));
#3223=EDGE_LOOP('',(#790,#791,#792,#793));
#3224=EDGE_LOOP('',(#794,#795,#796,#797));
#3225=EDGE_LOOP('',(#798,#799,#800,#801));
#3226=EDGE_LOOP('',(#802,#803,#804,#805));
#3227=EDGE_LOOP('',(#806,#807,#808,#809));
#3228=EDGE_LOOP('',(#810,#811,#812,#813));
#3229=EDGE_LOOP('',(#814,#815,#816,#817));
#3230=EDGE_LOOP('',(#818,#819,#820,#821));
#3231=EDGE_LOOP('',(#822,#823,#824,#825));
#3232=EDGE_LOOP('',(#826,#827,#828,#829));
#3233=EDGE_LOOP('',(#830,#831,#832,#833));
#3234=EDGE_LOOP('',(#834,#835,#836,#837));
#3235=EDGE_LOOP('',(#838,#839,#840,#841));
#3236=EDGE_LOOP('',(#842,#843,#844,#845));
#3237=EDGE_LOOP('',(#846,#847,#848,#849));
#3238=EDGE_LOOP('',(#850,#851,#852,#853,#854,#855,#856,#857,#858,#859,#860,
#861,#862,#863));
#3239=EDGE_LOOP('',(#864,#865,#866,#867));
#3240=EDGE_LOOP('',(#868,#869,#870,#871));
#3241=EDGE_LOOP('',(#872,#873,#874,#875));
#3242=EDGE_LOOP('',(#876,#877,#878,#879));
#3243=EDGE_LOOP('',(#880,#881,#882,#883));
#3244=EDGE_LOOP('',(#884,#885,#886,#887));
#3245=EDGE_LOOP('',(#888,#889,#890,#891));
#3246=EDGE_LOOP('',(#892,#893,#894,#895));
#3247=EDGE_LOOP('',(#896,#897,#898,#899,#900,#901,#902,#903));
#3248=EDGE_LOOP('',(#904,#905,#906,#907));
#3249=EDGE_LOOP('',(#908,#909,#910,#911));
#3250=EDGE_LOOP('',(#912,#913,#914,#915));
#3251=EDGE_LOOP('',(#916,#917,#918,#919));
#3252=EDGE_LOOP('',(#920,#921,#922,#923));
#3253=EDGE_LOOP('',(#924,#925,#926,#927));
#3254=EDGE_LOOP('',(#928,#929,#930,#931));
#3255=EDGE_LOOP('',(#932,#933,#934,#935));
#3256=EDGE_LOOP('',(#936,#937,#938,#939));
#3257=EDGE_LOOP('',(#940,#941,#942,#943));
#3258=EDGE_LOOP('',(#944,#945,#946,#947));
#3259=EDGE_LOOP('',(#948,#949,#950,#951));
#3260=EDGE_LOOP('',(#952,#953,#954,#955));
#3261=EDGE_LOOP('',(#956,#957,#958,#959));
#3262=EDGE_LOOP('',(#960,#961,#962,#963));
#3263=EDGE_LOOP('',(#964,#965,#966,#967));
#3264=EDGE_LOOP('',(#968,#969,#970,#971,#972,#973,#974,#975,#976,#977,#978,
#979,#980,#981,#982,#983));
#3265=EDGE_LOOP('',(#984,#985,#986,#987));
#3266=EDGE_LOOP('',(#988,#989,#990,#991));
#3267=EDGE_LOOP('',(#992,#993,#994,#995));
#3268=EDGE_LOOP('',(#996,#997,#998,#999));
#3269=EDGE_LOOP('',(#1000,#1001,#1002,#1003));
#3270=EDGE_LOOP('',(#1004,#1005,#1006,#1007));
#3271=EDGE_LOOP('',(#1008,#1009,#1010,#1011));
#3272=EDGE_LOOP('',(#1012,#1013,#1014,#1015));
#3273=EDGE_LOOP('',(#1016,#1017,#1018,#1019));
#3274=EDGE_LOOP('',(#1020,#1021,#1022,#1023));
#3275=EDGE_LOOP('',(#1024,#1025,#1026,#1027));
#3276=EDGE_LOOP('',(#1028,#1029,#1030,#1031));
#3277=EDGE_LOOP('',(#1032,#1033,#1034,#1035));
#3278=EDGE_LOOP('',(#1036,#1037,#1038,#1039));
#3279=EDGE_LOOP('',(#1040,#1041,#1042,#1043,#1044,#1045,#1046,#1047,#1048,
#1049,#1050,#1051,#1052,#1053));
#3280=EDGE_LOOP('',(#1054,#1055,#1056,#1057));
#3281=EDGE_LOOP('',(#1058,#1059,#1060,#1061));
#3282=EDGE_LOOP('',(#1062,#1063,#1064,#1065));
#3283=EDGE_LOOP('',(#1066,#1067,#1068,#1069));
#3284=EDGE_LOOP('',(#1070,#1071,#1072,#1073));
#3285=EDGE_LOOP('',(#1074,#1075,#1076,#1077));
#3286=EDGE_LOOP('',(#1078,#1079,#1080,#1081));
#3287=EDGE_LOOP('',(#1082,#1083,#1084,#1085));
#3288=EDGE_LOOP('',(#1086,#1087,#1088,#1089));
#3289=EDGE_LOOP('',(#1090,#1091,#1092,#1093));
#3290=EDGE_LOOP('',(#1094,#1095,#1096,#1097));
#3291=EDGE_LOOP('',(#1098,#1099,#1100,#1101));
#3292=EDGE_LOOP('',(#1102,#1103,#1104,#1105));
#3293=EDGE_LOOP('',(#1106,#1107,#1108,#1109));
#3294=EDGE_LOOP('',(#1110,#1111,#1112,#1113));
#3295=EDGE_LOOP('',(#1114,#1115,#1116,#1117));
#3296=EDGE_LOOP('',(#1118,#1119,#1120,#1121));
#3297=EDGE_LOOP('',(#1122,#1123,#1124,#1125));
#3298=EDGE_LOOP('',(#1126,#1127,#1128,#1129));
#3299=EDGE_LOOP('',(#1130,#1131,#1132,#1133));
#3300=EDGE_LOOP('',(#1134,#1135,#1136,#1137));
#3301=EDGE_LOOP('',(#1138,#1139,#1140,#1141));
#3302=EDGE_LOOP('',(#1142,#1143,#1144,#1145,#1146,#1147,#1148,#1149,#1150,
#1151,#1152,#1153,#1154,#1155,#1156,#1157,#1158,#1159,#1160,#1161,#1162,
#1163));
#3303=EDGE_LOOP('',(#1164,#1165,#1166,#1167,#1168,#1169,#1170,#1171,#1172,
#1173,#1174,#1175,#1176,#1177,#1178));
#3304=EDGE_LOOP('',(#1179,#1180,#1181,#1182,#1183,#1184,#1185,#1186,#1187,
#1188,#1189,#1190));
#3305=EDGE_LOOP('',(#1191));
#3306=EDGE_LOOP('',(#1192));
#3307=EDGE_LOOP('',(#1193));
#3308=EDGE_LOOP('',(#1194));
#3309=EDGE_LOOP('',(#1195));
#3310=EDGE_LOOP('',(#1196));
#3311=EDGE_LOOP('',(#1197));
#3312=EDGE_LOOP('',(#1198));
#3313=EDGE_LOOP('',(#1199));
#3314=EDGE_LOOP('',(#1200,#1201,#1202,#1203));
#3315=EDGE_LOOP('',(#1204,#1205,#1206,#1207));
#3316=EDGE_LOOP('',(#1208,#1209,#1210));
#3317=EDGE_LOOP('',(#1211,#1212,#1213));
#3318=EDGE_LOOP('',(#1214,#1215,#1216,#1217));
#3319=EDGE_LOOP('',(#1218,#1219,#1220,#1221));
#3320=EDGE_LOOP('',(#1222,#1223,#1224));
#3321=EDGE_LOOP('',(#1225,#1226,#1227));
#3322=EDGE_LOOP('',(#1228,#1229,#1230,#1231));
#3323=EDGE_LOOP('',(#1232,#1233,#1234,#1235));
#3324=EDGE_LOOP('',(#1236,#1237,#1238,#1239));
#3325=EDGE_LOOP('',(#1240,#1241,#1242,#1243,#1244,#1245,#1246,#1247,#1248,
#1249,#1250,#1251,#1252,#1253,#1254,#1255,#1256,#1257));
#3326=EDGE_LOOP('',(#1258,#1259,#1260,#1261));
#3327=EDGE_LOOP('',(#1262,#1263,#1264,#1265));
#3328=EDGE_LOOP('',(#1266,#1267,#1268,#1269));
#3329=EDGE_LOOP('',(#1270,#1271,#1272,#1273));
#3330=EDGE_LOOP('',(#1274));
#3331=EDGE_LOOP('',(#1275));
#3332=EDGE_LOOP('',(#1276,#1277,#1278,#1279));
#3333=EDGE_LOOP('',(#1280));
#3334=EDGE_LOOP('',(#1281));
#3335=EDGE_LOOP('',(#1282));
#3336=EDGE_LOOP('',(#1283));
#3337=EDGE_LOOP('',(#1284,#1285,#1286,#1287));
#3338=EDGE_LOOP('',(#1288,#1289,#1290,#1291));
#3339=EDGE_LOOP('',(#1292,#1293,#1294,#1295));
#3340=EDGE_LOOP('',(#1296,#1297,#1298,#1299));
#3341=EDGE_LOOP('',(#1300,#1301,#1302,#1303));
#3342=EDGE_LOOP('',(#1304));
#3343=EDGE_LOOP('',(#1305));
#3344=EDGE_LOOP('',(#1306));
#3345=EDGE_LOOP('',(#1307));
#3346=EDGE_LOOP('',(#1308));
#3347=EDGE_LOOP('',(#1309));
#3348=EDGE_LOOP('',(#1310));
#3349=EDGE_LOOP('',(#1311));
#3350=EDGE_LOOP('',(#1312));
#3351=EDGE_LOOP('',(#1313));
#3352=EDGE_LOOP('',(#1314));
#3353=FACE_BOUND('',#3104,.T.);
#3354=FACE_BOUND('',#3105,.T.);
#3355=FACE_BOUND('',#3106,.T.);
#3356=FACE_BOUND('',#3107,.T.);
#3357=FACE_BOUND('',#3108,.T.);
#3358=FACE_BOUND('',#3109,.T.);
#3359=FACE_BOUND('',#3110,.T.);
#3360=FACE_BOUND('',#3111,.T.);
#3361=FACE_BOUND('',#3112,.T.);
#3362=FACE_BOUND('',#3113,.T.);
#3363=FACE_BOUND('',#3114,.T.);
#3364=FACE_BOUND('',#3115,.T.);
#3365=FACE_BOUND('',#3116,.T.);
#3366=FACE_BOUND('',#3117,.T.);
#3367=FACE_BOUND('',#3118,.T.);
#3368=FACE_BOUND('',#3119,.T.);
#3369=FACE_BOUND('',#3120,.T.);
#3370=FACE_BOUND('',#3121,.T.);
#3371=FACE_BOUND('',#3122,.T.);
#3372=FACE_BOUND('',#3123,.T.);
#3373=FACE_BOUND('',#3124,.T.);
#3374=FACE_BOUND('',#3125,.T.);
#3375=FACE_BOUND('',#3126,.T.);
#3376=FACE_BOUND('',#3127,.T.);
#3377=FACE_BOUND('',#3128,.T.);
#3378=FACE_BOUND('',#3129,.T.);
#3379=FACE_BOUND('',#3130,.T.);
#3380=FACE_BOUND('',#3131,.T.);
#3381=FACE_BOUND('',#3132,.T.);
#3382=FACE_BOUND('',#3133,.T.);
#3383=FACE_BOUND('',#3134,.T.);
#3384=FACE_BOUND('',#3135,.T.);
#3385=FACE_BOUND('',#3136,.T.);
#3386=FACE_BOUND('',#3137,.T.);
#3387=FACE_BOUND('',#3138,.T.);
#3388=FACE_BOUND('',#3139,.T.);
#3389=FACE_BOUND('',#3140,.T.);
#3390=FACE_BOUND('',#3141,.T.);
#3391=FACE_BOUND('',#3142,.T.);
#3392=FACE_BOUND('',#3143,.T.);
#3393=FACE_BOUND('',#3144,.T.);
#3394=FACE_BOUND('',#3145,.T.);
#3395=FACE_BOUND('',#3146,.T.);
#3396=FACE_BOUND('',#3147,.T.);
#3397=FACE_BOUND('',#3148,.T.);
#3398=FACE_BOUND('',#3149,.T.);
#3399=FACE_BOUND('',#3150,.T.);
#3400=FACE_BOUND('',#3151,.T.);
#3401=FACE_BOUND('',#3152,.T.);
#3402=FACE_BOUND('',#3153,.T.);
#3403=FACE_BOUND('',#3154,.T.);
#3404=FACE_BOUND('',#3155,.T.);
#3405=FACE_BOUND('',#3156,.T.);
#3406=FACE_BOUND('',#3157,.T.);
#3407=FACE_BOUND('',#3158,.T.);
#3408=FACE_BOUND('',#3159,.T.);
#3409=FACE_BOUND('',#3160,.T.);
#3410=FACE_BOUND('',#3161,.T.);
#3411=FACE_BOUND('',#3162,.T.);
#3412=FACE_BOUND('',#3163,.T.);
#3413=FACE_BOUND('',#3164,.T.);
#3414=FACE_BOUND('',#3165,.T.);
#3415=FACE_BOUND('',#3166,.T.);
#3416=FACE_BOUND('',#3167,.T.);
#3417=FACE_BOUND('',#3168,.T.);
#3418=FACE_BOUND('',#3169,.T.);
#3419=FACE_BOUND('',#3170,.T.);
#3420=FACE_BOUND('',#3171,.T.);
#3421=FACE_BOUND('',#3172,.T.);
#3422=FACE_BOUND('',#3173,.T.);
#3423=FACE_BOUND('',#3174,.T.);
#3424=FACE_BOUND('',#3175,.T.);
#3425=FACE_BOUND('',#3176,.T.);
#3426=FACE_BOUND('',#3177,.T.);
#3427=FACE_BOUND('',#3178,.T.);
#3428=FACE_BOUND('',#3179,.T.);
#3429=FACE_BOUND('',#3180,.T.);
#3430=FACE_BOUND('',#3181,.T.);
#3431=FACE_BOUND('',#3182,.T.);
#3432=FACE_BOUND('',#3183,.T.);
#3433=FACE_BOUND('',#3184,.T.);
#3434=FACE_BOUND('',#3185,.T.);
#3435=FACE_BOUND('',#3186,.T.);
#3436=FACE_BOUND('',#3187,.T.);
#3437=FACE_BOUND('',#3188,.T.);
#3438=FACE_BOUND('',#3189,.T.);
#3439=FACE_BOUND('',#3190,.T.);
#3440=FACE_BOUND('',#3191,.T.);
#3441=FACE_BOUND('',#3192,.T.);
#3442=FACE_BOUND('',#3193,.T.);
#3443=FACE_BOUND('',#3194,.T.);
#3444=FACE_BOUND('',#3195,.T.);
#3445=FACE_BOUND('',#3196,.T.);
#3446=FACE_BOUND('',#3197,.T.);
#3447=FACE_BOUND('',#3198,.T.);
#3448=FACE_BOUND('',#3199,.T.);
#3449=FACE_BOUND('',#3200,.T.);
#3450=FACE_BOUND('',#3201,.T.);
#3451=FACE_BOUND('',#3202,.T.);
#3452=FACE_BOUND('',#3203,.T.);
#3453=FACE_BOUND('',#3204,.T.);
#3454=FACE_BOUND('',#3205,.T.);
#3455=FACE_BOUND('',#3206,.T.);
#3456=FACE_BOUND('',#3207,.T.);
#3457=FACE_BOUND('',#3208,.T.);
#3458=FACE_BOUND('',#3209,.T.);
#3459=FACE_BOUND('',#3210,.T.);
#3460=FACE_BOUND('',#3211,.T.);
#3461=FACE_BOUND('',#3212,.T.);
#3462=FACE_BOUND('',#3213,.T.);
#3463=FACE_BOUND('',#3214,.T.);
#3464=FACE_BOUND('',#3215,.T.);
#3465=FACE_BOUND('',#3216,.T.);
#3466=FACE_BOUND('',#3217,.T.);
#3467=FACE_BOUND('',#3218,.T.);
#3468=FACE_BOUND('',#3219,.T.);
#3469=FACE_BOUND('',#3220,.T.);
#3470=FACE_BOUND('',#3221,.T.);
#3471=FACE_BOUND('',#3222,.T.);
#3472=FACE_BOUND('',#3223,.T.);
#3473=FACE_BOUND('',#3224,.T.);
#3474=FACE_BOUND('',#3225,.T.);
#3475=FACE_BOUND('',#3226,.T.);
#3476=FACE_BOUND('',#3227,.T.);
#3477=FACE_BOUND('',#3228,.T.);
#3478=FACE_BOUND('',#3229,.T.);
#3479=FACE_BOUND('',#3230,.T.);
#3480=FACE_BOUND('',#3231,.T.);
#3481=FACE_BOUND('',#3232,.T.);
#3482=FACE_BOUND('',#3233,.T.);
#3483=FACE_BOUND('',#3234,.T.);
#3484=FACE_BOUND('',#3235,.T.);
#3485=FACE_BOUND('',#3236,.T.);
#3486=FACE_BOUND('',#3237,.T.);
#3487=FACE_BOUND('',#3238,.T.);
#3488=FACE_BOUND('',#3239,.T.);
#3489=FACE_BOUND('',#3240,.T.);
#3490=FACE_BOUND('',#3241,.T.);
#3491=FACE_BOUND('',#3242,.T.);
#3492=FACE_BOUND('',#3243,.T.);
#3493=FACE_BOUND('',#3244,.T.);
#3494=FACE_BOUND('',#3245,.T.);
#3495=FACE_BOUND('',#3246,.T.);
#3496=FACE_BOUND('',#3247,.T.);
#3497=FACE_BOUND('',#3248,.T.);
#3498=FACE_BOUND('',#3249,.T.);
#3499=FACE_BOUND('',#3250,.T.);
#3500=FACE_BOUND('',#3251,.T.);
#3501=FACE_BOUND('',#3252,.T.);
#3502=FACE_BOUND('',#3253,.T.);
#3503=FACE_BOUND('',#3254,.T.);
#3504=FACE_BOUND('',#3255,.T.);
#3505=FACE_BOUND('',#3256,.T.);
#3506=FACE_BOUND('',#3257,.T.);
#3507=FACE_BOUND('',#3258,.T.);
#3508=FACE_BOUND('',#3259,.T.);
#3509=FACE_BOUND('',#3260,.T.);
#3510=FACE_BOUND('',#3261,.T.);
#3511=FACE_BOUND('',#3262,.T.);
#3512=FACE_BOUND('',#3263,.T.);
#3513=FACE_BOUND('',#3264,.T.);
#3514=FACE_BOUND('',#3265,.T.);
#3515=FACE_BOUND('',#3266,.T.);
#3516=FACE_BOUND('',#3267,.T.);
#3517=FACE_BOUND('',#3268,.T.);
#3518=FACE_BOUND('',#3269,.T.);
#3519=FACE_BOUND('',#3270,.T.);
#3520=FACE_BOUND('',#3271,.T.);
#3521=FACE_BOUND('',#3272,.T.);
#3522=FACE_BOUND('',#3273,.T.);
#3523=FACE_BOUND('',#3274,.T.);
#3524=FACE_BOUND('',#3275,.T.);
#3525=FACE_BOUND('',#3276,.T.);
#3526=FACE_BOUND('',#3277,.T.);
#3527=FACE_BOUND('',#3278,.T.);
#3528=FACE_BOUND('',#3279,.T.);
#3529=FACE_BOUND('',#3280,.T.);
#3530=FACE_BOUND('',#3281,.T.);
#3531=FACE_BOUND('',#3282,.T.);
#3532=FACE_BOUND('',#3283,.T.);
#3533=FACE_BOUND('',#3284,.T.);
#3534=FACE_BOUND('',#3285,.T.);
#3535=FACE_BOUND('',#3286,.T.);
#3536=FACE_BOUND('',#3287,.T.);
#3537=FACE_BOUND('',#3288,.T.);
#3538=FACE_BOUND('',#3289,.T.);
#3539=FACE_BOUND('',#3290,.T.);
#3540=FACE_BOUND('',#3291,.T.);
#3541=FACE_BOUND('',#3292,.T.);
#3542=FACE_BOUND('',#3293,.T.);
#3543=FACE_BOUND('',#3294,.T.);
#3544=FACE_BOUND('',#3295,.T.);
#3545=FACE_BOUND('',#3296,.T.);
#3546=FACE_BOUND('',#3297,.T.);
#3547=FACE_BOUND('',#3298,.T.);
#3548=FACE_BOUND('',#3299,.T.);
#3549=FACE_BOUND('',#3300,.T.);
#3550=FACE_BOUND('',#3301,.T.);
#3551=FACE_BOUND('',#3302,.T.);
#3552=FACE_BOUND('',#3303,.T.);
#3553=FACE_BOUND('',#3304,.T.);
#3554=FACE_BOUND('',#3305,.T.);
#3555=FACE_BOUND('',#3306,.T.);
#3556=FACE_BOUND('',#3307,.T.);
#3557=FACE_BOUND('',#3308,.T.);
#3558=FACE_BOUND('',#3309,.T.);
#3559=FACE_BOUND('',#3310,.T.);
#3560=FACE_BOUND('',#3311,.T.);
#3561=FACE_BOUND('',#3312,.T.);
#3562=FACE_BOUND('',#3313,.T.);
#3563=FACE_BOUND('',#3314,.T.);
#3564=FACE_BOUND('',#3315,.T.);
#3565=FACE_BOUND('',#3316,.T.);
#3566=FACE_BOUND('',#3317,.T.);
#3567=FACE_BOUND('',#3318,.T.);
#3568=FACE_BOUND('',#3319,.T.);
#3569=FACE_BOUND('',#3320,.T.);
#3570=FACE_BOUND('',#3321,.T.);
#3571=FACE_BOUND('',#3322,.T.);
#3572=FACE_BOUND('',#3323,.T.);
#3573=FACE_BOUND('',#3324,.T.);
#3574=FACE_BOUND('',#3325,.T.);
#3575=FACE_BOUND('',#3326,.T.);
#3576=FACE_BOUND('',#3327,.T.);
#3577=FACE_BOUND('',#3328,.T.);
#3578=FACE_BOUND('',#3329,.T.);
#3579=FACE_BOUND('',#3330,.T.);
#3580=FACE_BOUND('',#3331,.T.);
#3581=FACE_BOUND('',#3332,.T.);
#3582=FACE_BOUND('',#3333,.T.);
#3583=FACE_BOUND('',#3334,.T.);
#3584=FACE_BOUND('',#3335,.T.);
#3585=FACE_BOUND('',#3336,.T.);
#3586=FACE_BOUND('',#3337,.T.);
#3587=FACE_BOUND('',#3338,.T.);
#3588=FACE_BOUND('',#3339,.T.);
#3589=FACE_BOUND('',#3340,.T.);
#3590=FACE_BOUND('',#3341,.T.);
#3591=FACE_BOUND('',#3342,.T.);
#3592=FACE_BOUND('',#3343,.T.);
#3593=FACE_BOUND('',#3344,.T.);
#3594=FACE_BOUND('',#3345,.T.);
#3595=FACE_BOUND('',#3346,.T.);
#3596=FACE_BOUND('',#3347,.T.);
#3597=FACE_BOUND('',#3348,.T.);
#3598=FACE_BOUND('',#3349,.T.);
#3599=FACE_BOUND('',#3350,.T.);
#3600=FACE_BOUND('',#3351,.T.);
#3601=FACE_BOUND('',#3352,.T.);
#3602=PLANE('',#4486);
#3603=PLANE('',#4487);
#3604=PLANE('',#4488);
#3605=PLANE('',#4489);
#3606=PLANE('',#4490);
#3607=PLANE('',#4491);
#3608=PLANE('',#4492);
#3609=PLANE('',#4493);
#3610=PLANE('',#4494);
#3611=PLANE('',#4495);
#3612=PLANE('',#4496);
#3613=PLANE('',#4497);
#3614=PLANE('',#4498);
#3615=PLANE('',#4499);
#3616=PLANE('',#4500);
#3617=PLANE('',#4501);
#3618=PLANE('',#4502);
#3619=PLANE('',#4503);
#3620=PLANE('',#4507);
#3621=PLANE('',#4510);
#3622=PLANE('',#4511);
#3623=PLANE('',#4518);
#3624=PLANE('',#4522);
#3625=PLANE('',#4523);
#3626=PLANE('',#4528);
#3627=PLANE('',#4532);
#3628=PLANE('',#4533);
#3629=PLANE('',#4537);
#3630=PLANE('',#4538);
#3631=PLANE('',#4539);
#3632=PLANE('',#4540);
#3633=PLANE('',#4541);
#3634=PLANE('',#4542);
#3635=PLANE('',#4543);
#3636=PLANE('',#4544);
#3637=PLANE('',#4545);
#3638=PLANE('',#4546);
#3639=PLANE('',#4547);
#3640=PLANE('',#4548);
#3641=PLANE('',#4549);
#3642=PLANE('',#4550);
#3643=PLANE('',#4551);
#3644=PLANE('',#4552);
#3645=PLANE('',#4553);
#3646=PLANE('',#4554);
#3647=PLANE('',#4555);
#3648=PLANE('',#4556);
#3649=PLANE('',#4557);
#3650=PLANE('',#4558);
#3651=PLANE('',#4559);
#3652=PLANE('',#4560);
#3653=PLANE('',#4561);
#3654=PLANE('',#4562);
#3655=PLANE('',#4563);
#3656=PLANE('',#4564);
#3657=PLANE('',#4565);
#3658=PLANE('',#4566);
#3659=PLANE('',#4567);
#3660=PLANE('',#4568);
#3661=PLANE('',#4569);
#3662=PLANE('',#4570);
#3663=PLANE('',#4571);
#3664=PLANE('',#4572);
#3665=PLANE('',#4573);
#3666=PLANE('',#4574);
#3667=PLANE('',#4575);
#3668=PLANE('',#4576);
#3669=PLANE('',#4577);
#3670=PLANE('',#4578);
#3671=PLANE('',#4579);
#3672=PLANE('',#4580);
#3673=PLANE('',#4581);
#3674=PLANE('',#4582);
#3675=PLANE('',#4583);
#3676=PLANE('',#4584);
#3677=PLANE('',#4585);
#3678=PLANE('',#4586);
#3679=PLANE('',#4587);
#3680=PLANE('',#4588);
#3681=PLANE('',#4589);
#3682=PLANE('',#4590);
#3683=PLANE('',#4591);
#3684=PLANE('',#4592);
#3685=PLANE('',#4593);
#3686=PLANE('',#4594);
#3687=PLANE('',#4595);
#3688=PLANE('',#4596);
#3689=PLANE('',#4597);
#3690=PLANE('',#4598);
#3691=PLANE('',#4599);
#3692=PLANE('',#4600);
#3693=PLANE('',#4601);
#3694=PLANE('',#4602);
#3695=PLANE('',#4603);
#3696=PLANE('',#4604);
#3697=PLANE('',#4605);
#3698=PLANE('',#4606);
#3699=PLANE('',#4607);
#3700=PLANE('',#4608);
#3701=PLANE('',#4609);
#3702=PLANE('',#4610);
#3703=PLANE('',#4611);
#3704=PLANE('',#4612);
#3705=PLANE('',#4613);
#3706=PLANE('',#4614);
#3707=PLANE('',#4615);
#3708=PLANE('',#4616);
#3709=PLANE('',#4617);
#3710=PLANE('',#4618);
#3711=PLANE('',#4619);
#3712=PLANE('',#4620);
#3713=PLANE('',#4621);
#3714=PLANE('',#4622);
#3715=PLANE('',#4623);
#3716=PLANE('',#4624);
#3717=PLANE('',#4625);
#3718=PLANE('',#4626);
#3719=PLANE('',#4629);
#3720=PLANE('',#4630);
#3721=PLANE('',#4631);
#3722=PLANE('',#4632);
#3723=PLANE('',#4633);
#3724=PLANE('',#4634);
#3725=PLANE('',#4635);
#3726=PLANE('',#4636);
#3727=PLANE('',#4637);
#3728=PLANE('',#4638);
#3729=PLANE('',#4639);
#3730=PLANE('',#4640);
#3731=PLANE('',#4641);
#3732=PLANE('',#4644);
#3733=PLANE('',#4645);
#3734=PLANE('',#4646);
#3735=PLANE('',#4647);
#3736=PLANE('',#4652);
#3737=PLANE('',#4655);
#3738=PLANE('',#4656);
#3739=PLANE('',#4657);
#3740=PLANE('',#4674);
#3741=PLANE('',#4675);
#3742=PLANE('',#4676);
#3743=PLANE('',#4677);
#3744=PLANE('',#4678);
#3745=PLANE('',#4682);
#3746=PLANE('',#4683);
#3747=PLANE('',#4687);
#3748=PLANE('',#4688);
#3749=PLANE('',#4689);
#3750=PLANE('',#4690);
#3751=PLANE('',#4691);
#3752=PLANE('',#4692);
#3753=PLANE('',#4693);
#3754=PLANE('',#4696);
#3755=PLANE('',#4699);
#3756=ADVANCED_FACE('',(#3353),#3602,.T.);
#3757=ADVANCED_FACE('',(#3354,#3355,#3356,#3357,#3358,#3359,#3360,#3361,
#3362,#3363),#3603,.T.);
#3758=ADVANCED_FACE('',(#3364),#3604,.T.);
#3759=ADVANCED_FACE('',(#3365,#3366),#3605,.F.);
#3760=ADVANCED_FACE('',(#3367),#3606,.F.);
#3761=ADVANCED_FACE('',(#3368),#3607,.F.);
#3762=ADVANCED_FACE('',(#3369),#3608,.T.);
#3763=ADVANCED_FACE('',(#3370),#3609,.F.);
#3764=ADVANCED_FACE('',(#3371),#3610,.F.);
#3765=ADVANCED_FACE('',(#3372),#3611,.T.);
#3766=ADVANCED_FACE('',(#3373),#3612,.T.);
#3767=ADVANCED_FACE('',(#3374),#3613,.F.);
#3768=ADVANCED_FACE('',(#3375),#3614,.T.);
#3769=ADVANCED_FACE('',(#3376),#3615,.T.);
#3770=ADVANCED_FACE('',(#3377,#3378,#3379,#3380,#3381,#3382,#3383,#3384,
#3385,#3386),#3616,.T.);
#3771=ADVANCED_FACE('',(#3387),#3617,.T.);
#3772=ADVANCED_FACE('',(#3388),#3618,.T.);
#3773=ADVANCED_FACE('',(#3389),#3619,.T.);
#3774=ADVANCED_FACE('',(#3390),#223,.T.);
#3775=ADVANCED_FACE('',(#3391,#3392,#3393,#3394,#3395,#3396),#3620,.F.);
#3776=ADVANCED_FACE('',(#3397),#3621,.F.);
#3777=ADVANCED_FACE('',(#3398),#3622,.T.);
#3778=ADVANCED_FACE('',(#3399),#224,.T.);
#3779=ADVANCED_FACE('',(#3400),#225,.T.);
#3780=ADVANCED_FACE('',(#3401,#3402,#3403),#3623,.T.);
#3781=ADVANCED_FACE('',(#3404),#226,.T.);
#3782=ADVANCED_FACE('',(#3405,#3406),#3624,.T.);
#3783=ADVANCED_FACE('',(#3407,#3408),#3625,.F.);
#3784=ADVANCED_FACE('',(#3409),#3626,.F.);
#3785=ADVANCED_FACE('',(#3410,#3411),#227,.F.);
#3786=ADVANCED_FACE('',(#3412),#3627,.T.);
#3787=ADVANCED_FACE('',(#3413,#3414),#3628,.T.);
#3788=ADVANCED_FACE('',(#3415,#3416),#228,.F.);
#3789=ADVANCED_FACE('',(#3417),#3629,.F.);
#3790=ADVANCED_FACE('',(#3418),#3630,.T.);
#3791=ADVANCED_FACE('',(#3419,#3420),#3631,.T.);
#3792=ADVANCED_FACE('',(#3421),#3632,.F.);
#3793=ADVANCED_FACE('',(#3422),#3633,.T.);
#3794=ADVANCED_FACE('',(#3423),#3634,.T.);
#3795=ADVANCED_FACE('',(#3424),#3635,.F.);
#3796=ADVANCED_FACE('',(#3425),#3636,.F.);
#3797=ADVANCED_FACE('',(#3426),#3637,.F.);
#3798=ADVANCED_FACE('',(#3427),#3638,.F.);
#3799=ADVANCED_FACE('',(#3428),#3639,.F.);
#3800=ADVANCED_FACE('',(#3429),#3640,.F.);
#3801=ADVANCED_FACE('',(#3430),#3641,.F.);
#3802=ADVANCED_FACE('',(#3431),#3642,.F.);
#3803=ADVANCED_FACE('',(#3432),#3643,.F.);
#3804=ADVANCED_FACE('',(#3433),#3644,.F.);
#3805=ADVANCED_FACE('',(#3434),#3645,.F.);
#3806=ADVANCED_FACE('',(#3435),#3646,.F.);
#3807=ADVANCED_FACE('',(#3436),#3647,.F.);
#3808=ADVANCED_FACE('',(#3437),#3648,.T.);
#3809=ADVANCED_FACE('',(#3438),#3649,.F.);
#3810=ADVANCED_FACE('',(#3439),#3650,.F.);
#3811=ADVANCED_FACE('',(#3440),#3651,.T.);
#3812=ADVANCED_FACE('',(#3441),#3652,.T.);
#3813=ADVANCED_FACE('',(#3442),#3653,.F.);
#3814=ADVANCED_FACE('',(#3443),#3654,.F.);
#3815=ADVANCED_FACE('',(#3444),#3655,.T.);
#3816=ADVANCED_FACE('',(#3445),#3656,.T.);
#3817=ADVANCED_FACE('',(#3446),#3657,.F.);
#3818=ADVANCED_FACE('',(#3447),#3658,.F.);
#3819=ADVANCED_FACE('',(#3448),#3659,.T.);
#3820=ADVANCED_FACE('',(#3449),#3660,.T.);
#3821=ADVANCED_FACE('',(#3450),#3661,.F.);
#3822=ADVANCED_FACE('',(#3451),#3662,.F.);
#3823=ADVANCED_FACE('',(#3452),#3663,.T.);
#3824=ADVANCED_FACE('',(#3453),#3664,.T.);
#3825=ADVANCED_FACE('',(#3454),#3665,.F.);
#3826=ADVANCED_FACE('',(#3455),#3666,.F.);
#3827=ADVANCED_FACE('',(#3456),#3667,.T.);
#3828=ADVANCED_FACE('',(#3457),#3668,.T.);
#3829=ADVANCED_FACE('',(#3458),#3669,.F.);
#3830=ADVANCED_FACE('',(#3459),#3670,.F.);
#3831=ADVANCED_FACE('',(#3460),#3671,.T.);
#3832=ADVANCED_FACE('',(#3461),#3672,.T.);
#3833=ADVANCED_FACE('',(#3462),#3673,.F.);
#3834=ADVANCED_FACE('',(#3463),#3674,.F.);
#3835=ADVANCED_FACE('',(#3464),#3675,.T.);
#3836=ADVANCED_FACE('',(#3465),#3676,.T.);
#3837=ADVANCED_FACE('',(#3466),#3677,.F.);
#3838=ADVANCED_FACE('',(#3467),#3678,.F.);
#3839=ADVANCED_FACE('',(#3468),#3679,.T.);
#3840=ADVANCED_FACE('',(#3469),#3680,.T.);
#3841=ADVANCED_FACE('',(#3470),#3681,.F.);
#3842=ADVANCED_FACE('',(#3471),#3682,.F.);
#3843=ADVANCED_FACE('',(#3472),#3683,.T.);
#3844=ADVANCED_FACE('',(#3473),#3684,.T.);
#3845=ADVANCED_FACE('',(#3474),#3685,.T.);
#3846=ADVANCED_FACE('',(#3475),#3686,.T.);
#3847=ADVANCED_FACE('',(#3476),#3687,.T.);
#3848=ADVANCED_FACE('',(#3477),#3688,.T.);
#3849=ADVANCED_FACE('',(#3478),#3689,.T.);
#3850=ADVANCED_FACE('',(#3479),#3690,.T.);
#3851=ADVANCED_FACE('',(#3480),#3691,.T.);
#3852=ADVANCED_FACE('',(#3481),#3692,.T.);
#3853=ADVANCED_FACE('',(#3482),#3693,.T.);
#3854=ADVANCED_FACE('',(#3483),#3694,.T.);
#3855=ADVANCED_FACE('',(#3484),#3695,.T.);
#3856=ADVANCED_FACE('',(#3485),#3696,.T.);
#3857=ADVANCED_FACE('',(#3486),#3697,.T.);
#3858=ADVANCED_FACE('',(#3487),#3698,.T.);
#3859=ADVANCED_FACE('',(#3488),#3699,.T.);
#3860=ADVANCED_FACE('',(#3489),#3700,.T.);
#3861=ADVANCED_FACE('',(#3490),#3701,.T.);
#3862=ADVANCED_FACE('',(#3491),#3702,.T.);
#3863=ADVANCED_FACE('',(#3492),#3703,.T.);
#3864=ADVANCED_FACE('',(#3493),#3704,.T.);
#3865=ADVANCED_FACE('',(#3494),#3705,.T.);
#3866=ADVANCED_FACE('',(#3495),#3706,.T.);
#3867=ADVANCED_FACE('',(#3496),#3707,.F.);
#3868=ADVANCED_FACE('',(#3497),#3708,.T.);
#3869=ADVANCED_FACE('',(#3498),#3709,.T.);
#3870=ADVANCED_FACE('',(#3499),#20,.T.);
#3871=ADVANCED_FACE('',(#3500),#21,.T.);
#3872=ADVANCED_FACE('',(#3501),#22,.T.);
#3873=ADVANCED_FACE('',(#3502),#23,.T.);
#3874=ADVANCED_FACE('',(#3503),#24,.T.);
#3875=ADVANCED_FACE('',(#3504),#3710,.T.);
#3876=ADVANCED_FACE('',(#3505),#3711,.T.);
#3877=ADVANCED_FACE('',(#3506),#3712,.T.);
#3878=ADVANCED_FACE('',(#3507),#25,.T.);
#3879=ADVANCED_FACE('',(#3508),#26,.T.);
#3880=ADVANCED_FACE('',(#3509),#27,.T.);
#3881=ADVANCED_FACE('',(#3510),#28,.T.);
#3882=ADVANCED_FACE('',(#3511),#29,.T.);
#3883=ADVANCED_FACE('',(#3512),#3713,.T.);
#3884=ADVANCED_FACE('',(#3513),#3714,.F.);
#3885=ADVANCED_FACE('',(#3514),#3715,.T.);
#3886=ADVANCED_FACE('',(#3515),#3716,.T.);
#3887=ADVANCED_FACE('',(#3516),#3717,.T.);
#3888=ADVANCED_FACE('',(#3517),#3718,.T.);
#3889=ADVANCED_FACE('',(#3518),#229,.T.);
#3890=ADVANCED_FACE('',(#3519),#3719,.T.);
#3891=ADVANCED_FACE('',(#3520),#3720,.T.);
#3892=ADVANCED_FACE('',(#3521),#3721,.T.);
#3893=ADVANCED_FACE('',(#3522),#3722,.T.);
#3894=ADVANCED_FACE('',(#3523),#3723,.T.);
#3895=ADVANCED_FACE('',(#3524),#3724,.T.);
#3896=ADVANCED_FACE('',(#3525),#30,.T.);
#3897=ADVANCED_FACE('',(#3526),#3725,.T.);
#3898=ADVANCED_FACE('',(#3527),#3726,.T.);
#3899=ADVANCED_FACE('',(#3528),#3727,.F.);
#3900=ADVANCED_FACE('',(#3529),#3728,.T.);
#3901=ADVANCED_FACE('',(#3530),#3729,.T.);
#3902=ADVANCED_FACE('',(#3531),#3730,.T.);
#3903=ADVANCED_FACE('',(#3532),#31,.T.);
#3904=ADVANCED_FACE('',(#3533),#32,.T.);
#3905=ADVANCED_FACE('',(#3534),#33,.T.);
#3906=ADVANCED_FACE('',(#3535),#34,.T.);
#3907=ADVANCED_FACE('',(#3536),#35,.T.);
#3908=ADVANCED_FACE('',(#3537),#36,.T.);
#3909=ADVANCED_FACE('',(#3538),#37,.T.);
#3910=ADVANCED_FACE('',(#3539),#38,.T.);
#3911=ADVANCED_FACE('',(#3540),#3731,.T.);
#3912=ADVANCED_FACE('',(#3541),#230,.F.);
#3913=ADVANCED_FACE('',(#3542),#39,.T.);
#3914=ADVANCED_FACE('',(#3543),#40,.T.);
#3915=ADVANCED_FACE('',(#3544),#41,.T.);
#3916=ADVANCED_FACE('',(#3545),#42,.T.);
#3917=ADVANCED_FACE('',(#3546),#43,.T.);
#3918=ADVANCED_FACE('',(#3547),#44,.T.);
#3919=ADVANCED_FACE('',(#3548),#45,.T.);
#3920=ADVANCED_FACE('',(#3549),#3732,.T.);
#3921=ADVANCED_FACE('',(#3550),#3733,.T.);
#3922=ADVANCED_FACE('',(#3551),#3734,.F.);
#3923=ADVANCED_FACE('',(#3552,#3553,#3554,#3555,#3556,#3557),#3735,.T.);
#3924=ADVANCED_FACE('',(#3558),#3736,.T.);
#3925=ADVANCED_FACE('',(#3559,#3560),#231,.F.);
#3926=ADVANCED_FACE('',(#3561),#3737,.T.);
#3927=ADVANCED_FACE('',(#3562),#3738,.T.);
#3928=ADVANCED_FACE('',(#3563),#3739,.F.);
#3929=ADVANCED_FACE('',(#3564),#232,.T.);
#3930=ADVANCED_FACE('',(#3565),#16,.T.);
#3931=ADVANCED_FACE('',(#3566),#17,.T.);
#3932=ADVANCED_FACE('',(#3567),#233,.T.);
#3933=ADVANCED_FACE('',(#3568),#234,.T.);
#3934=ADVANCED_FACE('',(#3569),#18,.T.);
#3935=ADVANCED_FACE('',(#3570),#19,.T.);
#3936=ADVANCED_FACE('',(#3571),#235,.T.);
#3937=ADVANCED_FACE('',(#3572,#3573,#3574),#3740,.T.);
#3938=ADVANCED_FACE('',(#3575),#3741,.F.);
#3939=ADVANCED_FACE('',(#3576),#3742,.F.);
#3940=ADVANCED_FACE('',(#3577),#3743,.T.);
#3941=ADVANCED_FACE('',(#3578),#3744,.T.);
#3942=ADVANCED_FACE('',(#3579,#3580),#236,.F.);
#3943=ADVANCED_FACE('',(#3581,#3582),#3745,.T.);
#3944=ADVANCED_FACE('',(#3583),#3746,.T.);
#3945=ADVANCED_FACE('',(#3584,#3585),#237,.F.);
#3946=ADVANCED_FACE('',(#3586),#3747,.T.);
#3947=ADVANCED_FACE('',(#3587),#3748,.T.);
#3948=ADVANCED_FACE('',(#3588),#3749,.F.);
#3949=ADVANCED_FACE('',(#3589),#3750,.F.);
#3950=ADVANCED_FACE('',(#3590,#3591),#3751,.T.);
#3951=ADVANCED_FACE('',(#3592),#3752,.T.);
#3952=ADVANCED_FACE('',(#3593),#3753,.T.);
#3953=ADVANCED_FACE('',(#3594,#3595),#238,.F.);
#3954=ADVANCED_FACE('',(#3596),#3754,.T.);
#3955=ADVANCED_FACE('',(#3597,#3598),#239,.F.);
#3956=ADVANCED_FACE('',(#3599),#3755,.T.);
#3957=ADVANCED_FACE('',(#3600,#3601),#240,.F.);
#3958=CLOSED_SHELL('',(#3756,#3757,#3758,#3759,#3760,#3761,#3762,#3763,
#3764,#3765,#3766,#3767,#3768,#3769,#3770,#3771,#3772,#3773,#3774,#3775,
#3776,#3777,#3778,#3779,#3780,#3781,#3782,#3783,#3784,#3785,#3786,#3787,
#3788,#3789,#3790,#3791,#3792,#3793,#3794,#3795,#3796,#3797,#3798,#3799,
#3800,#3801,#3802,#3803,#3804,#3805,#3806,#3807,#3808,#3809,#3810,#3811,
#3812,#3813,#3814,#3815,#3816,#3817,#3818,#3819,#3820,#3821,#3822,#3823,
#3824,#3825,#3826,#3827,#3828,#3829,#3830,#3831,#3832,#3833,#3834,#3835,
#3836,#3837,#3838,#3839,#3840,#3841,#3842,#3843,#3844,#3845,#3846,#3847,
#3848,#3849,#3850,#3851,#3852,#3853,#3854,#3855,#3856,#3857,#3858,#3859,
#3860,#3861,#3862,#3863,#3864,#3865,#3866,#3867,#3868,#3869,#3870,#3871,
#3872,#3873,#3874,#3875,#3876,#3877,#3878,#3879,#3880,#3881,#3882,#3883,
#3884,#3885,#3886,#3887,#3888,#3889,#3890,#3891,#3892,#3893,#3894,#3895,
#3896,#3897,#3898,#3899,#3900,#3901,#3902,#3903,#3904,#3905,#3906,#3907,
#3908,#3909,#3910,#3911,#3912,#3913,#3914,#3915,#3916,#3917,#3918,#3919,
#3920,#3921,#3922,#3923,#3924,#3925,#3926,#3927,#3928,#3929,#3930,#3931,
#3932,#3933,#3934,#3935,#3936,#3937,#3938,#3939,#3940,#3941,#3942,#3943,
#3944,#3945,#3946,#3947,#3948,#3949,#3950,#3951,#3952,#3953,#3954,#3955,
#3956,#3957));
#3959=STYLED_ITEM('',(#3960),#4480);
#3960=PRESENTATION_STYLE_ASSIGNMENT((#4046));
#3961=PRESENTATION_STYLE_ASSIGNMENT((#4047));
#3962=PRESENTATION_STYLE_ASSIGNMENT((#4048));
#3963=PRESENTATION_STYLE_ASSIGNMENT((#4049));
#3964=PRESENTATION_STYLE_ASSIGNMENT((#4050));
#3965=PRESENTATION_STYLE_ASSIGNMENT((#4051));
#3966=PRESENTATION_STYLE_ASSIGNMENT((#4052));
#3967=PRESENTATION_STYLE_ASSIGNMENT((#4053));
#3968=PRESENTATION_STYLE_ASSIGNMENT((#4054));
#3969=PRESENTATION_STYLE_ASSIGNMENT((#4055));
#3970=PRESENTATION_STYLE_ASSIGNMENT((#4056));
#3971=PRESENTATION_STYLE_ASSIGNMENT((#4057));
#3972=PRESENTATION_STYLE_ASSIGNMENT((#4058));
#3973=PRESENTATION_STYLE_ASSIGNMENT((#4059));
#3974=PRESENTATION_STYLE_ASSIGNMENT((#4060));
#3975=PRESENTATION_STYLE_ASSIGNMENT((#4061));
#3976=PRESENTATION_STYLE_ASSIGNMENT((#4062));
#3977=PRESENTATION_STYLE_ASSIGNMENT((#4063));
#3978=PRESENTATION_STYLE_ASSIGNMENT((#4064));
#3979=PRESENTATION_STYLE_ASSIGNMENT((#4065));
#3980=PRESENTATION_STYLE_ASSIGNMENT((#4066));
#3981=PRESENTATION_STYLE_ASSIGNMENT((#4067));
#3982=PRESENTATION_STYLE_ASSIGNMENT((#4068));
#3983=PRESENTATION_STYLE_ASSIGNMENT((#4069));
#3984=PRESENTATION_STYLE_ASSIGNMENT((#4070));
#3985=PRESENTATION_STYLE_ASSIGNMENT((#4071));
#3986=PRESENTATION_STYLE_ASSIGNMENT((#4072));
#3987=PRESENTATION_STYLE_ASSIGNMENT((#4073));
#3988=PRESENTATION_STYLE_ASSIGNMENT((#4074));
#3989=PRESENTATION_STYLE_ASSIGNMENT((#4075));
#3990=PRESENTATION_STYLE_ASSIGNMENT((#4076));
#3991=PRESENTATION_STYLE_ASSIGNMENT((#4077));
#3992=PRESENTATION_STYLE_ASSIGNMENT((#4078));
#3993=PRESENTATION_STYLE_ASSIGNMENT((#4079));
#3994=PRESENTATION_STYLE_ASSIGNMENT((#4080));
#3995=PRESENTATION_STYLE_ASSIGNMENT((#4081));
#3996=PRESENTATION_STYLE_ASSIGNMENT((#4082));
#3997=PRESENTATION_STYLE_ASSIGNMENT((#4083));
#3998=PRESENTATION_STYLE_ASSIGNMENT((#4084));
#3999=PRESENTATION_STYLE_ASSIGNMENT((#4085));
#4000=PRESENTATION_STYLE_ASSIGNMENT((#4086));
#4001=PRESENTATION_STYLE_ASSIGNMENT((#4087));
#4002=PRESENTATION_STYLE_ASSIGNMENT((#4088));
#4003=PRESENTATION_STYLE_ASSIGNMENT((#4089));
#4004=PRESENTATION_STYLE_ASSIGNMENT((#4090));
#4005=PRESENTATION_STYLE_ASSIGNMENT((#4091));
#4006=PRESENTATION_STYLE_ASSIGNMENT((#4092));
#4007=PRESENTATION_STYLE_ASSIGNMENT((#4093));
#4008=PRESENTATION_STYLE_ASSIGNMENT((#4094));
#4009=PRESENTATION_STYLE_ASSIGNMENT((#4095));
#4010=PRESENTATION_STYLE_ASSIGNMENT((#4096));
#4011=PRESENTATION_STYLE_ASSIGNMENT((#4097));
#4012=PRESENTATION_STYLE_ASSIGNMENT((#4098));
#4013=PRESENTATION_STYLE_ASSIGNMENT((#4099));
#4014=PRESENTATION_STYLE_ASSIGNMENT((#4100));
#4015=PRESENTATION_STYLE_ASSIGNMENT((#4101));
#4016=PRESENTATION_STYLE_ASSIGNMENT((#4102));
#4017=PRESENTATION_STYLE_ASSIGNMENT((#4103));
#4018=PRESENTATION_STYLE_ASSIGNMENT((#4104));
#4019=PRESENTATION_STYLE_ASSIGNMENT((#4105));
#4020=PRESENTATION_STYLE_ASSIGNMENT((#4106));
#4021=PRESENTATION_STYLE_ASSIGNMENT((#4107));
#4022=PRESENTATION_STYLE_ASSIGNMENT((#4108));
#4023=PRESENTATION_STYLE_ASSIGNMENT((#4109));
#4024=PRESENTATION_STYLE_ASSIGNMENT((#4110));
#4025=PRESENTATION_STYLE_ASSIGNMENT((#4111));
#4026=PRESENTATION_STYLE_ASSIGNMENT((#4112));
#4027=PRESENTATION_STYLE_ASSIGNMENT((#4113));
#4028=PRESENTATION_STYLE_ASSIGNMENT((#4114));
#4029=PRESENTATION_STYLE_ASSIGNMENT((#4115));
#4030=PRESENTATION_STYLE_ASSIGNMENT((#4116));
#4031=PRESENTATION_STYLE_ASSIGNMENT((#4117));
#4032=PRESENTATION_STYLE_ASSIGNMENT((#4118));
#4033=PRESENTATION_STYLE_ASSIGNMENT((#4119));
#4034=PRESENTATION_STYLE_ASSIGNMENT((#4120));
#4035=PRESENTATION_STYLE_ASSIGNMENT((#4121));
#4036=PRESENTATION_STYLE_ASSIGNMENT((#4122));
#4037=PRESENTATION_STYLE_ASSIGNMENT((#4123));
#4038=PRESENTATION_STYLE_ASSIGNMENT((#4124));
#4039=PRESENTATION_STYLE_ASSIGNMENT((#4125));
#4040=PRESENTATION_STYLE_ASSIGNMENT((#4126));
#4041=PRESENTATION_STYLE_ASSIGNMENT((#4127));
#4042=PRESENTATION_STYLE_ASSIGNMENT((#4128));
#4043=PRESENTATION_STYLE_ASSIGNMENT((#4129));
#4044=PRESENTATION_STYLE_ASSIGNMENT((#4130));
#4045=PRESENTATION_STYLE_ASSIGNMENT((#4131));
#4046=SURFACE_STYLE_USAGE(.BOTH.,#4132);
#4047=SURFACE_STYLE_USAGE(.BOTH.,#4133);
#4048=SURFACE_STYLE_USAGE(.BOTH.,#4134);
#4049=SURFACE_STYLE_USAGE(.BOTH.,#4135);
#4050=SURFACE_STYLE_USAGE(.BOTH.,#4136);
#4051=SURFACE_STYLE_USAGE(.BOTH.,#4137);
#4052=SURFACE_STYLE_USAGE(.BOTH.,#4138);
#4053=SURFACE_STYLE_USAGE(.BOTH.,#4139);
#4054=SURFACE_STYLE_USAGE(.BOTH.,#4140);
#4055=SURFACE_STYLE_USAGE(.BOTH.,#4141);
#4056=SURFACE_STYLE_USAGE(.BOTH.,#4142);
#4057=SURFACE_STYLE_USAGE(.BOTH.,#4143);
#4058=SURFACE_STYLE_USAGE(.BOTH.,#4144);
#4059=SURFACE_STYLE_USAGE(.BOTH.,#4145);
#4060=SURFACE_STYLE_USAGE(.BOTH.,#4146);
#4061=SURFACE_STYLE_USAGE(.BOTH.,#4147);
#4062=SURFACE_STYLE_USAGE(.BOTH.,#4148);
#4063=SURFACE_STYLE_USAGE(.BOTH.,#4149);
#4064=SURFACE_STYLE_USAGE(.BOTH.,#4150);
#4065=SURFACE_STYLE_USAGE(.BOTH.,#4151);
#4066=SURFACE_STYLE_USAGE(.BOTH.,#4152);
#4067=SURFACE_STYLE_USAGE(.BOTH.,#4153);
#4068=SURFACE_STYLE_USAGE(.BOTH.,#4154);
#4069=SURFACE_STYLE_USAGE(.BOTH.,#4155);
#4070=SURFACE_STYLE_USAGE(.BOTH.,#4156);
#4071=SURFACE_STYLE_USAGE(.BOTH.,#4157);
#4072=SURFACE_STYLE_USAGE(.BOTH.,#4158);
#4073=SURFACE_STYLE_USAGE(.BOTH.,#4159);
#4074=SURFACE_STYLE_USAGE(.BOTH.,#4160);
#4075=SURFACE_STYLE_USAGE(.BOTH.,#4161);
#4076=SURFACE_STYLE_USAGE(.BOTH.,#4162);
#4077=SURFACE_STYLE_USAGE(.BOTH.,#4163);
#4078=SURFACE_STYLE_USAGE(.BOTH.,#4164);
#4079=SURFACE_STYLE_USAGE(.BOTH.,#4165);
#4080=SURFACE_STYLE_USAGE(.BOTH.,#4166);
#4081=SURFACE_STYLE_USAGE(.BOTH.,#4167);
#4082=SURFACE_STYLE_USAGE(.BOTH.,#4168);
#4083=SURFACE_STYLE_USAGE(.BOTH.,#4169);
#4084=SURFACE_STYLE_USAGE(.BOTH.,#4170);
#4085=SURFACE_STYLE_USAGE(.BOTH.,#4171);
#4086=SURFACE_STYLE_USAGE(.BOTH.,#4172);
#4087=SURFACE_STYLE_USAGE(.BOTH.,#4173);
#4088=SURFACE_STYLE_USAGE(.BOTH.,#4174);
#4089=SURFACE_STYLE_USAGE(.BOTH.,#4175);
#4090=SURFACE_STYLE_USAGE(.BOTH.,#4176);
#4091=SURFACE_STYLE_USAGE(.BOTH.,#4177);
#4092=SURFACE_STYLE_USAGE(.BOTH.,#4178);
#4093=SURFACE_STYLE_USAGE(.BOTH.,#4179);
#4094=SURFACE_STYLE_USAGE(.BOTH.,#4180);
#4095=SURFACE_STYLE_USAGE(.BOTH.,#4181);
#4096=SURFACE_STYLE_USAGE(.BOTH.,#4182);
#4097=SURFACE_STYLE_USAGE(.BOTH.,#4183);
#4098=SURFACE_STYLE_USAGE(.BOTH.,#4184);
#4099=SURFACE_STYLE_USAGE(.BOTH.,#4185);
#4100=SURFACE_STYLE_USAGE(.BOTH.,#4186);
#4101=SURFACE_STYLE_USAGE(.BOTH.,#4187);
#4102=SURFACE_STYLE_USAGE(.BOTH.,#4188);
#4103=SURFACE_STYLE_USAGE(.BOTH.,#4189);
#4104=SURFACE_STYLE_USAGE(.BOTH.,#4190);
#4105=SURFACE_STYLE_USAGE(.BOTH.,#4191);
#4106=SURFACE_STYLE_USAGE(.BOTH.,#4192);
#4107=SURFACE_STYLE_USAGE(.BOTH.,#4193);
#4108=SURFACE_STYLE_USAGE(.BOTH.,#4194);
#4109=SURFACE_STYLE_USAGE(.BOTH.,#4195);
#4110=SURFACE_STYLE_USAGE(.BOTH.,#4196);
#4111=SURFACE_STYLE_USAGE(.BOTH.,#4197);
#4112=SURFACE_STYLE_USAGE(.BOTH.,#4198);
#4113=SURFACE_STYLE_USAGE(.BOTH.,#4199);
#4114=SURFACE_STYLE_USAGE(.BOTH.,#4200);
#4115=SURFACE_STYLE_USAGE(.BOTH.,#4201);
#4116=SURFACE_STYLE_USAGE(.BOTH.,#4202);
#4117=SURFACE_STYLE_USAGE(.BOTH.,#4203);
#4118=SURFACE_STYLE_USAGE(.BOTH.,#4204);
#4119=SURFACE_STYLE_USAGE(.BOTH.,#4205);
#4120=SURFACE_STYLE_USAGE(.BOTH.,#4206);
#4121=SURFACE_STYLE_USAGE(.BOTH.,#4207);
#4122=SURFACE_STYLE_USAGE(.BOTH.,#4208);
#4123=SURFACE_STYLE_USAGE(.BOTH.,#4209);
#4124=SURFACE_STYLE_USAGE(.BOTH.,#4210);
#4125=SURFACE_STYLE_USAGE(.BOTH.,#4211);
#4126=SURFACE_STYLE_USAGE(.BOTH.,#4212);
#4127=SURFACE_STYLE_USAGE(.BOTH.,#4213);
#4128=SURFACE_STYLE_USAGE(.BOTH.,#4214);
#4129=SURFACE_STYLE_USAGE(.BOTH.,#4215);
#4130=SURFACE_STYLE_USAGE(.BOTH.,#4216);
#4131=SURFACE_STYLE_USAGE(.BOTH.,#4217);
#4132=SURFACE_SIDE_STYLE('',(#4218));
#4133=SURFACE_SIDE_STYLE('',(#4219));
#4134=SURFACE_SIDE_STYLE('',(#4220));
#4135=SURFACE_SIDE_STYLE('',(#4221));
#4136=SURFACE_SIDE_STYLE('',(#4222));
#4137=SURFACE_SIDE_STYLE('',(#4223));
#4138=SURFACE_SIDE_STYLE('',(#4224));
#4139=SURFACE_SIDE_STYLE('',(#4225));
#4140=SURFACE_SIDE_STYLE('',(#4226));
#4141=SURFACE_SIDE_STYLE('',(#4227));
#4142=SURFACE_SIDE_STYLE('',(#4228));
#4143=SURFACE_SIDE_STYLE('',(#4229));
#4144=SURFACE_SIDE_STYLE('',(#4230));
#4145=SURFACE_SIDE_STYLE('',(#4231));
#4146=SURFACE_SIDE_STYLE('',(#4232));
#4147=SURFACE_SIDE_STYLE('',(#4233));
#4148=SURFACE_SIDE_STYLE('',(#4234));
#4149=SURFACE_SIDE_STYLE('',(#4235));
#4150=SURFACE_SIDE_STYLE('',(#4236));
#4151=SURFACE_SIDE_STYLE('',(#4237));
#4152=SURFACE_SIDE_STYLE('',(#4238));
#4153=SURFACE_SIDE_STYLE('',(#4239));
#4154=SURFACE_SIDE_STYLE('',(#4240));
#4155=SURFACE_SIDE_STYLE('',(#4241));
#4156=SURFACE_SIDE_STYLE('',(#4242));
#4157=SURFACE_SIDE_STYLE('',(#4243));
#4158=SURFACE_SIDE_STYLE('',(#4244));
#4159=SURFACE_SIDE_STYLE('',(#4245));
#4160=SURFACE_SIDE_STYLE('',(#4246));
#4161=SURFACE_SIDE_STYLE('',(#4247));
#4162=SURFACE_SIDE_STYLE('',(#4248));
#4163=SURFACE_SIDE_STYLE('',(#4249));
#4164=SURFACE_SIDE_STYLE('',(#4250));
#4165=SURFACE_SIDE_STYLE('',(#4251));
#4166=SURFACE_SIDE_STYLE('',(#4252));
#4167=SURFACE_SIDE_STYLE('',(#4253));
#4168=SURFACE_SIDE_STYLE('',(#4254));
#4169=SURFACE_SIDE_STYLE('',(#4255));
#4170=SURFACE_SIDE_STYLE('',(#4256));
#4171=SURFACE_SIDE_STYLE('',(#4257));
#4172=SURFACE_SIDE_STYLE('',(#4258));
#4173=SURFACE_SIDE_STYLE('',(#4259));
#4174=SURFACE_SIDE_STYLE('',(#4260));
#4175=SURFACE_SIDE_STYLE('',(#4261));
#4176=SURFACE_SIDE_STYLE('',(#4262));
#4177=SURFACE_SIDE_STYLE('',(#4263));
#4178=SURFACE_SIDE_STYLE('',(#4264));
#4179=SURFACE_SIDE_STYLE('',(#4265));
#4180=SURFACE_SIDE_STYLE('',(#4266));
#4181=SURFACE_SIDE_STYLE('',(#4267));
#4182=SURFACE_SIDE_STYLE('',(#4268));
#4183=SURFACE_SIDE_STYLE('',(#4269));
#4184=SURFACE_SIDE_STYLE('',(#4270));
#4185=SURFACE_SIDE_STYLE('',(#4271));
#4186=SURFACE_SIDE_STYLE('',(#4272));
#4187=SURFACE_SIDE_STYLE('',(#4273));
#4188=SURFACE_SIDE_STYLE('',(#4274));
#4189=SURFACE_SIDE_STYLE('',(#4275));
#4190=SURFACE_SIDE_STYLE('',(#4276));
#4191=SURFACE_SIDE_STYLE('',(#4277));
#4192=SURFACE_SIDE_STYLE('',(#4278));
#4193=SURFACE_SIDE_STYLE('',(#4279));
#4194=SURFACE_SIDE_STYLE('',(#4280));
#4195=SURFACE_SIDE_STYLE('',(#4281));
#4196=SURFACE_SIDE_STYLE('',(#4282));
#4197=SURFACE_SIDE_STYLE('',(#4283));
#4198=SURFACE_SIDE_STYLE('',(#4284));
#4199=SURFACE_SIDE_STYLE('',(#4285));
#4200=SURFACE_SIDE_STYLE('',(#4286));
#4201=SURFACE_SIDE_STYLE('',(#4287));
#4202=SURFACE_SIDE_STYLE('',(#4288));
#4203=SURFACE_SIDE_STYLE('',(#4289));
#4204=SURFACE_SIDE_STYLE('',(#4290));
#4205=SURFACE_SIDE_STYLE('',(#4291));
#4206=SURFACE_SIDE_STYLE('',(#4292));
#4207=SURFACE_SIDE_STYLE('',(#4293));
#4208=SURFACE_SIDE_STYLE('',(#4294));
#4209=SURFACE_SIDE_STYLE('',(#4295));
#4210=SURFACE_SIDE_STYLE('',(#4296));
#4211=SURFACE_SIDE_STYLE('',(#4297));
#4212=SURFACE_SIDE_STYLE('',(#4298));
#4213=SURFACE_SIDE_STYLE('',(#4299));
#4214=SURFACE_SIDE_STYLE('',(#4300));
#4215=SURFACE_SIDE_STYLE('',(#4301));
#4216=SURFACE_SIDE_STYLE('',(#4302));
#4217=SURFACE_SIDE_STYLE('',(#4303));
#4218=SURFACE_STYLE_FILL_AREA(#4304);
#4219=SURFACE_STYLE_FILL_AREA(#4305);
#4220=SURFACE_STYLE_FILL_AREA(#4306);
#4221=SURFACE_STYLE_FILL_AREA(#4307);
#4222=SURFACE_STYLE_FILL_AREA(#4308);
#4223=SURFACE_STYLE_FILL_AREA(#4309);
#4224=SURFACE_STYLE_FILL_AREA(#4310);
#4225=SURFACE_STYLE_FILL_AREA(#4311);
#4226=SURFACE_STYLE_FILL_AREA(#4312);
#4227=SURFACE_STYLE_FILL_AREA(#4313);
#4228=SURFACE_STYLE_FILL_AREA(#4314);
#4229=SURFACE_STYLE_FILL_AREA(#4315);
#4230=SURFACE_STYLE_FILL_AREA(#4316);
#4231=SURFACE_STYLE_FILL_AREA(#4317);
#4232=SURFACE_STYLE_FILL_AREA(#4318);
#4233=SURFACE_STYLE_FILL_AREA(#4319);
#4234=SURFACE_STYLE_FILL_AREA(#4320);
#4235=SURFACE_STYLE_FILL_AREA(#4321);
#4236=SURFACE_STYLE_FILL_AREA(#4322);
#4237=SURFACE_STYLE_FILL_AREA(#4323);
#4238=SURFACE_STYLE_FILL_AREA(#4324);
#4239=SURFACE_STYLE_FILL_AREA(#4325);
#4240=SURFACE_STYLE_FILL_AREA(#4326);
#4241=SURFACE_STYLE_FILL_AREA(#4327);
#4242=SURFACE_STYLE_FILL_AREA(#4328);
#4243=SURFACE_STYLE_FILL_AREA(#4329);
#4244=SURFACE_STYLE_FILL_AREA(#4330);
#4245=SURFACE_STYLE_FILL_AREA(#4331);
#4246=SURFACE_STYLE_FILL_AREA(#4332);
#4247=SURFACE_STYLE_FILL_AREA(#4333);
#4248=SURFACE_STYLE_FILL_AREA(#4334);
#4249=SURFACE_STYLE_FILL_AREA(#4335);
#4250=SURFACE_STYLE_FILL_AREA(#4336);
#4251=SURFACE_STYLE_FILL_AREA(#4337);
#4252=SURFACE_STYLE_FILL_AREA(#4338);
#4253=SURFACE_STYLE_FILL_AREA(#4339);
#4254=SURFACE_STYLE_FILL_AREA(#4340);
#4255=SURFACE_STYLE_FILL_AREA(#4341);
#4256=SURFACE_STYLE_FILL_AREA(#4342);
#4257=SURFACE_STYLE_FILL_AREA(#4343);
#4258=SURFACE_STYLE_FILL_AREA(#4344);
#4259=SURFACE_STYLE_FILL_AREA(#4345);
#4260=SURFACE_STYLE_FILL_AREA(#4346);
#4261=SURFACE_STYLE_FILL_AREA(#4347);
#4262=SURFACE_STYLE_FILL_AREA(#4348);
#4263=SURFACE_STYLE_FILL_AREA(#4349);
#4264=SURFACE_STYLE_FILL_AREA(#4350);
#4265=SURFACE_STYLE_FILL_AREA(#4351);
#4266=SURFACE_STYLE_FILL_AREA(#4352);
#4267=SURFACE_STYLE_FILL_AREA(#4353);
#4268=SURFACE_STYLE_FILL_AREA(#4354);
#4269=SURFACE_STYLE_FILL_AREA(#4355);
#4270=SURFACE_STYLE_FILL_AREA(#4356);
#4271=SURFACE_STYLE_FILL_AREA(#4357);
#4272=SURFACE_STYLE_FILL_AREA(#4358);
#4273=SURFACE_STYLE_FILL_AREA(#4359);
#4274=SURFACE_STYLE_FILL_AREA(#4360);
#4275=SURFACE_STYLE_FILL_AREA(#4361);
#4276=SURFACE_STYLE_FILL_AREA(#4362);
#4277=SURFACE_STYLE_FILL_AREA(#4363);
#4278=SURFACE_STYLE_FILL_AREA(#4364);
#4279=SURFACE_STYLE_FILL_AREA(#4365);
#4280=SURFACE_STYLE_FILL_AREA(#4366);
#4281=SURFACE_STYLE_FILL_AREA(#4367);
#4282=SURFACE_STYLE_FILL_AREA(#4368);
#4283=SURFACE_STYLE_FILL_AREA(#4369);
#4284=SURFACE_STYLE_FILL_AREA(#4370);
#4285=SURFACE_STYLE_FILL_AREA(#4371);
#4286=SURFACE_STYLE_FILL_AREA(#4372);
#4287=SURFACE_STYLE_FILL_AREA(#4373);
#4288=SURFACE_STYLE_FILL_AREA(#4374);
#4289=SURFACE_STYLE_FILL_AREA(#4375);
#4290=SURFACE_STYLE_FILL_AREA(#4376);
#4291=SURFACE_STYLE_FILL_AREA(#4377);
#4292=SURFACE_STYLE_FILL_AREA(#4378);
#4293=SURFACE_STYLE_FILL_AREA(#4379);
#4294=SURFACE_STYLE_FILL_AREA(#4380);
#4295=SURFACE_STYLE_FILL_AREA(#4381);
#4296=SURFACE_STYLE_FILL_AREA(#4382);
#4297=SURFACE_STYLE_FILL_AREA(#4383);
#4298=SURFACE_STYLE_FILL_AREA(#4384);
#4299=SURFACE_STYLE_FILL_AREA(#4385);
#4300=SURFACE_STYLE_FILL_AREA(#4386);
#4301=SURFACE_STYLE_FILL_AREA(#4387);
#4302=SURFACE_STYLE_FILL_AREA(#4388);
#4303=SURFACE_STYLE_FILL_AREA(#4389);
#4304=FILL_AREA_STYLE('',(#4390));
#4305=FILL_AREA_STYLE('',(#4391));
#4306=FILL_AREA_STYLE('',(#4392));
#4307=FILL_AREA_STYLE('',(#4393));
#4308=FILL_AREA_STYLE('',(#4394));
#4309=FILL_AREA_STYLE('',(#4395));
#4310=FILL_AREA_STYLE('',(#4396));
#4311=FILL_AREA_STYLE('',(#4397));
#4312=FILL_AREA_STYLE('',(#4398));
#4313=FILL_AREA_STYLE('',(#4399));
#4314=FILL_AREA_STYLE('',(#4400));
#4315=FILL_AREA_STYLE('',(#4401));
#4316=FILL_AREA_STYLE('',(#4402));
#4317=FILL_AREA_STYLE('',(#4403));
#4318=FILL_AREA_STYLE('',(#4404));
#4319=FILL_AREA_STYLE('',(#4405));
#4320=FILL_AREA_STYLE('',(#4406));
#4321=FILL_AREA_STYLE('',(#4407));
#4322=FILL_AREA_STYLE('',(#4408));
#4323=FILL_AREA_STYLE('',(#4409));
#4324=FILL_AREA_STYLE('',(#4410));
#4325=FILL_AREA_STYLE('',(#4411));
#4326=FILL_AREA_STYLE('',(#4412));
#4327=FILL_AREA_STYLE('',(#4413));
#4328=FILL_AREA_STYLE('',(#4414));
#4329=FILL_AREA_STYLE('',(#4415));
#4330=FILL_AREA_STYLE('',(#4416));
#4331=FILL_AREA_STYLE('',(#4417));
#4332=FILL_AREA_STYLE('',(#4418));
#4333=FILL_AREA_STYLE('',(#4419));
#4334=FILL_AREA_STYLE('',(#4420));
#4335=FILL_AREA_STYLE('',(#4421));
#4336=FILL_AREA_STYLE('',(#4422));
#4337=FILL_AREA_STYLE('',(#4423));
#4338=FILL_AREA_STYLE('',(#4424));
#4339=FILL_AREA_STYLE('',(#4425));
#4340=FILL_AREA_STYLE('',(#4426));
#4341=FILL_AREA_STYLE('',(#4427));
#4342=FILL_AREA_STYLE('',(#4428));
#4343=FILL_AREA_STYLE('',(#4429));
#4344=FILL_AREA_STYLE('',(#4430));
#4345=FILL_AREA_STYLE('',(#4431));
#4346=FILL_AREA_STYLE('',(#4432));
#4347=FILL_AREA_STYLE('',(#4433));
#4348=FILL_AREA_STYLE('',(#4434));
#4349=FILL_AREA_STYLE('',(#4435));
#4350=FILL_AREA_STYLE('',(#4436));
#4351=FILL_AREA_STYLE('',(#4437));
#4352=FILL_AREA_STYLE('',(#4438));
#4353=FILL_AREA_STYLE('',(#4439));
#4354=FILL_AREA_STYLE('',(#4440));
#4355=FILL_AREA_STYLE('',(#4441));
#4356=FILL_AREA_STYLE('',(#4442));
#4357=FILL_AREA_STYLE('',(#4443));
#4358=FILL_AREA_STYLE('',(#4444));
#4359=FILL_AREA_STYLE('',(#4445));
#4360=FILL_AREA_STYLE('',(#4446));
#4361=FILL_AREA_STYLE('',(#4447));
#4362=FILL_AREA_STYLE('',(#4448));
#4363=FILL_AREA_STYLE('',(#4449));
#4364=FILL_AREA_STYLE('',(#4450));
#4365=FILL_AREA_STYLE('',(#4451));
#4366=FILL_AREA_STYLE('',(#4452));
#4367=FILL_AREA_STYLE('',(#4453));
#4368=FILL_AREA_STYLE('',(#4454));
#4369=FILL_AREA_STYLE('',(#4455));
#4370=FILL_AREA_STYLE('',(#4456));
#4371=FILL_AREA_STYLE('',(#4457));
#4372=FILL_AREA_STYLE('',(#4458));
#4373=FILL_AREA_STYLE('',(#4459));
#4374=FILL_AREA_STYLE('',(#4460));
#4375=FILL_AREA_STYLE('',(#4461));
#4376=FILL_AREA_STYLE('',(#4462));
#4377=FILL_AREA_STYLE('',(#4463));
#4378=FILL_AREA_STYLE('',(#4464));
#4379=FILL_AREA_STYLE('',(#4465));
#4380=FILL_AREA_STYLE('',(#4466));
#4381=FILL_AREA_STYLE('',(#4467));
#4382=FILL_AREA_STYLE('',(#4468));
#4383=FILL_AREA_STYLE('',(#4469));
#4384=FILL_AREA_STYLE('',(#4470));
#4385=FILL_AREA_STYLE('',(#4471));
#4386=FILL_AREA_STYLE('',(#4472));
#4387=FILL_AREA_STYLE('',(#4473));
#4388=FILL_AREA_STYLE('',(#4474));
#4389=FILL_AREA_STYLE('',(#4475));
#4390=FILL_AREA_STYLE_COLOUR('',#4476);
#4391=FILL_AREA_STYLE_COLOUR('',#4477);
#4392=FILL_AREA_STYLE_COLOUR('',#4477);
#4393=FILL_AREA_STYLE_COLOUR('',#4477);
#4394=FILL_AREA_STYLE_COLOUR('',#4477);
#4395=FILL_AREA_STYLE_COLOUR('',#4477);
#4396=FILL_AREA_STYLE_COLOUR('',#4477);
#4397=FILL_AREA_STYLE_COLOUR('',#4477);
#4398=FILL_AREA_STYLE_COLOUR('',#4477);
#4399=FILL_AREA_STYLE_COLOUR('',#4477);
#4400=FILL_AREA_STYLE_COLOUR('',#4477);
#4401=FILL_AREA_STYLE_COLOUR('',#4477);
#4402=FILL_AREA_STYLE_COLOUR('',#4477);
#4403=FILL_AREA_STYLE_COLOUR('',#4477);
#4404=FILL_AREA_STYLE_COLOUR('',#4477);
#4405=FILL_AREA_STYLE_COLOUR('',#4477);
#4406=FILL_AREA_STYLE_COLOUR('',#4478);
#4407=FILL_AREA_STYLE_COLOUR('',#4478);
#4408=FILL_AREA_STYLE_COLOUR('',#4478);
#4409=FILL_AREA_STYLE_COLOUR('',#4478);
#4410=FILL_AREA_STYLE_COLOUR('',#4478);
#4411=FILL_AREA_STYLE_COLOUR('',#4478);
#4412=FILL_AREA_STYLE_COLOUR('',#4478);
#4413=FILL_AREA_STYLE_COLOUR('',#4478);
#4414=FILL_AREA_STYLE_COLOUR('',#4478);
#4415=FILL_AREA_STYLE_COLOUR('',#4478);
#4416=FILL_AREA_STYLE_COLOUR('',#4478);
#4417=FILL_AREA_STYLE_COLOUR('',#4478);
#4418=FILL_AREA_STYLE_COLOUR('',#4478);
#4419=FILL_AREA_STYLE_COLOUR('',#4478);
#4420=FILL_AREA_STYLE_COLOUR('',#4478);
#4421=FILL_AREA_STYLE_COLOUR('',#4478);
#4422=FILL_AREA_STYLE_COLOUR('',#4478);
#4423=FILL_AREA_STYLE_COLOUR('',#4478);
#4424=FILL_AREA_STYLE_COLOUR('',#4478);
#4425=FILL_AREA_STYLE_COLOUR('',#4478);
#4426=FILL_AREA_STYLE_COLOUR('',#4478);
#4427=FILL_AREA_STYLE_COLOUR('',#4478);
#4428=FILL_AREA_STYLE_COLOUR('',#4478);
#4429=FILL_AREA_STYLE_COLOUR('',#4478);
#4430=FILL_AREA_STYLE_COLOUR('',#4478);
#4431=FILL_AREA_STYLE_COLOUR('',#4478);
#4432=FILL_AREA_STYLE_COLOUR('',#4478);
#4433=FILL_AREA_STYLE_COLOUR('',#4478);
#4434=FILL_AREA_STYLE_COLOUR('',#4478);
#4435=FILL_AREA_STYLE_COLOUR('',#4478);
#4436=FILL_AREA_STYLE_COLOUR('',#4478);
#4437=FILL_AREA_STYLE_COLOUR('',#4478);
#4438=FILL_AREA_STYLE_COLOUR('',#4478);
#4439=FILL_AREA_STYLE_COLOUR('',#4478);
#4440=FILL_AREA_STYLE_COLOUR('',#4478);
#4441=FILL_AREA_STYLE_COLOUR('',#4478);
#4442=FILL_AREA_STYLE_COLOUR('',#4478);
#4443=FILL_AREA_STYLE_COLOUR('',#4478);
#4444=FILL_AREA_STYLE_COLOUR('',#4478);
#4445=FILL_AREA_STYLE_COLOUR('',#4478);
#4446=FILL_AREA_STYLE_COLOUR('',#4478);
#4447=FILL_AREA_STYLE_COLOUR('',#4478);
#4448=FILL_AREA_STYLE_COLOUR('',#4478);
#4449=FILL_AREA_STYLE_COLOUR('',#4478);
#4450=FILL_AREA_STYLE_COLOUR('',#4478);
#4451=FILL_AREA_STYLE_COLOUR('',#4478);
#4452=FILL_AREA_STYLE_COLOUR('',#4478);
#4453=FILL_AREA_STYLE_COLOUR('',#4478);
#4454=FILL_AREA_STYLE_COLOUR('',#4478);
#4455=FILL_AREA_STYLE_COLOUR('',#4478);
#4456=FILL_AREA_STYLE_COLOUR('',#4478);
#4457=FILL_AREA_STYLE_COLOUR('',#4478);
#4458=FILL_AREA_STYLE_COLOUR('',#4478);
#4459=FILL_AREA_STYLE_COLOUR('',#4478);
#4460=FILL_AREA_STYLE_COLOUR('',#4478);
#4461=FILL_AREA_STYLE_COLOUR('',#4478);
#4462=FILL_AREA_STYLE_COLOUR('',#4478);
#4463=FILL_AREA_STYLE_COLOUR('',#4478);
#4464=FILL_AREA_STYLE_COLOUR('',#4478);
#4465=FILL_AREA_STYLE_COLOUR('',#4478);
#4466=FILL_AREA_STYLE_COLOUR('',#4478);
#4467=FILL_AREA_STYLE_COLOUR('',#4478);
#4468=FILL_AREA_STYLE_COLOUR('',#4478);
#4469=FILL_AREA_STYLE_COLOUR('',#4478);
#4470=FILL_AREA_STYLE_COLOUR('',#4479);
#4471=FILL_AREA_STYLE_COLOUR('',#4479);
#4472=FILL_AREA_STYLE_COLOUR('',#4479);
#4473=FILL_AREA_STYLE_COLOUR('',#4479);
#4474=FILL_AREA_STYLE_COLOUR('',#4479);
#4475=FILL_AREA_STYLE_COLOUR('',#4479);
#4476=COLOUR_RGB('',0.917647058823529,0.823529411764706,0.635294117647059);
#4477=COLOUR_RGB('',0.474509803921569,0.352941176470589,0.);
#4478=COLOUR_RGB('',0.756862745098039,0.462745098039216,0.109803921568627);
#4479=COLOUR_RGB('',0.650980392156863,0.486274509803922,0.0196078431372549);
#4480=MANIFOLD_SOLID_BREP('Part 2',#3958);
#4481=SHAPE_DEFINITION_REPRESENTATION(#6981,#4483);
#4482=SHAPE_DEFINITION_REPRESENTATION(#6982,#4484);
#4483=SHAPE_REPRESENTATION('Assembly 2',(#4485,#4702),#6974);
#4484=SHAPE_REPRESENTATION('Part 2',(#4485),#6975);
#4485=AXIS2_PLACEMENT_3D('',#5584,#4703,#4704);
#4486=AXIS2_PLACEMENT_3D('',#5585,#4705,#4706);
#4487=AXIS2_PLACEMENT_3D('',#5598,#4713,#4714);
#4488=AXIS2_PLACEMENT_3D('',#5683,#4757,#4758);
#4489=AXIS2_PLACEMENT_3D('',#5692,#4763,#4764);
#4490=AXIS2_PLACEMENT_3D('',#5706,#4772,#4773);
#4491=AXIS2_PLACEMENT_3D('',#5715,#4778,#4779);
#4492=AXIS2_PLACEMENT_3D('',#5728,#4786,#4787);
#4493=AXIS2_PLACEMENT_3D('',#5737,#4792,#4793);
#4494=AXIS2_PLACEMENT_3D('',#5740,#4796,#4797);
#4495=AXIS2_PLACEMENT_3D('',#5746,#4801,#4802);
#4496=AXIS2_PLACEMENT_3D('',#5749,#4805,#4806);
#4497=AXIS2_PLACEMENT_3D('',#5752,#4809,#4810);
#4498=AXIS2_PLACEMENT_3D('',#5758,#4814,#4815);
#4499=AXIS2_PLACEMENT_3D('',#5764,#4819,#4820);
#4500=AXIS2_PLACEMENT_3D('',#5770,#4824,#4825);
#4501=AXIS2_PLACEMENT_3D('',#5851,#4866,#4867);
#4502=AXIS2_PLACEMENT_3D('',#5854,#4870,#4871);
#4503=AXIS2_PLACEMENT_3D('',#5860,#4875,#4876);
#4504=AXIS2_PLACEMENT_3D('',#5866,#4880,#4881);
#4505=AXIS2_PLACEMENT_3D('',#5870,#4883,#4884);
#4506=AXIS2_PLACEMENT_3D('',#5871,#4885,#4886);
#4507=AXIS2_PLACEMENT_3D('',#5872,#4887,#4888);
#4508=AXIS2_PLACEMENT_3D('',#5916,#4894,#4895);
#4509=AXIS2_PLACEMENT_3D('',#5958,#4902,#4903);
#4510=AXIS2_PLACEMENT_3D('',#6074,#4940,#4941);
#4511=AXIS2_PLACEMENT_3D('',#6080,#4945,#4946);
#4512=AXIS2_PLACEMENT_3D('',#6086,#4950,#4951);
#4513=AXIS2_PLACEMENT_3D('',#6087,#4952,#4953);
#4514=AXIS2_PLACEMENT_3D('',#6088,#4954,#4955);
#4515=AXIS2_PLACEMENT_3D('',#6089,#4956,#4957);
#4516=AXIS2_PLACEMENT_3D('',#6093,#4959,#4960);
#4517=AXIS2_PLACEMENT_3D('',#6094,#4961,#4962);
#4518=AXIS2_PLACEMENT_3D('',#6095,#4963,#4964);
#4519=AXIS2_PLACEMENT_3D('',#6137,#4986,#4987);
#4520=AXIS2_PLACEMENT_3D('',#6138,#4988,#4989);
#4521=AXIS2_PLACEMENT_3D('',#6139,#4990,#4991);
#4522=AXIS2_PLACEMENT_3D('',#6140,#4992,#4993);
#4523=AXIS2_PLACEMENT_3D('',#6171,#5010,#5011);
#4524=AXIS2_PLACEMENT_3D('',#6172,#5012,#5013);
#4525=AXIS2_PLACEMENT_3D('',#6177,#5015,#5016);
#4526=AXIS2_PLACEMENT_3D('',#6181,#5018,#5019);
#4527=AXIS2_PLACEMENT_3D('',#6185,#5021,#5022);
#4528=AXIS2_PLACEMENT_3D('',#6188,#5024,#5025);
#4529=AXIS2_PLACEMENT_3D('',#6194,#5029,#5030);
#4530=AXIS2_PLACEMENT_3D('',#6195,#5031,#5032);
#4531=AXIS2_PLACEMENT_3D('',#6197,#5033,#5034);
#4532=AXIS2_PLACEMENT_3D('',#6199,#5035,#5036);
#4533=AXIS2_PLACEMENT_3D('',#6202,#5039,#5040);
#4534=AXIS2_PLACEMENT_3D('',#6203,#5041,#5042);
#4535=AXIS2_PLACEMENT_3D('',#6204,#5043,#5044);
#4536=AXIS2_PLACEMENT_3D('',#6206,#5045,#5046);
#4537=AXIS2_PLACEMENT_3D('',#6208,#5047,#5048);
#4538=AXIS2_PLACEMENT_3D('',#6214,#5052,#5053);
#4539=AXIS2_PLACEMENT_3D('',#6217,#5056,#5057);
#4540=AXIS2_PLACEMENT_3D('',#6218,#5058,#5059);
#4541=AXIS2_PLACEMENT_3D('',#6221,#5062,#5063);
#4542=AXIS2_PLACEMENT_3D('',#6223,#5065,#5066);
#4543=AXIS2_PLACEMENT_3D('',#6225,#5068,#5069);
#4544=AXIS2_PLACEMENT_3D('',#6226,#5070,#5071);
#4545=AXIS2_PLACEMENT_3D('',#6229,#5074,#5075);
#4546=AXIS2_PLACEMENT_3D('',#6231,#5077,#5078);
#4547=AXIS2_PLACEMENT_3D('',#6233,#5080,#5081);
#4548=AXIS2_PLACEMENT_3D('',#6235,#5083,#5084);
#4549=AXIS2_PLACEMENT_3D('',#6237,#5086,#5087);
#4550=AXIS2_PLACEMENT_3D('',#6239,#5089,#5090);
#4551=AXIS2_PLACEMENT_3D('',#6241,#5092,#5093);
#4552=AXIS2_PLACEMENT_3D('',#6243,#5095,#5096);
#4553=AXIS2_PLACEMENT_3D('',#6245,#5098,#5099);
#4554=AXIS2_PLACEMENT_3D('',#6247,#5101,#5102);
#4555=AXIS2_PLACEMENT_3D('',#6249,#5104,#5105);
#4556=AXIS2_PLACEMENT_3D('',#6250,#5106,#5107);
#4557=AXIS2_PLACEMENT_3D('',#6253,#5110,#5111);
#4558=AXIS2_PLACEMENT_3D('',#6255,#5113,#5114);
#4559=AXIS2_PLACEMENT_3D('',#6257,#5116,#5117);
#4560=AXIS2_PLACEMENT_3D('',#6258,#5118,#5119);
#4561=AXIS2_PLACEMENT_3D('',#6261,#5122,#5123);
#4562=AXIS2_PLACEMENT_3D('',#6263,#5125,#5126);
#4563=AXIS2_PLACEMENT_3D('',#6265,#5128,#5129);
#4564=AXIS2_PLACEMENT_3D('',#6266,#5130,#5131);
#4565=AXIS2_PLACEMENT_3D('',#6269,#5134,#5135);
#4566=AXIS2_PLACEMENT_3D('',#6271,#5137,#5138);
#4567=AXIS2_PLACEMENT_3D('',#6273,#5140,#5141);
#4568=AXIS2_PLACEMENT_3D('',#6274,#5142,#5143);
#4569=AXIS2_PLACEMENT_3D('',#6277,#5146,#5147);
#4570=AXIS2_PLACEMENT_3D('',#6279,#5149,#5150);
#4571=AXIS2_PLACEMENT_3D('',#6281,#5152,#5153);
#4572=AXIS2_PLACEMENT_3D('',#6282,#5154,#5155);
#4573=AXIS2_PLACEMENT_3D('',#6285,#5158,#5159);
#4574=AXIS2_PLACEMENT_3D('',#6287,#5161,#5162);
#4575=AXIS2_PLACEMENT_3D('',#6289,#5164,#5165);
#4576=AXIS2_PLACEMENT_3D('',#6290,#5166,#5167);
#4577=AXIS2_PLACEMENT_3D('',#6293,#5170,#5171);
#4578=AXIS2_PLACEMENT_3D('',#6295,#5173,#5174);
#4579=AXIS2_PLACEMENT_3D('',#6297,#5176,#5177);
#4580=AXIS2_PLACEMENT_3D('',#6298,#5178,#5179);
#4581=AXIS2_PLACEMENT_3D('',#6301,#5182,#5183);
#4582=AXIS2_PLACEMENT_3D('',#6303,#5185,#5186);
#4583=AXIS2_PLACEMENT_3D('',#6305,#5188,#5189);
#4584=AXIS2_PLACEMENT_3D('',#6306,#5190,#5191);
#4585=AXIS2_PLACEMENT_3D('',#6309,#5194,#5195);
#4586=AXIS2_PLACEMENT_3D('',#6311,#5197,#5198);
#4587=AXIS2_PLACEMENT_3D('',#6313,#5200,#5201);
#4588=AXIS2_PLACEMENT_3D('',#6314,#5202,#5203);
#4589=AXIS2_PLACEMENT_3D('',#6317,#5206,#5207);
#4590=AXIS2_PLACEMENT_3D('',#6319,#5209,#5210);
#4591=AXIS2_PLACEMENT_3D('',#6321,#5212,#5213);
#4592=AXIS2_PLACEMENT_3D('',#6322,#5214,#5215);
#4593=AXIS2_PLACEMENT_3D('',#6328,#5219,#5220);
#4594=AXIS2_PLACEMENT_3D('',#6332,#5223,#5224);
#4595=AXIS2_PLACEMENT_3D('',#6336,#5227,#5228);
#4596=AXIS2_PLACEMENT_3D('',#6340,#5231,#5232);
#4597=AXIS2_PLACEMENT_3D('',#6344,#5235,#5236);
#4598=AXIS2_PLACEMENT_3D('',#6348,#5239,#5240);
#4599=AXIS2_PLACEMENT_3D('',#6352,#5243,#5244);
#4600=AXIS2_PLACEMENT_3D('',#6356,#5247,#5248);
#4601=AXIS2_PLACEMENT_3D('',#6360,#5251,#5252);
#4602=AXIS2_PLACEMENT_3D('',#6364,#5255,#5256);
#4603=AXIS2_PLACEMENT_3D('',#6368,#5259,#5260);
#4604=AXIS2_PLACEMENT_3D('',#6372,#5263,#5264);
#4605=AXIS2_PLACEMENT_3D('',#6376,#5267,#5268);
#4606=AXIS2_PLACEMENT_3D('',#6378,#5270,#5271);
#4607=AXIS2_PLACEMENT_3D('',#6379,#5272,#5273);
#4608=AXIS2_PLACEMENT_3D('',#6385,#5277,#5278);
#4609=AXIS2_PLACEMENT_3D('',#6389,#5281,#5282);
#4610=AXIS2_PLACEMENT_3D('',#6393,#5285,#5286);
#4611=AXIS2_PLACEMENT_3D('',#6397,#5289,#5290);
#4612=AXIS2_PLACEMENT_3D('',#6401,#5293,#5294);
#4613=AXIS2_PLACEMENT_3D('',#6405,#5297,#5298);
#4614=AXIS2_PLACEMENT_3D('',#6409,#5301,#5302);
#4615=AXIS2_PLACEMENT_3D('',#6411,#5304,#5305);
#4616=AXIS2_PLACEMENT_3D('',#6412,#5306,#5307);
#4617=AXIS2_PLACEMENT_3D('',#6418,#5311,#5312);
#4618=AXIS2_PLACEMENT_3D('',#6487,#5320,#5321);
#4619=AXIS2_PLACEMENT_3D('',#6491,#5324,#5325);
#4620=AXIS2_PLACEMENT_3D('',#6495,#5328,#5329);
#4621=AXIS2_PLACEMENT_3D('',#6564,#5337,#5338);
#4622=AXIS2_PLACEMENT_3D('',#6566,#5340,#5341);
#4623=AXIS2_PLACEMENT_3D('',#6567,#5342,#5343);
#4624=AXIS2_PLACEMENT_3D('',#6573,#5347,#5348);
#4625=AXIS2_PLACEMENT_3D('',#6577,#5351,#5352);
#4626=AXIS2_PLACEMENT_3D('',#6581,#5355,#5356);
#4627=AXIS2_PLACEMENT_3D('',#6585,#5359,#5360);
#4628=AXIS2_PLACEMENT_3D('',#6586,#5361,#5362);
#4629=AXIS2_PLACEMENT_3D('',#6589,#5364,#5365);
#4630=AXIS2_PLACEMENT_3D('',#6593,#5368,#5369);
#4631=AXIS2_PLACEMENT_3D('',#6597,#5372,#5373);
#4632=AXIS2_PLACEMENT_3D('',#6601,#5376,#5377);
#4633=AXIS2_PLACEMENT_3D('',#6605,#5380,#5381);
#4634=AXIS2_PLACEMENT_3D('',#6609,#5384,#5385);
#4635=AXIS2_PLACEMENT_3D('',#6626,#5389,#5390);
#4636=AXIS2_PLACEMENT_3D('',#6630,#5393,#5394);
#4637=AXIS2_PLACEMENT_3D('',#6632,#5396,#5397);
#4638=AXIS2_PLACEMENT_3D('',#6633,#5398,#5399);
#4639=AXIS2_PLACEMENT_3D('',#6639,#5403,#5404);
#4640=AXIS2_PLACEMENT_3D('',#6643,#5407,#5408);
#4641=AXIS2_PLACEMENT_3D('',#6751,#5419,#5420);
#4642=AXIS2_PLACEMENT_3D('',#6755,#5423,#5424);
#4643=AXIS2_PLACEMENT_3D('',#6756,#5425,#5426);
#4644=AXIS2_PLACEMENT_3D('',#6850,#5435,#5436);
#4645=AXIS2_PLACEMENT_3D('',#6854,#5439,#5440);
#4646=AXIS2_PLACEMENT_3D('',#6856,#5442,#5443);
#4647=AXIS2_PLACEMENT_3D('',#6857,#5444,#5445);
#4648=AXIS2_PLACEMENT_3D('',#6858,#5446,#5447);
#4649=AXIS2_PLACEMENT_3D('',#6860,#5448,#5449);
#4650=AXIS2_PLACEMENT_3D('',#6862,#5450,#5451);
#4651=AXIS2_PLACEMENT_3D('',#6864,#5452,#5453);
#4652=AXIS2_PLACEMENT_3D('',#6866,#5454,#5455);
#4653=AXIS2_PLACEMENT_3D('',#6867,#5456,#5457);
#4654=AXIS2_PLACEMENT_3D('',#6869,#5458,#5459);
#4655=AXIS2_PLACEMENT_3D('',#6870,#5460,#5461);
#4656=AXIS2_PLACEMENT_3D('',#6871,#5462,#5463);
#4657=AXIS2_PLACEMENT_3D('',#6872,#5464,#5465);
#4658=AXIS2_PLACEMENT_3D('',#6881,#5470,#5471);
#4659=AXIS2_PLACEMENT_3D('',#6882,#5472,#5473);
#4660=AXIS2_PLACEMENT_3D('',#6883,#5474,#5475);
#4661=AXIS2_PLACEMENT_3D('',#6884,#5476,#5477);
#4662=AXIS2_PLACEMENT_3D('',#6885,#5478,#5479);
#4663=AXIS2_PLACEMENT_3D('',#6886,#5480,#5481);
#4664=AXIS2_PLACEMENT_3D('',#6887,#5482,#5483);
#4665=AXIS2_PLACEMENT_3D('',#6888,#5484,#5485);
#4666=AXIS2_PLACEMENT_3D('',#6889,#5486,#5487);
#4667=AXIS2_PLACEMENT_3D('',#6890,#5488,#5489);
#4668=AXIS2_PLACEMENT_3D('',#6891,#5490,#5491);
#4669=AXIS2_PLACEMENT_3D('',#6892,#5492,#5493);
#4670=AXIS2_PLACEMENT_3D('',#6893,#5494,#5495);
#4671=AXIS2_PLACEMENT_3D('',#6894,#5496,#5497);
#4672=AXIS2_PLACEMENT_3D('',#6895,#5498,#5499);
#4673=AXIS2_PLACEMENT_3D('',#6896,#5500,#5501);
#4674=AXIS2_PLACEMENT_3D('',#6897,#5502,#5503);
#4675=AXIS2_PLACEMENT_3D('',#6914,#5512,#5513);
#4676=AXIS2_PLACEMENT_3D('',#6920,#5517,#5518);
#4677=AXIS2_PLACEMENT_3D('',#6924,#5521,#5522);
#4678=AXIS2_PLACEMENT_3D('',#6928,#5525,#5526);
#4679=AXIS2_PLACEMENT_3D('',#6930,#5528,#5529);
#4680=AXIS2_PLACEMENT_3D('',#6931,#5530,#5531);
#4681=AXIS2_PLACEMENT_3D('',#6933,#5532,#5533);
#4682=AXIS2_PLACEMENT_3D('',#6935,#5534,#5535);
#4683=AXIS2_PLACEMENT_3D('',#6936,#5536,#5537);
#4684=AXIS2_PLACEMENT_3D('',#6937,#5538,#5539);
#4685=AXIS2_PLACEMENT_3D('',#6939,#5540,#5541);
#4686=AXIS2_PLACEMENT_3D('',#6940,#5542,#5543);
#4687=AXIS2_PLACEMENT_3D('',#6942,#5544,#5545);
#4688=AXIS2_PLACEMENT_3D('',#6948,#5549,#5550);
#4689=AXIS2_PLACEMENT_3D('',#6952,#5553,#5554);
#4690=AXIS2_PLACEMENT_3D('',#6956,#5557,#5558);
#4691=AXIS2_PLACEMENT_3D('',#6958,#5560,#5561);
#4692=AXIS2_PLACEMENT_3D('',#6959,#5562,#5563);
#4693=AXIS2_PLACEMENT_3D('',#6960,#5564,#5565);
#4694=AXIS2_PLACEMENT_3D('',#6961,#5566,#5567);
#4695=AXIS2_PLACEMENT_3D('',#6963,#5568,#5569);
#4696=AXIS2_PLACEMENT_3D('',#6964,#5570,#5571);
#4697=AXIS2_PLACEMENT_3D('',#6965,#5572,#5573);
#4698=AXIS2_PLACEMENT_3D('',#6967,#5574,#5575);
#4699=AXIS2_PLACEMENT_3D('',#6968,#5576,#5577);
#4700=AXIS2_PLACEMENT_3D('',#6969,#5578,#5579);
#4701=AXIS2_PLACEMENT_3D('',#6971,#5580,#5581);
#4702=AXIS2_PLACEMENT_3D('',#6972,#5582,#5583);
#4703=DIRECTION('',(0.,0.,1.));
#4704=DIRECTION('',(1.,0.,0.));
#4705=DIRECTION('',(1.,1.73216384503057E-16,0.));
#4706=DIRECTION('',(-1.73216384503057E-16,1.,0.));
#4707=DIRECTION('',(0.,0.,1.));
#4708=DIRECTION('',(-1.73216384503057E-16,1.,0.));
#4709=DIRECTION('',(0.,0.,1.));
#4710=DIRECTION('',(1.73216384503057E-16,-1.,0.));
#4711=DIRECTION('',(0.,0.,1.));
#4712=DIRECTION('',(1.73216384503057E-16,-1.,0.));
#4713=DIRECTION('',(-1.,0.,0.));
#4714=DIRECTION('',(0.,0.,1.));
#4715=DIRECTION('',(0.,0.,1.));
#4716=DIRECTION('',(0.,-1.,0.));
#4717=DIRECTION('',(0.,0.,1.));
#4718=DIRECTION('',(0.,-1.,0.));
#4719=DIRECTION('',(0.,0.,1.));
#4720=DIRECTION('',(0.,-1.,0.));
#4721=DIRECTION('',(0.,0.,1.));
#4722=DIRECTION('',(0.,-1.,0.));
#4723=DIRECTION('',(0.,0.,1.));
#4724=DIRECTION('',(0.,-1.,0.));
#4725=DIRECTION('',(0.,0.,1.));
#4726=DIRECTION('',(0.,-1.,0.));
#4727=DIRECTION('',(0.,0.,1.));
#4728=DIRECTION('',(0.,-1.,0.));
#4729=DIRECTION('',(0.,0.,1.));
#4730=DIRECTION('',(0.,-1.,0.));
#4731=DIRECTION('',(0.,1.,0.));
#4732=DIRECTION('',(0.,0.,1.));
#4733=DIRECTION('',(0.,1.,0.));
#4734=DIRECTION('',(0.,0.,1.));
#4735=DIRECTION('',(0.,-1.0904075261181E-16,1.));
#4736=DIRECTION('',(0.,-1.,0.));
#4737=DIRECTION('',(0.,0.,1.));
#4738=DIRECTION('',(0.,-1.,0.));
#4739=DIRECTION('',(0.,1.,0.));
#4740=DIRECTION('',(0.,0.,1.));
#4741=DIRECTION('',(0.,1.,0.));
#4742=DIRECTION('',(0.,0.,1.));
#4743=DIRECTION('',(0.,1.,0.));
#4744=DIRECTION('',(0.,0.,1.));
#4745=DIRECTION('',(0.,1.,0.));
#4746=DIRECTION('',(0.,0.,1.));
#4747=DIRECTION('',(0.,1.,0.));
#4748=DIRECTION('',(0.,0.,1.));
#4749=DIRECTION('',(0.,1.,0.));
#4750=DIRECTION('',(0.,0.,1.));
#4751=DIRECTION('',(0.,0.,1.));
#4752=DIRECTION('',(0.,-1.,0.));
#4753=DIRECTION('',(0.,0.,1.));
#4754=DIRECTION('',(0.,1.,0.));
#4755=DIRECTION('',(0.,0.,1.));
#4756=DIRECTION('',(0.,1.,0.));
#4757=DIRECTION('',(1.,1.73216384503057E-16,0.));
#4758=DIRECTION('',(-1.73216384503057E-16,1.,0.));
#4759=DIRECTION('',(0.,0.,1.));
#4760=DIRECTION('',(1.73216384503057E-16,-1.,0.));
#4761=DIRECTION('',(0.,0.,1.));
#4762=DIRECTION('',(-1.73216384503057E-16,1.,0.));
#4763=DIRECTION('',(0.,-1.,0.));
#4764=DIRECTION('',(0.,0.,-1.));
#4765=DIRECTION('',(0.,0.,1.));
#4766=DIRECTION('',(-1.,0.,0.));
#4767=DIRECTION('',(0.,0.,1.));
#4768=DIRECTION('',(-1.,0.,0.));
#4769=DIRECTION('',(-1.,0.,0.));
#4770=DIRECTION('',(0.,0.,1.));
#4771=DIRECTION('',(1.,0.,0.));
#4772=DIRECTION('',(1.,1.68219200242355E-16,0.));
#4773=DIRECTION('',(-1.68219200242355E-16,1.,0.));
#4774=DIRECTION('',(1.68219200242355E-16,-1.,0.));
#4775=DIRECTION('',(0.,0.,1.));
#4776=DIRECTION('',(-1.68219200242355E-16,1.,0.));
#4777=DIRECTION('',(0.,0.,1.));
#4778=DIRECTION('',(0.,-1.,0.));
#4779=DIRECTION('',(0.,0.,-1.));
#4780=DIRECTION('',(1.,0.,0.));
#4781=DIRECTION('',(0.,0.,-1.));
#4782=DIRECTION('',(-1.,0.,0.));
#4783=DIRECTION('',(0.,0.,-1.));
#4784=DIRECTION('',(-1.,0.,0.));
#4785=DIRECTION('',(0.,0.,1.));
#4786=DIRECTION('',(0.,-1.,0.));
#4787=DIRECTION('',(0.,0.,-1.));
#4788=DIRECTION('',(0.,0.,1.));
#4789=DIRECTION('',(-1.,0.,0.));
#4790=DIRECTION('',(0.,0.,-1.));
#4791=DIRECTION('',(1.,0.,0.));
#4792=DIRECTION('',(-1.,0.,0.));
#4793=DIRECTION('',(0.,0.,1.));
#4794=DIRECTION('',(0.,1.,0.));
#4795=DIRECTION('',(0.,-1.,0.));
#4796=DIRECTION('',(0.,1.,0.));
#4797=DIRECTION('',(0.,0.,1.));
#4798=DIRECTION('',(1.,0.,0.));
#4799=DIRECTION('',(-1.,0.,0.));
#4800=DIRECTION('',(0.,0.,1.));
#4801=DIRECTION('',(1.,0.,0.));
#4802=DIRECTION('',(0.,0.,-1.));
#4803=DIRECTION('',(0.,-1.,0.));
#4804=DIRECTION('',(0.,1.,0.));
#4805=DIRECTION('',(0.,1.,0.));
#4806=DIRECTION('',(0.,0.,1.));
#4807=DIRECTION('',(1.,0.,0.));
#4808=DIRECTION('',(1.,0.,0.));
#4809=DIRECTION('',(0.,-1.,0.));
#4810=DIRECTION('',(0.,0.,-1.));
#4811=DIRECTION('',(-1.,0.,0.));
#4812=DIRECTION('',(1.,0.,0.));
#4813=DIRECTION('',(0.,0.,1.));
#4814=DIRECTION('',(-1.,0.,0.));
#4815=DIRECTION('',(0.,0.,1.));
#4816=DIRECTION('',(0.,0.,1.));
#4817=DIRECTION('',(0.,1.,0.));
#4818=DIRECTION('',(0.,-1.,0.));
#4819=DIRECTION('',(0.,-1.,0.));
#4820=DIRECTION('',(0.,0.,-1.));
#4821=DIRECTION('',(0.,0.,1.));
#4822=DIRECTION('',(-1.,0.,0.));
#4823=DIRECTION('',(1.,0.,0.));
#4824=DIRECTION('',(1.,0.,0.));
#4825=DIRECTION('',(0.,0.,-1.));
#4826=DIRECTION('',(0.,0.,1.));
#4827=DIRECTION('',(0.,-1.,0.));
#4828=DIRECTION('',(0.,0.,1.));
#4829=DIRECTION('',(0.,1.,0.));
#4830=DIRECTION('',(0.,0.,-1.));
#4831=DIRECTION('',(0.,1.,0.));
#4832=DIRECTION('',(0.,0.,-1.));
#4833=DIRECTION('',(0.,1.,0.));
#4834=DIRECTION('',(0.,0.,-1.));
#4835=DIRECTION('',(0.,1.,0.));
#4836=DIRECTION('',(0.,0.,-1.));
#4837=DIRECTION('',(0.,1.,0.));
#4838=DIRECTION('',(0.,0.,-1.));
#4839=DIRECTION('',(0.,1.,0.));
#4840=DIRECTION('',(0.,0.,-1.));
#4841=DIRECTION('',(0.,1.,0.));
#4842=DIRECTION('',(0.,0.,-1.));
#4843=DIRECTION('',(0.,1.,0.));
#4844=DIRECTION('',(0.,0.,-1.));
#4845=DIRECTION('',(0.,1.,0.));
#4846=DIRECTION('',(0.,-1.,0.));
#4847=DIRECTION('',(0.,0.,-1.));
#4848=DIRECTION('',(0.,-1.,0.));
#4849=DIRECTION('',(0.,0.,-1.));
#4850=DIRECTION('',(0.,0.,-1.));
#4851=DIRECTION('',(0.,1.,0.));
#4852=DIRECTION('',(0.,1.0904075261181E-16,-1.));
#4853=DIRECTION('',(0.,1.,0.));
#4854=DIRECTION('',(0.,-1.,0.));
#4855=DIRECTION('',(0.,0.,-1.));
#4856=DIRECTION('',(0.,-1.,0.));
#4857=DIRECTION('',(0.,0.,-1.));
#4858=DIRECTION('',(0.,-1.,0.));
#4859=DIRECTION('',(0.,0.,-1.));
#4860=DIRECTION('',(0.,-1.,0.));
#4861=DIRECTION('',(0.,0.,-1.));
#4862=DIRECTION('',(0.,-1.,0.));
#4863=DIRECTION('',(0.,0.,-1.));
#4864=DIRECTION('',(0.,-1.,0.));
#4865=DIRECTION('',(0.,0.,-1.));
#4866=DIRECTION('',(-1.,0.,0.));
#4867=DIRECTION('',(0.,0.,1.));
#4868=DIRECTION('',(0.,1.,0.));
#4869=DIRECTION('',(0.,-1.,0.));
#4870=DIRECTION('',(0.,-1.,0.));
#4871=DIRECTION('',(0.,0.,-1.));
#4872=DIRECTION('',(0.,0.,1.));
#4873=DIRECTION('',(-1.,0.,0.));
#4874=DIRECTION('',(1.,0.,0.));
#4875=DIRECTION('',(1.,0.,0.));
#4876=DIRECTION('',(0.,0.,-1.));
#4877=DIRECTION('',(0.,0.,1.));
#4878=DIRECTION('',(0.,-1.,0.));
#4879=DIRECTION('',(0.,1.,0.));
#4880=DIRECTION('',(0.,0.,1.));
#4881=DIRECTION('',(1.,0.,0.));
#4882=DIRECTION('',(0.,0.,1.));
#4883=DIRECTION('',(0.,0.,1.));
#4884=DIRECTION('',(1.,0.,0.));
#4885=DIRECTION('',(0.,0.,1.));
#4886=DIRECTION('',(1.,-2.7755575615629E-15,0.));
#4887=DIRECTION('',(0.,-1.,0.));
#4888=DIRECTION('',(0.,0.,-1.));
#4889=DIRECTION('',(1.,0.,0.));
#4890=DIRECTION('',(-0.211917110098565,0.,0.977287643658443));
#4891=DIRECTION('',(-1.,0.,0.));
#4892=DIRECTION('',(0.211571285188714,0.,-0.977362569000673));
#4893=DIRECTION('',(0.397878437417179,0.,-0.917438144529899));
#4894=DIRECTION('',(0.,-1.,0.));
#4895=DIRECTION('',(0.,0.,-1.));
#4896=DIRECTION('',(-0.21126006226298,0.,0.977429888070056));
#4897=DIRECTION('',(-1.,0.,0.));
#4898=DIRECTION('',(0.206852167773565,0.,-0.978372209686772));
#4899=DIRECTION('',(1.,0.,0.));
#4900=DIRECTION('',(0.352143023750614,0.,0.935946200817));
#4901=DIRECTION('',(1.,0.,0.));
#4902=DIRECTION('',(0.,-1.,0.));
#4903=DIRECTION('',(0.,0.,-1.));
#4904=DIRECTION('',(0.208732655381234,0.,-0.977972739179114));
#4905=DIRECTION('',(1.,0.,0.));
#4906=DIRECTION('',(-0.206647183750397,0.,0.978415525964316));
#4907=DIRECTION('',(-1.,0.,0.));
#4908=DIRECTION('',(-0.352011028672564,0.,-0.935995852390855));
#4909=DIRECTION('',(-1.,0.,0.));
#4910=DIRECTION('',(-0.208873502494172,0.,0.977942667008561));
#4911=DIRECTION('',(-0.21022335450876,0.,0.977653385008759));
#4912=DIRECTION('',(-1.,0.,0.));
#4913=DIRECTION('',(0.207692120485338,0.,-0.978194246092413));
#4914=DIRECTION('',(-0.210210331379261,0.,0.977656185262192));
#4915=DIRECTION('',(-1.,0.,0.));
#4916=DIRECTION('',(0.209265315690757,0.,-0.977858899662343));
#4917=DIRECTION('',(1.,0.,0.));
#4918=DIRECTION('',(0.208175676309452,0.,-0.978091451651175));
#4919=DIRECTION('',(1.,0.,0.));
#4920=DIRECTION('',(-0.206804739183296,0.,0.978382236066932));
#4921=DIRECTION('',(1.,0.,0.));
#4922=DIRECTION('',(-0.213203000052792,0.,0.977007922572017));
#4923=DIRECTION('',(-1.,0.,0.));
#4924=DIRECTION('',(0.195316901016816,0.,-0.980740183829126));
#4925=DIRECTION('',(-0.301131750082709,0.,0.953582544456496));
#4926=DIRECTION('',(-0.612172617607415,0.,0.790724153072161));
#4927=DIRECTION('',(-1.,0.,0.));
#4928=DIRECTION('',(-0.894426719025106,0.,-0.447214539448333));
#4929=DIRECTION('',(-0.478852768020048,0.,-0.877895225274371));
#4930=DIRECTION('',(0.,0.,-1.));
#4931=DIRECTION('',(0.48307758550759,0.,-0.875577550180541));
#4932=DIRECTION('',(0.876216163465308,0.,-0.481918286519756));
#4933=DIRECTION('',(1.,0.,0.));
#4934=DIRECTION('',(0.981248995473736,0.,0.192744413360763));
#4935=DIRECTION('',(0.653619223803986,0.,0.756823566145951));
#4936=DIRECTION('',(0.,0.,1.));
#4937=DIRECTION('',(0.,0.,1.));
#4938=DIRECTION('',(-1.,0.,0.));
#4939=DIRECTION('',(1.,0.,0.));
#4940=DIRECTION('',(1.,0.,0.));
#4941=DIRECTION('',(0.,0.,-1.));
#4942=DIRECTION('',(0.,0.,1.));
#4943=DIRECTION('',(0.,-1.,0.));
#4944=DIRECTION('',(0.,1.,0.));
#4945=DIRECTION('',(0.,1.,0.));
#4946=DIRECTION('',(0.,0.,1.));
#4947=DIRECTION('',(1.,0.,0.));
#4948=DIRECTION('',(-1.,0.,0.));
#4949=DIRECTION('',(0.,0.,1.));
#4950=DIRECTION('',(0.,0.,1.));
#4951=DIRECTION('',(1.,0.,0.));
#4952=DIRECTION('',(0.,0.,1.));
#4953=DIRECTION('',(1.,0.,0.));
#4954=DIRECTION('',(0.,0.,1.));
#4955=DIRECTION('',(0.,1.,0.));
#4956=DIRECTION('',(0.,0.,1.));
#4957=DIRECTION('',(1.,0.,0.));
#4958=DIRECTION('',(0.,0.,1.));
#4959=DIRECTION('',(0.,0.,1.));
#4960=DIRECTION('',(1.,0.,0.));
#4961=DIRECTION('',(0.,0.,1.));
#4962=DIRECTION('',(-1.,0.,0.));
#4963=DIRECTION('',(0.,-1.,0.));
#4964=DIRECTION('',(0.,0.,-1.));
#4965=DIRECTION('',(0.,0.,1.));
#4966=DIRECTION('',(-1.,0.,0.));
#4967=DIRECTION('',(1.,0.,0.));
#4968=DIRECTION('',(0.518301711432502,0.,0.855197834378771));
#4969=DIRECTION('',(0.989949529729122,0.,-0.141421103761392));
#4970=DIRECTION('',(0.447214460896021,0.,-0.894426758301361));
#4971=DIRECTION('',(0.29568464343637,0.,-0.955285607363529));
#4972=DIRECTION('',(-0.665615390232929,0.,-0.74629494992601));
#4973=DIRECTION('',(-0.817202137662135,0.,0.576351165697128));
#4974=DIRECTION('',(-0.739603039539161,0.,-0.673043344744181));
#4975=DIRECTION('',(-0.666502702157919,0.,-0.74550261435906));
#4976=DIRECTION('',(-1.,0.,0.));
#4977=DIRECTION('',(-0.817202137662135,0.,0.576351165697127));
#4978=DIRECTION('',(0.,0.,1.));
#4979=DIRECTION('',(0.829336075271768,0.,0.558750100002515));
#4980=DIRECTION('',(0.687422091151636,0.,0.726258128076176));
#4981=DIRECTION('',(-0.403887482968976,0.,0.91480866912212));
#4982=DIRECTION('',(-1.,0.,0.));
#4983=DIRECTION('',(0.,0.,1.));
#4984=DIRECTION('',(-1.,0.,0.));
#4985=DIRECTION('',(0.,0.,1.));
#4986=DIRECTION('',(0.,0.,1.));
#4987=DIRECTION('',(1.,0.,0.));
#4988=DIRECTION('',(0.,0.,1.));
#4989=DIRECTION('',(1.,0.,0.));
#4990=DIRECTION('',(0.,0.,1.));
#4991=DIRECTION('',(-2.7755575615629E-15,-1.,0.));
#4992=DIRECTION('',(0.,-1.,0.));
#4993=DIRECTION('',(0.,0.,-1.));
#4994=DIRECTION('',(1.,0.,0.));
#4995=DIRECTION('',(0.,0.,1.));
#4996=DIRECTION('',(-1.,0.,0.));
#4997=DIRECTION('',(-1.,0.,0.));
#4998=DIRECTION('',(-0.612172617607415,0.,0.790724153072161));
#4999=DIRECTION('',(-0.301131750082709,0.,0.953582544456496));
#5000=DIRECTION('',(0.,0.,1.));
#5001=DIRECTION('',(0.653619223803986,0.,0.756823566145951));
#5002=DIRECTION('',(0.981248995473736,0.,0.192744413360763));
#5003=DIRECTION('',(1.,0.,0.));
#5004=DIRECTION('',(0.876216163465308,0.,-0.481918286519756));
#5005=DIRECTION('',(0.48307758550759,0.,-0.875577550180541));
#5006=DIRECTION('',(0.,0.,-1.));
#5007=DIRECTION('',(-0.478852768020048,0.,-0.877895225274371));
#5008=DIRECTION('',(-0.894426719025106,0.,-0.447214539448333));
#5009=DIRECTION('',(-1.,0.,0.));
#5010=DIRECTION('',(0.,0.,1.));
#5011=DIRECTION('',(1.,0.,0.));
#5012=DIRECTION('',(0.,0.,1.));
#5013=DIRECTION('',(1.,0.,0.));
#5014=DIRECTION('',(1.,0.,0.));
#5015=DIRECTION('',(0.,0.,1.));
#5016=DIRECTION('',(1.,0.,0.));
#5017=DIRECTION('',(-1.68108499128912E-16,1.,0.));
#5018=DIRECTION('',(0.,0.,1.));
#5019=DIRECTION('',(1.,0.,0.));
#5020=DIRECTION('',(-1.,0.,0.));
#5021=DIRECTION('',(0.,0.,1.));
#5022=DIRECTION('',(1.,0.,0.));
#5023=DIRECTION('',(1.68108499128912E-16,-1.,0.));
#5024=DIRECTION('',(-1.,0.,0.));
#5025=DIRECTION('',(0.,0.,1.));
#5026=DIRECTION('',(0.,1.,0.));
#5027=DIRECTION('',(0.,-1.,0.));
#5028=DIRECTION('',(0.,0.,-1.));
#5029=DIRECTION('',(0.,0.,-1.));
#5030=DIRECTION('',(-1.,0.,0.));
#5031=DIRECTION('',(0.,0.,1.));
#5032=DIRECTION('',(1.,0.,0.));
#5033=DIRECTION('',(0.,0.,1.));
#5034=DIRECTION('',(1.,0.,0.));
#5035=DIRECTION('',(0.,1.,0.));
#5036=DIRECTION('',(0.,0.,1.));
#5037=DIRECTION('',(-1.,0.,0.));
#5038=DIRECTION('',(1.,0.,0.));
#5039=DIRECTION('',(0.,0.,1.));
#5040=DIRECTION('',(1.,0.,0.));
#5041=DIRECTION('',(0.,0.,-1.));
#5042=DIRECTION('',(-1.,0.,0.));
#5043=DIRECTION('',(0.,0.,1.));
#5044=DIRECTION('',(1.,0.,0.));
#5045=DIRECTION('',(0.,0.,1.));
#5046=DIRECTION('',(1.,0.,0.));
#5047=DIRECTION('',(1.,4.58188913413338E-16,0.));
#5048=DIRECTION('',(-4.58188913413338E-16,1.,0.));
#5049=DIRECTION('',(-4.58188913413338E-16,1.,0.));
#5050=DIRECTION('',(0.,0.,-1.));
#5051=DIRECTION('',(4.58188913413338E-16,-1.,0.));
#5052=DIRECTION('',(0.,-1.,0.));
#5053=DIRECTION('',(0.,0.,-1.));
#5054=DIRECTION('',(1.,0.,0.));
#5055=DIRECTION('',(-1.,0.,0.));
#5056=DIRECTION('',(0.,0.,1.));
#5057=DIRECTION('',(1.,0.,0.));
#5058=DIRECTION('',(0.,0.,1.));
#5059=DIRECTION('',(1.,0.,0.));
#5060=DIRECTION('',(0.,1.,0.));
#5061=DIRECTION('',(0.,1.,0.));
#5062=DIRECTION('',(1.,0.,0.));
#5063=DIRECTION('',(0.,0.,-1.));
#5064=DIRECTION('',(0.,1.,0.));
#5065=DIRECTION('',(0.,0.,1.));
#5066=DIRECTION('',(1.,0.,0.));
#5067=DIRECTION('',(0.,1.,0.));
#5068=DIRECTION('',(1.,0.,0.));
#5069=DIRECTION('',(0.,0.,-1.));
#5070=DIRECTION('',(0.790724153072161,0.,0.612172617607415));
#5071=DIRECTION('',(0.612172617607415,0.,-0.790724153072161));
#5072=DIRECTION('',(0.,-1.,0.));
#5073=DIRECTION('',(0.,-1.,0.));
#5074=DIRECTION('',(0.,0.,1.));
#5075=DIRECTION('',(1.,0.,0.));
#5076=DIRECTION('',(0.,-1.,0.));
#5077=DIRECTION('',(-0.447214539448333,0.,0.894426719025106));
#5078=DIRECTION('',(0.894426719025106,0.,0.447214539448333));
#5079=DIRECTION('',(0.,-1.,0.));
#5080=DIRECTION('',(-0.877895225274371,0.,0.478852768020048));
#5081=DIRECTION('',(0.478852768020048,0.,0.877895225274371));
#5082=DIRECTION('',(0.,-1.,0.));
#5083=DIRECTION('',(-1.,0.,0.));
#5084=DIRECTION('',(0.,0.,1.));
#5085=DIRECTION('',(0.,-1.,0.));
#5086=DIRECTION('',(-0.87557755018054,0.,-0.48307758550759));
#5087=DIRECTION('',(-0.48307758550759,0.,0.875577550180541));
#5088=DIRECTION('',(0.,-1.,0.));
#5089=DIRECTION('',(-0.481918286519756,0.,-0.876216163465308));
#5090=DIRECTION('',(-0.876216163465308,0.,0.481918286519756));
#5091=DIRECTION('',(0.,-1.,0.));
#5092=DIRECTION('',(0.,0.,-1.));
#5093=DIRECTION('',(-1.,0.,0.));
#5094=DIRECTION('',(0.,-1.,0.));
#5095=DIRECTION('',(0.192744413360763,0.,-0.981248995473736));
#5096=DIRECTION('',(-0.981248995473736,0.,-0.192744413360763));
#5097=DIRECTION('',(0.,-1.,0.));
#5098=DIRECTION('',(0.756823566145951,0.,-0.653619223803986));
#5099=DIRECTION('',(-0.653619223803986,0.,-0.756823566145951));
#5100=DIRECTION('',(0.,-1.,0.));
#5101=DIRECTION('',(1.,0.,0.));
#5102=DIRECTION('',(0.,0.,-1.));
#5103=DIRECTION('',(0.,-1.,0.));
#5104=DIRECTION('',(0.953582544456496,0.,0.301131750082709));
#5105=DIRECTION('',(0.301131750082709,0.,-0.953582544456496));
#5106=DIRECTION('',(0.,0.,-1.));
#5107=DIRECTION('',(-1.,0.,0.));
#5108=DIRECTION('',(1.,0.,0.));
#5109=DIRECTION('',(1.,0.,0.));
#5110=DIRECTION('',(0.,-1.,0.));
#5111=DIRECTION('',(0.,0.,-1.));
#5112=DIRECTION('',(1.,0.,0.));
#5113=DIRECTION('',(0.,0.,-1.));
#5114=DIRECTION('',(-1.,0.,0.));
#5115=DIRECTION('',(1.,0.,0.));
#5116=DIRECTION('',(0.,-1.,0.));
#5117=DIRECTION('',(0.,0.,-1.));
#5118=DIRECTION('',(0.,0.,-1.));
#5119=DIRECTION('',(-1.,0.,0.));
#5120=DIRECTION('',(1.,0.,0.));
#5121=DIRECTION('',(1.,0.,0.));
#5122=DIRECTION('',(0.,-1.,0.));
#5123=DIRECTION('',(0.,0.,-1.));
#5124=DIRECTION('',(1.,0.,0.));
#5125=DIRECTION('',(0.,0.,-1.));
#5126=DIRECTION('',(-1.,0.,0.));
#5127=DIRECTION('',(1.,0.,0.));
#5128=DIRECTION('',(0.,-1.,0.));
#5129=DIRECTION('',(0.,0.,-1.));
#5130=DIRECTION('',(0.,0.,-1.));
#5131=DIRECTION('',(-1.,0.,0.));
#5132=DIRECTION('',(1.,0.,0.));
#5133=DIRECTION('',(1.,0.,0.));
#5134=DIRECTION('',(0.,-1.,0.));
#5135=DIRECTION('',(0.,0.,-1.));
#5136=DIRECTION('',(1.,0.,0.));
#5137=DIRECTION('',(0.,0.,-1.));
#5138=DIRECTION('',(-1.,0.,0.));
#5139=DIRECTION('',(1.,0.,0.));
#5140=DIRECTION('',(0.,-1.,0.));
#5141=DIRECTION('',(0.,0.,-1.));
#5142=DIRECTION('',(0.,0.,-1.));
#5143=DIRECTION('',(-1.,0.,0.));
#5144=DIRECTION('',(1.,0.,0.));
#5145=DIRECTION('',(1.,0.,0.));
#5146=DIRECTION('',(0.,-1.,0.));
#5147=DIRECTION('',(0.,0.,-1.));
#5148=DIRECTION('',(1.,0.,0.));
#5149=DIRECTION('',(0.,0.,-1.));
#5150=DIRECTION('',(-1.,0.,0.));
#5151=DIRECTION('',(1.,0.,0.));
#5152=DIRECTION('',(0.,-1.,0.));
#5153=DIRECTION('',(0.,0.,-1.));
#5154=DIRECTION('',(0.,-1.,0.));
#5155=DIRECTION('',(0.,0.,-1.));
#5156=DIRECTION('',(1.,0.,0.));
#5157=DIRECTION('',(1.,0.,0.));
#5158=DIRECTION('',(0.,0.,1.));
#5159=DIRECTION('',(1.,0.,0.));
#5160=DIRECTION('',(1.,0.,0.));
#5161=DIRECTION('',(0.,-1.,0.));
#5162=DIRECTION('',(0.,0.,-1.));
#5163=DIRECTION('',(1.,0.,0.));
#5164=DIRECTION('',(0.,0.,1.));
#5165=DIRECTION('',(1.,0.,0.));
#5166=DIRECTION('',(0.,0.,-1.));
#5167=DIRECTION('',(-1.,0.,0.));
#5168=DIRECTION('',(1.,0.,0.));
#5169=DIRECTION('',(1.,0.,0.));
#5170=DIRECTION('',(0.,-1.,0.));
#5171=DIRECTION('',(0.,0.,-1.));
#5172=DIRECTION('',(1.,0.,0.));
#5173=DIRECTION('',(0.,0.,-1.));
#5174=DIRECTION('',(-1.,0.,0.));
#5175=DIRECTION('',(1.,0.,0.));
#5176=DIRECTION('',(0.,-1.,-1.0904075261181E-16));
#5177=DIRECTION('',(0.,1.0904075261181E-16,-1.));
#5178=DIRECTION('',(0.,-1.,0.));
#5179=DIRECTION('',(0.,0.,-1.));
#5180=DIRECTION('',(1.,0.,0.));
#5181=DIRECTION('',(1.,0.,0.));
#5182=DIRECTION('',(0.,0.,1.));
#5183=DIRECTION('',(1.,0.,0.));
#5184=DIRECTION('',(1.,0.,0.));
#5185=DIRECTION('',(0.,-1.,0.));
#5186=DIRECTION('',(0.,0.,-1.));
#5187=DIRECTION('',(1.,0.,0.));
#5188=DIRECTION('',(0.,0.,1.));
#5189=DIRECTION('',(1.,0.,0.));
#5190=DIRECTION('',(0.,-1.,0.));
#5191=DIRECTION('',(0.,0.,-1.));
#5192=DIRECTION('',(1.,0.,0.));
#5193=DIRECTION('',(1.,0.,0.));
#5194=DIRECTION('',(0.,0.,1.));
#5195=DIRECTION('',(1.,0.,0.));
#5196=DIRECTION('',(1.,0.,0.));
#5197=DIRECTION('',(0.,-1.,0.));
#5198=DIRECTION('',(0.,0.,-1.));
#5199=DIRECTION('',(1.,0.,0.));
#5200=DIRECTION('',(0.,0.,1.));
#5201=DIRECTION('',(1.,0.,0.));
#5202=DIRECTION('',(0.,-1.,0.));
#5203=DIRECTION('',(0.,0.,-1.));
#5204=DIRECTION('',(1.,0.,0.));
#5205=DIRECTION('',(1.,0.,0.));
#5206=DIRECTION('',(0.,0.,1.));
#5207=DIRECTION('',(1.,0.,0.));
#5208=DIRECTION('',(1.,0.,0.));
#5209=DIRECTION('',(0.,-1.,0.));
#5210=DIRECTION('',(0.,0.,-1.));
#5211=DIRECTION('',(1.,0.,0.));
#5212=DIRECTION('',(0.,0.,1.));
#5213=DIRECTION('',(1.,0.,0.));
#5214=DIRECTION('',(0.855197834378771,0.,-0.518301711432502));
#5215=DIRECTION('',(-0.518301711432502,0.,-0.855197834378771));
#5216=DIRECTION('',(0.,1.,0.));
#5217=DIRECTION('',(0.,1.,0.));
#5218=DIRECTION('',(-0.518301711432503,0.,-0.855197834378771));
#5219=DIRECTION('',(0.91480866912212,0.,0.403887482968976));
#5220=DIRECTION('',(0.403887482968976,0.,-0.91480866912212));
#5221=DIRECTION('',(0.,1.,0.));
#5222=DIRECTION('',(0.403887482968976,0.,-0.91480866912212));
#5223=DIRECTION('',(0.726258128076176,0.,-0.687422091151636));
#5224=DIRECTION('',(-0.687422091151636,0.,-0.726258128076176));
#5225=DIRECTION('',(0.,1.,0.));
#5226=DIRECTION('',(-0.687422091151636,0.,-0.726258128076176));
#5227=DIRECTION('',(0.558750100002515,0.,-0.829336075271768));
#5228=DIRECTION('',(-0.829336075271768,0.,-0.558750100002515));
#5229=DIRECTION('',(0.,1.,0.));
#5230=DIRECTION('',(-0.829336075271768,0.,-0.558750100002515));
#5231=DIRECTION('',(1.,0.,0.));
#5232=DIRECTION('',(0.,0.,-1.));
#5233=DIRECTION('',(0.,1.,0.));
#5234=DIRECTION('',(0.,0.,-1.));
#5235=DIRECTION('',(0.576351165697127,0.,0.817202137662135));
#5236=DIRECTION('',(0.817202137662135,0.,-0.576351165697127));
#5237=DIRECTION('',(0.,1.,0.));
#5238=DIRECTION('',(0.817202137662135,0.,-0.576351165697127));
#5239=DIRECTION('',(0.,0.,1.));
#5240=DIRECTION('',(1.,0.,0.));
#5241=DIRECTION('',(0.,1.,0.));
#5242=DIRECTION('',(1.,0.,0.));
#5243=DIRECTION('',(-0.74550261435906,0.,0.666502702157919));
#5244=DIRECTION('',(0.666502702157919,0.,0.74550261435906));
#5245=DIRECTION('',(0.,1.,0.));
#5246=DIRECTION('',(0.666502702157919,0.,0.74550261435906));
#5247=DIRECTION('',(-0.673043344744181,0.,0.739603039539161));
#5248=DIRECTION('',(0.739603039539161,0.,0.673043344744181));
#5249=DIRECTION('',(0.,1.,0.));
#5250=DIRECTION('',(0.739603039539161,0.,0.673043344744181));
#5251=DIRECTION('',(0.576351165697128,0.,0.817202137662135));
#5252=DIRECTION('',(0.817202137662135,0.,-0.576351165697128));
#5253=DIRECTION('',(0.,1.,0.));
#5254=DIRECTION('',(0.817202137662134,0.,-0.576351165697128));
#5255=DIRECTION('',(-0.74629494992601,0.,0.665615390232929));
#5256=DIRECTION('',(0.665615390232929,0.,0.74629494992601));
#5257=DIRECTION('',(0.,1.,0.));
#5258=DIRECTION('',(0.665615390232929,0.,0.74629494992601));
#5259=DIRECTION('',(-0.955285607363529,0.,-0.29568464343637));
#5260=DIRECTION('',(-0.29568464343637,0.,0.955285607363529));
#5261=DIRECTION('',(0.,1.,0.));
#5262=DIRECTION('',(-0.29568464343637,0.,0.955285607363529));
#5263=DIRECTION('',(-0.894426758301361,0.,-0.447214460896021));
#5264=DIRECTION('',(-0.447214460896021,0.,0.894426758301361));
#5265=DIRECTION('',(0.,1.,0.));
#5266=DIRECTION('',(-0.447214460896021,0.,0.894426758301361));
#5267=DIRECTION('',(-0.141421103761392,0.,-0.989949529729122));
#5268=DIRECTION('',(-0.989949529729122,0.,0.141421103761392));
#5269=DIRECTION('',(-0.989949529729122,0.,0.141421103761392));
#5270=DIRECTION('',(0.,-1.,0.));
#5271=DIRECTION('',(1.,0.,0.));
#5272=DIRECTION('',(-0.978091451651175,0.,-0.208175676309452));
#5273=DIRECTION('',(-0.208175676309452,0.,0.978091451651175));
#5274=DIRECTION('',(0.,-1.,0.));
#5275=DIRECTION('',(0.208175676309452,0.,-0.978091451651175));
#5276=DIRECTION('',(0.,-1.,0.));
#5277=DIRECTION('',(0.,0.,-1.));
#5278=DIRECTION('',(-1.,0.,0.));
#5279=DIRECTION('',(1.,0.,0.));
#5280=DIRECTION('',(0.,-1.,0.));
#5281=DIRECTION('',(0.978382236066932,0.,0.206804739183296));
#5282=DIRECTION('',(0.206804739183296,0.,-0.978382236066932));
#5283=DIRECTION('',(-0.206804739183296,0.,0.978382236066932));
#5284=DIRECTION('',(0.,-1.,0.));
#5285=DIRECTION('',(0.,0.,-1.));
#5286=DIRECTION('',(-1.,0.,0.));
#5287=DIRECTION('',(1.,0.,0.));
#5288=DIRECTION('',(0.,-1.,0.));
#5289=DIRECTION('',(0.977007922572017,0.,0.213203000052792));
#5290=DIRECTION('',(0.213203000052792,0.,-0.977007922572017));
#5291=DIRECTION('',(-0.213203000052792,0.,0.977007922572017));
#5292=DIRECTION('',(0.,-1.,0.));
#5293=DIRECTION('',(0.,0.,1.));
#5294=DIRECTION('',(1.,0.,0.));
#5295=DIRECTION('',(-1.,0.,0.));
#5296=DIRECTION('',(0.,-1.,0.));
#5297=DIRECTION('',(-0.980740183829126,0.,-0.195316901016816));
#5298=DIRECTION('',(-0.195316901016816,0.,0.980740183829126));
#5299=DIRECTION('',(0.195316901016816,0.,-0.980740183829126));
#5300=DIRECTION('',(0.,-1.,0.));
#5301=DIRECTION('',(0.,0.,-1.));
#5302=DIRECTION('',(-1.,0.,0.));
#5303=DIRECTION('',(1.,0.,0.));
#5304=DIRECTION('',(0.,-1.,0.));
#5305=DIRECTION('',(1.,0.,0.));
#5306=DIRECTION('',(0.,0.,1.));
#5307=DIRECTION('',(1.,0.,0.));
#5308=DIRECTION('',(0.,-1.,0.));
#5309=DIRECTION('',(-1.,0.,0.));
#5310=DIRECTION('',(0.,-1.,0.));
#5311=DIRECTION('',(-0.978194246092413,0.,-0.207692120485338));
#5312=DIRECTION('',(-0.207692120485338,0.,0.978194246092413));
#5313=DIRECTION('',(0.207692120485338,0.,-0.978194246092413));
#5314=DIRECTION('',(0.,-1.,0.));
#5315=DIRECTION('',(0.,-1.,0.));
#5316=DIRECTION('',(0.,-1.,0.));
#5317=DIRECTION('',(0.,-1.,0.));
#5318=DIRECTION('',(0.,-1.,0.));
#5319=DIRECTION('',(0.,-1.,0.));
#5320=DIRECTION('',(0.977656185262192,0.,0.210210331379261));
#5321=DIRECTION('',(0.210210331379261,0.,-0.977656185262192));
#5322=DIRECTION('',(-0.210210331379261,0.,0.977656185262192));
#5323=DIRECTION('',(0.,-1.,0.));
#5324=DIRECTION('',(0.,0.,1.));
#5325=DIRECTION('',(1.,0.,0.));
#5326=DIRECTION('',(-1.,0.,0.));
#5327=DIRECTION('',(0.,-1.,0.));
#5328=DIRECTION('',(-0.977858899662343,0.,-0.209265315690757));
#5329=DIRECTION('',(-0.209265315690757,0.,0.977858899662343));
#5330=DIRECTION('',(0.209265315690757,0.,-0.977858899662343));
#5331=DIRECTION('',(0.,-1.,0.));
#5332=DIRECTION('',(0.,-1.,0.));
#5333=DIRECTION('',(0.,-1.,0.));
#5334=DIRECTION('',(0.,-1.,0.));
#5335=DIRECTION('',(0.,-1.,0.));
#5336=DIRECTION('',(0.,-1.,0.));
#5337=DIRECTION('',(0.977653385008759,0.,0.21022335450876));
#5338=DIRECTION('',(0.21022335450876,0.,-0.977653385008759));
#5339=DIRECTION('',(-0.21022335450876,0.,0.977653385008759));
#5340=DIRECTION('',(0.,-1.,0.));
#5341=DIRECTION('',(1.,0.,0.));
#5342=DIRECTION('',(-0.978372209686772,0.,-0.206852167773565));
#5343=DIRECTION('',(-0.206852167773565,0.,0.978372209686772));
#5344=DIRECTION('',(0.,-1.,0.));
#5345=DIRECTION('',(0.206852167773565,0.,-0.978372209686772));
#5346=DIRECTION('',(0.,-1.,0.));
#5347=DIRECTION('',(0.,0.,-1.));
#5348=DIRECTION('',(-1.,0.,0.));
#5349=DIRECTION('',(1.,0.,0.));
#5350=DIRECTION('',(0.,-1.,0.));
#5351=DIRECTION('',(0.935946200816999,0.,-0.352143023750614));
#5352=DIRECTION('',(-0.352143023750614,0.,-0.935946200817));
#5353=DIRECTION('',(0.352143023750614,0.,0.935946200816999));
#5354=DIRECTION('',(0.,-1.,0.));
#5355=DIRECTION('',(0.,0.,-1.));
#5356=DIRECTION('',(-1.,0.,0.));
#5357=DIRECTION('',(1.,0.,0.));
#5358=DIRECTION('',(0.,-1.,0.));
#5359=DIRECTION('',(0.,-1.,0.));
#5360=DIRECTION('',(-0.984483635036826,0.,-0.175476415351686));
#5361=DIRECTION('',(0.,-1.,0.));
#5362=DIRECTION('',(0.,0.,-1.));
#5363=DIRECTION('',(0.,-1.,0.));
#5364=DIRECTION('',(-0.977972739179114,0.,-0.208732655381234));
#5365=DIRECTION('',(-0.208732655381234,0.,0.977972739179114));
#5366=DIRECTION('',(0.208732655381234,0.,-0.977972739179114));
#5367=DIRECTION('',(0.,-1.,0.));
#5368=DIRECTION('',(0.,0.,-1.));
#5369=DIRECTION('',(-1.,0.,0.));
#5370=DIRECTION('',(1.,0.,0.));
#5371=DIRECTION('',(0.,-1.,0.));
#5372=DIRECTION('',(0.978415525964316,0.,0.206647183750397));
#5373=DIRECTION('',(0.206647183750397,0.,-0.978415525964316));
#5374=DIRECTION('',(-0.206647183750397,0.,0.978415525964316));
#5375=DIRECTION('',(0.,-1.,0.));
#5376=DIRECTION('',(0.,0.,1.));
#5377=DIRECTION('',(1.,0.,0.));
#5378=DIRECTION('',(-1.,0.,0.));
#5379=DIRECTION('',(0.,-1.,0.));
#5380=DIRECTION('',(-0.935995852390855,0.,0.352011028672564));
#5381=DIRECTION('',(0.352011028672564,0.,0.935995852390855));
#5382=DIRECTION('',(-0.352011028672564,0.,-0.935995852390855));
#5383=DIRECTION('',(0.,-1.,0.));
#5384=DIRECTION('',(0.,0.,1.));
#5385=DIRECTION('',(1.,0.,0.));
#5386=DIRECTION('',(-1.,0.,0.));
#5387=DIRECTION('',(0.,-1.,0.));
#5388=DIRECTION('',(0.,-1.,0.));
#5389=DIRECTION('',(0.977942667008561,0.,0.208873502494172));
#5390=DIRECTION('',(0.208873502494172,0.,-0.977942667008561));
#5391=DIRECTION('',(-0.208873502494172,0.,0.977942667008561));
#5392=DIRECTION('',(0.,-1.,0.));
#5393=DIRECTION('',(0.,0.,1.));
#5394=DIRECTION('',(1.,0.,0.));
#5395=DIRECTION('',(-1.,0.,0.));
#5396=DIRECTION('',(0.,-1.,0.));
#5397=DIRECTION('',(1.,0.,0.));
#5398=DIRECTION('',(0.977287643658443,0.,0.211917110098565));
#5399=DIRECTION('',(0.211917110098565,0.,-0.977287643658443));
#5400=DIRECTION('',(0.,-1.,0.));
#5401=DIRECTION('',(-0.211917110098565,0.,0.977287643658443));
#5402=DIRECTION('',(0.,-1.,0.));
#5403=DIRECTION('',(0.,0.,1.));
#5404=DIRECTION('',(1.,0.,0.));
#5405=DIRECTION('',(-1.,0.,0.));
#5406=DIRECTION('',(0.,-1.,0.));
#5407=DIRECTION('',(-0.977362569000673,0.,-0.211571285188714));
#5408=DIRECTION('',(-0.211571285188714,0.,0.977362569000673));
#5409=DIRECTION('',(0.211571285188714,0.,-0.977362569000673));
#5410=DIRECTION('',(0.,-1.,0.));
#5411=DIRECTION('',(0.,-1.,0.));
#5412=DIRECTION('',(0.,-1.,0.));
#5413=DIRECTION('',(0.,-1.,0.));
#5414=DIRECTION('',(0.,-1.,0.));
#5415=DIRECTION('',(0.,-1.,0.));
#5416=DIRECTION('',(0.,-1.,0.));
#5417=DIRECTION('',(0.,-1.,0.));
#5418=DIRECTION('',(0.,-1.,0.));
#5419=DIRECTION('',(-0.917438144529899,0.,-0.397878437417179));
#5420=DIRECTION('',(-0.397878437417179,0.,0.917438144529899));
#5421=DIRECTION('',(0.397878437417179,0.,-0.917438144529899));
#5422=DIRECTION('',(0.,-1.,0.));
#5423=DIRECTION('',(0.,-1.,0.));
#5424=DIRECTION('',(-0.335958841567143,0.,0.941876667495731));
#5425=DIRECTION('',(0.,-1.,0.));
#5426=DIRECTION('',(0.,0.,-1.));
#5427=DIRECTION('',(0.,-1.,0.));
#5428=DIRECTION('',(0.,-1.,0.));
#5429=DIRECTION('',(0.,-1.,0.));
#5430=DIRECTION('',(0.,-1.,0.));
#5431=DIRECTION('',(0.,-1.,0.));
#5432=DIRECTION('',(0.,-1.,0.));
#5433=DIRECTION('',(0.,-1.,0.));
#5434=DIRECTION('',(0.,-1.,0.));
#5435=DIRECTION('',(0.977429888070056,0.,0.21126006226298));
#5436=DIRECTION('',(0.21126006226298,0.,-0.977429888070056));
#5437=DIRECTION('',(-0.21126006226298,0.,0.977429888070056));
#5438=DIRECTION('',(0.,-1.,0.));
#5439=DIRECTION('',(0.,0.,-1.));
#5440=DIRECTION('',(-1.,0.,0.));
#5441=DIRECTION('',(1.,0.,0.));
#5442=DIRECTION('',(0.,-1.,0.));
#5443=DIRECTION('',(1.,0.,0.));
#5444=DIRECTION('',(0.,0.,1.));
#5445=DIRECTION('',(1.,0.,0.));
#5446=DIRECTION('',(0.,0.,1.));
#5447=DIRECTION('',(1.,0.,0.));
#5448=DIRECTION('',(0.,0.,1.));
#5449=DIRECTION('',(1.,0.,0.));
#5450=DIRECTION('',(0.,0.,1.));
#5451=DIRECTION('',(1.,0.,0.));
#5452=DIRECTION('',(0.,0.,1.));
#5453=DIRECTION('',(1.,0.,0.));
#5454=DIRECTION('',(0.,0.,1.));
#5455=DIRECTION('',(1.,0.,0.));
#5456=DIRECTION('',(0.,0.,1.));
#5457=DIRECTION('',(1.,0.,0.));
#5458=DIRECTION('',(0.,0.,-1.));
#5459=DIRECTION('',(-1.,0.,0.));
#5460=DIRECTION('',(0.,0.,1.));
#5461=DIRECTION('',(1.,0.,0.));
#5462=DIRECTION('',(0.,0.,1.));
#5463=DIRECTION('',(1.,0.,0.));
#5464=DIRECTION('',(0.,0.,1.));
#5465=DIRECTION('',(1.,0.,0.));
#5466=DIRECTION('',(-1.68108499128912E-16,1.,0.));
#5467=DIRECTION('',(1.,0.,0.));
#5468=DIRECTION('',(-1.68108499128912E-16,1.,0.));
#5469=DIRECTION('',(1.,0.,0.));
#5470=DIRECTION('',(-1.,0.,0.));
#5471=DIRECTION('',(0.,0.,1.));
#5472=DIRECTION('',(1.,0.,0.));
#5473=DIRECTION('',(0.,0.,-1.));
#5474=DIRECTION('',(-1.,-2.7755575615629E-15,0.));
#5475=DIRECTION('',(2.7755575615629E-15,-1.,0.));
#5476=DIRECTION('',(0.,0.,1.));
#5477=DIRECTION('',(1.,0.,0.));
#5478=DIRECTION('',(0.,-1.,0.));
#5479=DIRECTION('',(0.,0.,-1.));
#5480=DIRECTION('',(0.,0.,1.));
#5481=DIRECTION('',(1.,0.,0.));
#5482=DIRECTION('',(0.,-1.,0.));
#5483=DIRECTION('',(0.,0.,-1.));
#5484=DIRECTION('',(1.68108499128912E-16,-1.,0.));
#5485=DIRECTION('',(1.,1.68108499128912E-16,0.));
#5486=DIRECTION('',(0.,-1.,0.));
#5487=DIRECTION('',(0.,0.,-1.));
#5488=DIRECTION('',(-1.68108499128912E-16,1.,0.));
#5489=DIRECTION('',(-1.,-1.68108499128912E-16,0.));
#5490=DIRECTION('',(-2.7755575615629E-15,-1.,0.));
#5491=DIRECTION('',(1.,-2.7755575615629E-15,0.));
#5492=DIRECTION('',(0.,0.,1.));
#5493=DIRECTION('',(1.,0.,0.));
#5494=DIRECTION('',(1.,0.,0.));
#5495=DIRECTION('',(0.,0.,-1.));
#5496=DIRECTION('',(0.,0.,1.));
#5497=DIRECTION('',(1.,0.,0.));
#5498=DIRECTION('',(-1.,0.,0.));
#5499=DIRECTION('',(0.,0.,1.));
#5500=DIRECTION('',(1.,0.,0.));
#5501=DIRECTION('',(0.,0.,-1.));
#5502=DIRECTION('',(0.,0.,1.));
#5503=DIRECTION('',(1.,0.,0.));
#5504=DIRECTION('',(-1.,0.,0.));
#5505=DIRECTION('',(0.,1.,0.));
#5506=DIRECTION('',(-1.,0.,0.));
#5507=DIRECTION('',(0.,1.,0.));
#5508=DIRECTION('',(1.,0.,0.));
#5509=DIRECTION('',(0.,-1.,0.));
#5510=DIRECTION('',(1.,0.,0.));
#5511=DIRECTION('',(0.,-1.,0.));
#5512=DIRECTION('',(-1.,0.,0.));
#5513=DIRECTION('',(0.,0.,1.));
#5514=DIRECTION('',(0.,1.,0.));
#5515=DIRECTION('',(0.,0.,-1.));
#5516=DIRECTION('',(0.,0.,-1.));
#5517=DIRECTION('',(0.,-1.,0.));
#5518=DIRECTION('',(0.,0.,-1.));
#5519=DIRECTION('',(-1.,0.,0.));
#5520=DIRECTION('',(0.,0.,-1.));
#5521=DIRECTION('',(0.,-1.,0.));
#5522=DIRECTION('',(0.,0.,-1.));
#5523=DIRECTION('',(-1.,0.,0.));
#5524=DIRECTION('',(0.,0.,-1.));
#5525=DIRECTION('',(-1.,0.,0.));
#5526=DIRECTION('',(0.,0.,1.));
#5527=DIRECTION('',(0.,1.,0.));
#5528=DIRECTION('',(0.,0.,-1.));
#5529=DIRECTION('',(-1.,0.,0.));
#5530=DIRECTION('',(0.,0.,1.));
#5531=DIRECTION('',(1.,0.,0.));
#5532=DIRECTION('',(0.,0.,1.));
#5533=DIRECTION('',(1.,0.,0.));
#5534=DIRECTION('',(0.,0.,1.));
#5535=DIRECTION('',(1.,0.,0.));
#5536=DIRECTION('',(0.,0.,1.));
#5537=DIRECTION('',(1.,0.,0.));
#5538=DIRECTION('',(0.,0.,1.));
#5539=DIRECTION('',(1.,0.,0.));
#5540=DIRECTION('',(0.,0.,-1.));
#5541=DIRECTION('',(-1.,0.,0.));
#5542=DIRECTION('',(0.,0.,1.));
#5543=DIRECTION('',(1.,0.,0.));
#5544=DIRECTION('',(1.,0.,0.));
#5545=DIRECTION('',(0.,0.,-1.));
#5546=DIRECTION('',(0.,0.,-1.));
#5547=DIRECTION('',(0.,-1.,0.));
#5548=DIRECTION('',(0.,0.,-1.));
#5549=DIRECTION('',(0.,1.,0.));
#5550=DIRECTION('',(0.,0.,1.));
#5551=DIRECTION('',(0.,0.,-1.));
#5552=DIRECTION('',(1.,0.,0.));
#5553=DIRECTION('',(0.,1.,0.));
#5554=DIRECTION('',(0.,0.,1.));
#5555=DIRECTION('',(1.,0.,0.));
#5556=DIRECTION('',(0.,0.,-1.));
#5557=DIRECTION('',(1.,0.,0.));
#5558=DIRECTION('',(0.,0.,-1.));
#5559=DIRECTION('',(0.,-1.,0.));
#5560=DIRECTION('',(0.,0.,1.));
#5561=DIRECTION('',(1.,0.,0.));
#5562=DIRECTION('',(0.,0.,1.));
#5563=DIRECTION('',(1.,0.,0.));
#5564=DIRECTION('',(0.,0.,1.));
#5565=DIRECTION('',(1.,0.,0.));
#5566=DIRECTION('',(0.,0.,1.));
#5567=DIRECTION('',(1.,0.,0.));
#5568=DIRECTION('',(0.,0.,-1.));
#5569=DIRECTION('',(-1.,0.,0.));
#5570=DIRECTION('',(0.,0.,1.));
#5571=DIRECTION('',(1.,0.,0.));
#5572=DIRECTION('',(0.,0.,1.));
#5573=DIRECTION('',(1.,0.,0.));
#5574=DIRECTION('',(0.,0.,-1.));
#5575=DIRECTION('',(-1.,0.,0.));
#5576=DIRECTION('',(0.,0.,1.));
#5577=DIRECTION('',(1.,0.,0.));
#5578=DIRECTION('',(0.,0.,1.));
#5579=DIRECTION('',(1.,0.,0.));
#5580=DIRECTION('',(0.,0.,-1.));
#5581=DIRECTION('',(-1.,0.,0.));
#5582=DIRECTION('',(0.,0.,1.));
#5583=DIRECTION('',(1.,0.,0.));
#5584=CARTESIAN_POINT('',(0.,0.,0.));
#5585=CARTESIAN_POINT('',(-0.0515331514179707,-0.00882378220558167,-0.003));
#5586=CARTESIAN_POINT('',(-0.0515331514179707,-0.026677742600441,-0.003));
#5587=CARTESIAN_POINT('',(-0.0515331514179707,-0.026677742600441,-0.003));
#5588=CARTESIAN_POINT('',(-0.0515331514179707,-0.026677742600441,0.0249952379768836));
#5589=CARTESIAN_POINT('',(-0.0515331514179707,-0.00882378220558167,-0.003));
#5590=CARTESIAN_POINT('',(-0.0515331514179707,0.0312353260815144,-0.003));
#5591=CARTESIAN_POINT('',(-0.0515331514179707,0.0312353260815144,-0.003));
#5592=CARTESIAN_POINT('',(-0.0515331514179707,0.0312353260815144,0.0329));
#5593=CARTESIAN_POINT('',(-0.0515331514179707,-0.00882378220558167,0.0329));
#5594=CARTESIAN_POINT('',(-0.0515331514179706,-0.0384564138948916,0.0329));
#5595=CARTESIAN_POINT('',(-0.0515331514179706,-0.0384564138948916,-0.003));
#5596=CARTESIAN_POINT('',(-0.0515331514179706,-0.0384564138948916,0.0249952379768836));
#5597=CARTESIAN_POINT('',(-0.0515331514179707,-0.00882378220558167,0.0249952379768836));
#5598=CARTESIAN_POINT('',(0.0442334376275539,-0.00882378220558167,-0.003));
#5599=CARTESIAN_POINT('',(0.0442334376275539,-0.0018756213830784,-0.003));
#5600=CARTESIAN_POINT('',(0.0442334376275539,-0.0018756213830784,0.00593394134193659));
#5601=CARTESIAN_POINT('',(0.0442334376275539,-0.0018756213830784,0.0271130595356226));
#5602=CARTESIAN_POINT('',(0.0442334376275539,-0.00882378220558167,0.0271130595356226));
#5603=CARTESIAN_POINT('',(0.0442334376275539,-0.00413080537691712,0.0271130595356226));
#5604=CARTESIAN_POINT('',(0.0442334376275539,-0.00413080537691712,-0.003));
#5605=CARTESIAN_POINT('',(0.0442334376275539,-0.00413080537691712,0.00593394134193659));
#5606=CARTESIAN_POINT('',(0.0442334376275539,-0.00882378220558167,0.00593394134193659));
#5607=CARTESIAN_POINT('',(0.0442334376275539,0.00263474602252245,-0.003));
#5608=CARTESIAN_POINT('',(0.0442334376275539,0.00263474602252245,0.0115228751674294));
#5609=CARTESIAN_POINT('',(0.0442334376275539,0.00263474602252245,0.0228968448936939));
#5610=CARTESIAN_POINT('',(0.0442334376275539,-0.00882378220558167,0.0228968448936939));
#5611=CARTESIAN_POINT('',(0.0442334376275539,0.0008698197780177,0.0228968448936939));
#5612=CARTESIAN_POINT('',(0.0442334376275539,0.0008698197780177,-0.003));
#5613=CARTESIAN_POINT('',(0.0442334376275539,0.0008698197780177,0.0115228751674294));
#5614=CARTESIAN_POINT('',(0.0442334376275539,-0.00882378220558167,0.0115228751674294));
#5615=CARTESIAN_POINT('',(0.0442334376275539,0.00645875418558717,-0.003));
#5616=CARTESIAN_POINT('',(0.0442334376275539,0.00645875418558717,0.00662030139937997));
#5617=CARTESIAN_POINT('',(0.0442334376275539,0.00645875418558717,0.0260344929993153));
#5618=CARTESIAN_POINT('',(0.0442334376275539,-0.00882378220558167,0.0260344929993153));
#5619=CARTESIAN_POINT('',(0.0442334376275539,0.00469382712617517,0.0260344929993153));
#5620=CARTESIAN_POINT('',(0.0442334376275539,0.00469382712617517,-0.003));
#5621=CARTESIAN_POINT('',(0.0442334376275539,0.00469382712617517,0.00662030139937997));
#5622=CARTESIAN_POINT('',(0.0442334376275539,-0.00882378220558167,0.00662030139937997));
#5623=CARTESIAN_POINT('',(0.0442334376275539,0.00920419488102198,-0.003));
#5624=CARTESIAN_POINT('',(0.0442334376275539,0.00920419488102198,0.0122092356905341));
#5625=CARTESIAN_POINT('',(0.0442334376275539,0.00920419488102198,0.0195630956441164));
#5626=CARTESIAN_POINT('',(0.0442334376275539,-0.00882378220558167,0.0195630956441164));
#5627=CARTESIAN_POINT('',(0.0442334376275539,0.00783147476613522,0.0195630956441164));
#5628=CARTESIAN_POINT('',(0.0442334376275539,0.00783147476613522,-0.003));
#5629=CARTESIAN_POINT('',(0.0442334376275539,0.00783147476613522,0.0122092356905341));
#5630=CARTESIAN_POINT('',(0.0442334376275539,-0.00882378220558167,0.0122092356905341));
#5631=CARTESIAN_POINT('',(0.0442334376275539,-0.00882378220558167,0.00877743400633335));
#5632=CARTESIAN_POINT('',(0.0442334376275539,0.0106749664992094,0.00877743400633335));
#5633=CARTESIAN_POINT('',(0.0442334376275539,0.0123418420553207,0.00877743400633335));
#5634=CARTESIAN_POINT('',(0.0442334376275539,0.0123418420553207,-0.003));
#5635=CARTESIAN_POINT('',(0.0442334376275539,0.0123418420553207,0.0234851539134979));
#5636=CARTESIAN_POINT('',(0.0442334376275539,-0.00882378220558167,0.0234851539134979));
#5637=CARTESIAN_POINT('',(0.0442334376275539,0.0106749664992094,0.0234851539134979));
#5638=CARTESIAN_POINT('',(0.0442334376275539,0.0106749664992094,-0.003));
#5639=CARTESIAN_POINT('',(0.0442334376275539,-0.00673428224399686,-0.003));
#5640=CARTESIAN_POINT('',(0.0442334376275539,-0.00673428224399686,0.00798261258751154));
#5641=CARTESIAN_POINT('',(0.0442334376275539,-0.00673428224399686,0.0238915588706732));
#5642=CARTESIAN_POINT('',(0.0442334376275539,-0.00882378220558167,0.0238915588706732));
#5643=CARTESIAN_POINT('',(0.0442334376275539,-0.00879620248451829,0.0238915588706732));
#5644=CARTESIAN_POINT('',(0.0442334376275539,-0.00879620248451829,-0.003));
#5645=CARTESIAN_POINT('',(0.0442334376275539,-0.00879620248451829,0.00798261258751154));
#5646=CARTESIAN_POINT('',(0.0442334376275539,-0.00882378220558167,0.00798261258751154));
#5647=CARTESIAN_POINT('',(0.0442334376275539,-0.00882378220558167,0.00960635486990213));
#5648=CARTESIAN_POINT('',(0.0442334376275539,-0.0124624967575073,0.00960635486990213));
#5649=CARTESIAN_POINT('',(0.0442334376275539,-0.010605844669044,0.00960635486990213));
#5650=CARTESIAN_POINT('',(0.0442334376275539,-0.010605844669044,-0.003));
#5651=CARTESIAN_POINT('',(0.0442334376275539,-0.010605844669044,0.0212104301899671));
#5652=CARTESIAN_POINT('',(0.0442334376275539,-0.00882378220558167,0.0212104301899671));
#5653=CARTESIAN_POINT('',(0.0442334376275539,-0.0124624967575073,0.0212104301899671));
#5654=CARTESIAN_POINT('',(0.0442334376275539,-0.0124624967575073,-0.003));
#5655=CARTESIAN_POINT('',(0.0442334376275539,-0.00882378220558167,0.0119271697476506));
#5656=CARTESIAN_POINT('',(0.0442334376275539,-0.0156342778354883,0.0119271697476506));
#5657=CARTESIAN_POINT('',(0.0442334376275539,-0.0141644272953272,0.0119271697476506));
#5658=CARTESIAN_POINT('',(0.0442334376275539,-0.0141644272953272,-0.003));
#5659=CARTESIAN_POINT('',(0.0442334376275539,-0.0141644272953272,0.0184254534542561));
#5660=CARTESIAN_POINT('',(0.0442334376275539,-0.00882378220558167,0.0184254534542561));
#5661=CARTESIAN_POINT('',(0.0442334376275539,-0.0156342778354883,0.0184254534542561));
#5662=CARTESIAN_POINT('',(0.0442334376275539,-0.0156342778354883,-0.003));
#5663=CARTESIAN_POINT('',(0.0442334376275539,-0.00882378220558167,0.00635721301659942));
#5664=CARTESIAN_POINT('',(0.0442334376275539,-0.0188060589134693,0.00635721301659942));
#5665=CARTESIAN_POINT('',(0.0442334376275539,-0.0165626034140587,0.00635721301659942));
#5666=CARTESIAN_POINT('',(0.0442334376275539,-0.0165626034140587,-0.003));
#5667=CARTESIAN_POINT('',(0.0442334376275539,-0.0165626034140587,0.0224481988698244));
#5668=CARTESIAN_POINT('',(0.0442334376275539,-0.00882378220558167,0.0224481988698244));
#5669=CARTESIAN_POINT('',(0.0442334376275539,-0.0188060589134693,0.0224481988698244));
#5670=CARTESIAN_POINT('',(0.0442334376275539,-0.0188060589134693,-0.003));
#5671=CARTESIAN_POINT('',(0.0442334376275539,0.0162368305027485,-0.003));
#5672=CARTESIAN_POINT('',(0.0442334376275539,0.0162368305027485,-0.003));
#5673=CARTESIAN_POINT('',(0.0442334376275539,0.0162368305027485,0.0249952379768836));
#5674=CARTESIAN_POINT('',(0.0442334376275539,-0.00882378220558167,-0.003));
#5675=CARTESIAN_POINT('',(0.0442334376275539,-0.038740936666727,-0.003));
#5676=CARTESIAN_POINT('',(0.0442334376275539,-0.038740936666727,-0.003));
#5677=CARTESIAN_POINT('',(0.0442334376275539,-0.038740936666727,0.0329));
#5678=CARTESIAN_POINT('',(0.0442334376275539,-0.00882378220558167,0.0329));
#5679=CARTESIAN_POINT('',(0.0442334376275539,0.0312353260815144,0.0329));
#5680=CARTESIAN_POINT('',(0.0442334376275539,0.0312353260815144,-0.003));
#5681=CARTESIAN_POINT('',(0.0442334376275539,0.0312353260815144,0.0249952379768836));
#5682=CARTESIAN_POINT('',(0.0442334376275539,-0.00882378220558167,0.0249952379768836));
#5683=CARTESIAN_POINT('',(-0.0515331514179707,-0.00882378220558167,-0.003));
#5684=CARTESIAN_POINT('',(-0.0515331514179706,-0.0487693920731545,-0.003));
#5685=CARTESIAN_POINT('',(-0.0515331514179706,-0.0487693920731545,-0.003));
#5686=CARTESIAN_POINT('',(-0.0515331514179706,-0.0487693920731545,0.0329));
#5687=CARTESIAN_POINT('',(-0.0515331514179707,-0.00882378220558167,0.0329));
#5688=CARTESIAN_POINT('',(-0.0515331514179706,-0.0488828904926777,0.0329));
#5689=CARTESIAN_POINT('',(-0.0515331514179706,-0.0488828904926777,-0.003));
#5690=CARTESIAN_POINT('',(-0.0515331514179706,-0.0488828904926777,-0.003));
#5691=CARTESIAN_POINT('',(-0.0515331514179707,-0.00882378220558167,-0.003));
#5692=CARTESIAN_POINT('',(-0.00364985689520838,-0.0488828904926777,-0.003));
#5693=CARTESIAN_POINT('',(0.0295305047184229,-0.0488828904926777,-0.003));
#5694=CARTESIAN_POINT('',(0.0295305047184229,-0.0488828904926777,0.00344715337269008));
#5695=CARTESIAN_POINT('',(0.0295305047184229,-0.0488828904926777,0.0222203191369772));
#5696=CARTESIAN_POINT('',(-0.00364985689520838,-0.0488828904926777,0.0222203191369772));
#5697=CARTESIAN_POINT('',(-0.0340184085071087,-0.0488828904926777,0.0222203191369772));
#5698=CARTESIAN_POINT('',(-0.0340184085071087,-0.0488828904926777,-0.003));
#5699=CARTESIAN_POINT('',(-0.0340184085071087,-0.0488828904926777,0.00344715337269008));
#5700=CARTESIAN_POINT('',(-0.00364985689520838,-0.0488828904926777,0.00344715337269008));
#5701=CARTESIAN_POINT('',(-0.00364985689520838,-0.0488828904926777,0.0329));
#5702=CARTESIAN_POINT('',(0.0442334376275539,-0.0488828904926777,0.0329));
#5703=CARTESIAN_POINT('',(0.0442334376275539,-0.0488828904926777,-0.003));
#5704=CARTESIAN_POINT('',(0.0442334376275539,-0.0488828904926777,-0.003));
#5705=CARTESIAN_POINT('',(-0.00364985689520838,-0.0488828904926777,-0.003));
#5706=CARTESIAN_POINT('',(-0.0577163957059382,-0.00969485379755496,-0.003));
#5707=CARTESIAN_POINT('',(-0.0577163957059382,-0.00969485379755496,0.0329));
#5708=CARTESIAN_POINT('',(-0.0577163957059382,0.0315542657673359,0.0329));
#5709=CARTESIAN_POINT('',(-0.0577163957059381,-0.0509439733624458,0.0329));
#5710=CARTESIAN_POINT('',(-0.0577163957059382,0.0315542657673359,-0.003));
#5711=CARTESIAN_POINT('',(-0.0577163957059382,0.0315542657673359,-0.003));
#5712=CARTESIAN_POINT('',(-0.0577163957059382,-0.00969485379755496,-0.003));
#5713=CARTESIAN_POINT('',(-0.0577163957059381,-0.0509439733624458,-0.003));
#5714=CARTESIAN_POINT('',(-0.0577163957059381,-0.0509439733624458,-0.003));
#5715=CARTESIAN_POINT('',(-0.00602669571526354,-0.0384557396173477,-0.003));
#5716=CARTESIAN_POINT('',(-0.00602669571526354,-0.0384557396173477,-0.003));
#5717=CARTESIAN_POINT('',(-0.0402217246592045,-0.0384557396173477,-0.003));
#5718=CARTESIAN_POINT('',(0.0292645264416933,-0.0384557396173477,-0.003));
#5719=CARTESIAN_POINT('',(-0.0402217246592045,-0.0384557396173477,-0.003));
#5720=CARTESIAN_POINT('',(-0.0402217246592045,-0.0384557396173477,0.0249952379768836));
#5721=CARTESIAN_POINT('',(-0.00602669571526354,-0.0384557396173477,0.0249952379768836));
#5722=CARTESIAN_POINT('',(-0.0413190071703865,-0.0384562453255057,0.0249952379768836));
#5723=CARTESIAN_POINT('',(-0.0413179178722203,-0.0384557396173477,0.033));
#5724=CARTESIAN_POINT('',(-0.0413186440709978,-0.0384560767561197,0.0329));
#5725=CARTESIAN_POINT('',(-0.00602669571526354,-0.0384557396173477,0.0329));
#5726=CARTESIAN_POINT('',(0.0292645264416933,-0.0384557396173477,0.0329));
#5727=CARTESIAN_POINT('',(0.0292645264416933,-0.0384557396173477,-0.003));
#5728=CARTESIAN_POINT('',(-0.00602669571526354,-0.0448277071118355,-0.003));
#5729=CARTESIAN_POINT('',(0.0292645264416933,-0.0448277071118355,-0.003));
#5730=CARTESIAN_POINT('',(0.0292645264416933,-0.0448277071118355,-0.003));
#5731=CARTESIAN_POINT('',(0.0292645264416933,-0.0448277071118355,0.0329));
#5732=CARTESIAN_POINT('',(-0.00602669571526354,-0.0448277071118355,0.0329));
#5733=CARTESIAN_POINT('',(-0.0413193702697752,-0.0448277071118355,0.0329));
#5734=CARTESIAN_POINT('',(-0.0413193702697752,-0.0448277071118355,-0.003));
#5735=CARTESIAN_POINT('',(-0.0413190071703865,-0.0448277071118355,-0.003));
#5736=CARTESIAN_POINT('',(-0.00602669571526354,-0.0448277071118355,-0.003));
#5737=CARTESIAN_POINT('',(0.0292645264416933,-0.0416417233645916,-0.003));
#5738=CARTESIAN_POINT('',(0.0292645264416933,-0.0416417233645916,0.0329));
#5739=CARTESIAN_POINT('',(0.0292645264416933,-0.0416417233645916,-0.003));
#5740=CARTESIAN_POINT('',(-0.0465256590396164,-0.0487693920731545,-0.003));
#5741=CARTESIAN_POINT('',(-0.0465256590396164,-0.0487693920731545,0.0329));
#5742=CARTESIAN_POINT('',(-0.0413193702697752,-0.0487693920731545,0.0329));
#5743=CARTESIAN_POINT('',(-0.0465256590396164,-0.0487693920731545,-0.003));
#5744=CARTESIAN_POINT('',(-0.0413193702697752,-0.0487693920731545,-0.003));
#5745=CARTESIAN_POINT('',(-0.0413193702697752,-0.0487693920731545,-0.003));
#5746=CARTESIAN_POINT('',(-0.0413193702697752,-0.0436129029840231,-0.003));
#5747=CARTESIAN_POINT('',(-0.0413193702697752,-0.0436129029840231,0.0329));
#5748=CARTESIAN_POINT('',(-0.0413193702697752,-0.0436129029840231,-0.003));
#5749=CARTESIAN_POINT('',(-0.0465256590396164,-0.0384564138948916,-0.003));
#5750=CARTESIAN_POINT('',(-0.0465256590396164,-0.0384564138948916,0.0329));
#5751=CARTESIAN_POINT('',(-0.0465256590396164,-0.0384564138948916,0.0249952379768836));
#5752=CARTESIAN_POINT('',(0.0383558832108974,-0.038740936666727,-0.003));
#5753=CARTESIAN_POINT('',(0.0383558832108974,-0.038740936666727,0.0329));
#5754=CARTESIAN_POINT('',(0.0324436910450458,-0.038740936666727,0.0329));
#5755=CARTESIAN_POINT('',(0.0383558832108974,-0.038740936666727,-0.003));
#5756=CARTESIAN_POINT('',(0.0324436910450458,-0.038740936666727,-0.003));
#5757=CARTESIAN_POINT('',(0.0324436910450458,-0.038740936666727,-0.003));
#5758=CARTESIAN_POINT('',(0.0324436910450458,-0.0437135361135006,-0.003));
#5759=CARTESIAN_POINT('',(0.0324436910450458,-0.0486861355602741,-0.003));
#5760=CARTESIAN_POINT('',(0.0324436910450458,-0.0486861355602741,-0.003));
#5761=CARTESIAN_POINT('',(0.0324436910450458,-0.0486861355602741,0.0329));
#5762=CARTESIAN_POINT('',(0.0324436910450458,-0.0437135361135006,0.0329));
#5763=CARTESIAN_POINT('',(0.0324436910450458,-0.0437135361135006,-0.003));
#5764=CARTESIAN_POINT('',(0.0383558832108974,-0.0486861355602741,-0.003));
#5765=CARTESIAN_POINT('',(0.0442334376275539,-0.0486861355602741,-0.003));
#5766=CARTESIAN_POINT('',(0.0442334376275539,-0.0486861355602741,-0.003));
#5767=CARTESIAN_POINT('',(0.0442334376275539,-0.0486861355602741,0.0329));
#5768=CARTESIAN_POINT('',(0.0383558832108974,-0.0486861355602741,0.0329));
#5769=CARTESIAN_POINT('',(0.0383558832108974,-0.0486861355602741,-0.003));
#5770=CARTESIAN_POINT('',(0.0495972707867622,-0.0499134319275618,-0.003));
#5771=CARTESIAN_POINT('',(0.0495972707867622,0.0312353260815144,-0.003));
#5772=CARTESIAN_POINT('',(0.0495972707867622,0.0312353260815144,-0.003));
#5773=CARTESIAN_POINT('',(0.0495972707867622,0.0312353260815144,0.0329));
#5774=CARTESIAN_POINT('',(0.0495972707867622,-0.0499134319275618,0.0329));
#5775=CARTESIAN_POINT('',(0.0495972707867622,-0.0509439733624458,0.0329));
#5776=CARTESIAN_POINT('',(0.0495972707867622,-0.0509439733624458,-0.003));
#5777=CARTESIAN_POINT('',(0.0495972707867622,-0.0509439733624458,-0.003));
#5778=CARTESIAN_POINT('',(0.0495972707867622,-0.0499134319275618,-0.003));
#5779=CARTESIAN_POINT('',(0.0495972707867622,-0.00413080537691712,-0.003));
#5780=CARTESIAN_POINT('',(0.0495972707867622,-0.00413080537691712,0.0271130595356226));
#5781=CARTESIAN_POINT('',(0.0495972707867622,-0.00413080537691712,0.00593394134193659));
#5782=CARTESIAN_POINT('',(0.0495972707867622,-0.0499134319275618,0.0271130595356226));
#5783=CARTESIAN_POINT('',(0.0495972707867622,-0.0018756213830784,0.0271130595356226));
#5784=CARTESIAN_POINT('',(0.0495972707867622,-0.0018756213830784,-0.003));
#5785=CARTESIAN_POINT('',(0.0495972707867622,-0.0018756213830784,0.00593394134193659));
#5786=CARTESIAN_POINT('',(0.0495972707867622,-0.0499134319275618,0.00593394134193659));
#5787=CARTESIAN_POINT('',(0.0495972707867622,0.0008698197780177,-0.003));
#5788=CARTESIAN_POINT('',(0.0495972707867622,0.0008698197780177,0.0228968448936939));
#5789=CARTESIAN_POINT('',(0.0495972707867622,0.0008698197780177,0.0115228751674294));
#5790=CARTESIAN_POINT('',(0.0495972707867622,-0.0499134319275618,0.0228968448936939));
#5791=CARTESIAN_POINT('',(0.0495972707867622,0.00263474602252245,0.0228968448936939));
#5792=CARTESIAN_POINT('',(0.0495972707867622,0.00263474602252245,-0.003));
#5793=CARTESIAN_POINT('',(0.0495972707867622,0.00263474602252245,0.0115228751674294));
#5794=CARTESIAN_POINT('',(0.0495972707867622,-0.0499134319275618,0.0115228751674294));
#5795=CARTESIAN_POINT('',(0.0495972707867622,0.00469382712617517,-0.003));
#5796=CARTESIAN_POINT('',(0.0495972707867622,0.00469382712617517,0.0260344929993153));
#5797=CARTESIAN_POINT('',(0.0495972707867622,0.00469382712617517,0.00662030139937997));
#5798=CARTESIAN_POINT('',(0.0495972707867622,-0.0499134319275618,0.0260344929993153));
#5799=CARTESIAN_POINT('',(0.0495972707867622,0.00645875418558717,0.0260344929993153));
#5800=CARTESIAN_POINT('',(0.0495972707867622,0.00645875418558717,-0.003));
#5801=CARTESIAN_POINT('',(0.0495972707867622,0.00645875418558717,0.00662030139937997));
#5802=CARTESIAN_POINT('',(0.0495972707867622,-0.0499134319275618,0.00662030139937997));
#5803=CARTESIAN_POINT('',(0.0495972707867622,0.00783147476613522,-0.003));
#5804=CARTESIAN_POINT('',(0.0495972707867622,0.00783147476613522,0.0195630956441164));
#5805=CARTESIAN_POINT('',(0.0495972707867622,0.00783147476613522,0.0122092356905341));
#5806=CARTESIAN_POINT('',(0.0495972707867622,-0.0499134319275618,0.0195630956441164));
#5807=CARTESIAN_POINT('',(0.0495972707867622,0.00920419488102198,0.0195630956441164));
#5808=CARTESIAN_POINT('',(0.0495972707867622,0.00920419488102198,-0.003));
#5809=CARTESIAN_POINT('',(0.0495972707867622,0.00920419488102198,0.0122092356905341));
#5810=CARTESIAN_POINT('',(0.0495972707867622,-0.0499134319275618,0.0122092356905341));
#5811=CARTESIAN_POINT('',(0.0495972707867622,-0.0499134319275618,0.0234851539134979));
#5812=CARTESIAN_POINT('',(0.0495972707867622,0.0123418420553207,0.0234851539134979));
#5813=CARTESIAN_POINT('',(0.0495972707867622,0.0106749664992094,0.0234851539134979));
#5814=CARTESIAN_POINT('',(0.0495972707867622,0.0123418420553207,-0.003));
#5815=CARTESIAN_POINT('',(0.0495972707867622,0.0123418420553207,0.00877743400633335));
#5816=CARTESIAN_POINT('',(0.0495972707867622,-0.0499134319275618,0.00877743400633335));
#5817=CARTESIAN_POINT('',(0.0495972707867622,0.0106749664992094,0.00877743400633335));
#5818=CARTESIAN_POINT('',(0.0495972707867622,0.0106749664992094,-0.003));
#5819=CARTESIAN_POINT('',(0.0495972707867622,-0.00879620248451829,-0.003));
#5820=CARTESIAN_POINT('',(0.0495972707867622,-0.00879620248451829,0.0238915588706732));
#5821=CARTESIAN_POINT('',(0.0495972707867622,-0.00879620248451829,0.00798261258751154));
#5822=CARTESIAN_POINT('',(0.0495972707867622,-0.0499134319275618,0.0238915588706732));
#5823=CARTESIAN_POINT('',(0.0495972707867622,-0.00673428224399686,0.0238915588706732));
#5824=CARTESIAN_POINT('',(0.0495972707867622,-0.00673428224399686,-0.003));
#5825=CARTESIAN_POINT('',(0.0495972707867622,-0.00673428224399686,0.00798261258751154));
#5826=CARTESIAN_POINT('',(0.0495972707867622,-0.0499134319275618,0.00798261258751154));
#5827=CARTESIAN_POINT('',(0.0495972707867622,-0.0499134319275618,0.0212104301899671));
#5828=CARTESIAN_POINT('',(0.0495972707867622,-0.010605844669044,0.0212104301899671));
#5829=CARTESIAN_POINT('',(0.0495972707867622,-0.0124624967575073,0.0212104301899671));
#5830=CARTESIAN_POINT('',(0.0495972707867622,-0.010605844669044,-0.003));
#5831=CARTESIAN_POINT('',(0.0495972707867622,-0.010605844669044,0.00960635486990213));
#5832=CARTESIAN_POINT('',(0.0495972707867622,-0.0499134319275618,0.00960635486990213));
#5833=CARTESIAN_POINT('',(0.0495972707867622,-0.0124624967575073,0.00960635486990213));
#5834=CARTESIAN_POINT('',(0.0495972707867622,-0.0124624967575073,-0.003));
#5835=CARTESIAN_POINT('',(0.0495972707867622,-0.0499134319275618,0.0184254534542561));
#5836=CARTESIAN_POINT('',(0.0495972707867622,-0.0141644272953272,0.0184254534542561));
#5837=CARTESIAN_POINT('',(0.0495972707867622,-0.0156342778354883,0.0184254534542561));
#5838=CARTESIAN_POINT('',(0.0495972707867622,-0.0141644272953272,-0.003));
#5839=CARTESIAN_POINT('',(0.0495972707867622,-0.0141644272953272,0.0119271697476506));
#5840=CARTESIAN_POINT('',(0.0495972707867622,-0.0499134319275618,0.0119271697476506));
#5841=CARTESIAN_POINT('',(0.0495972707867622,-0.0156342778354883,0.0119271697476506));
#5842=CARTESIAN_POINT('',(0.0495972707867622,-0.0156342778354883,-0.003));
#5843=CARTESIAN_POINT('',(0.0495972707867622,-0.0499134319275618,0.0224481988698244));
#5844=CARTESIAN_POINT('',(0.0495972707867622,-0.0165626034140587,0.0224481988698244));
#5845=CARTESIAN_POINT('',(0.0495972707867622,-0.0188060589134693,0.0224481988698244));
#5846=CARTESIAN_POINT('',(0.0495972707867622,-0.0165626034140587,-0.003));
#5847=CARTESIAN_POINT('',(0.0495972707867622,-0.0165626034140587,0.00635721301659942));
#5848=CARTESIAN_POINT('',(0.0495972707867622,-0.0499134319275618,0.00635721301659942));
#5849=CARTESIAN_POINT('',(0.0495972707867622,-0.0188060589134693,0.00635721301659942));
#5850=CARTESIAN_POINT('',(0.0495972707867622,-0.0188060589134693,-0.003));
#5851=CARTESIAN_POINT('',(0.0442334376275539,-0.00882378220558167,-0.003));
#5852=CARTESIAN_POINT('',(0.0442334376275539,-0.00882378220558167,0.0329));
#5853=CARTESIAN_POINT('',(0.0442334376275539,-0.00882378220558167,-0.003));
#5854=CARTESIAN_POINT('',(0.0495973881334067,0.0312353260815144,-0.003));
#5855=CARTESIAN_POINT('',(0.0495975054800512,0.0312353260815144,-0.003));
#5856=CARTESIAN_POINT('',(0.0495975054800512,0.0312353260815144,-0.003));
#5857=CARTESIAN_POINT('',(0.0495975054800512,0.0312353260815144,0.0329));
#5858=CARTESIAN_POINT('',(0.0495973881334067,0.0312353260815144,0.0329));
#5859=CARTESIAN_POINT('',(0.0495973881334067,0.0312353260815144,-0.003));
#5860=CARTESIAN_POINT('',(0.0495975054800512,0.0314130610227585,-0.003));
#5861=CARTESIAN_POINT('',(0.0495975054800512,0.0315907959640026,-0.003));
#5862=CARTESIAN_POINT('',(0.0495975054800512,0.0315907959640026,-0.003));
#5863=CARTESIAN_POINT('',(0.0495975054800512,0.0315907959640026,0.0329));
#5864=CARTESIAN_POINT('',(0.0495975054800512,0.0314130610227585,0.0329));
#5865=CARTESIAN_POINT('',(0.0495975054800512,0.0314130610227585,-0.003));
#5866=CARTESIAN_POINT('',(0.0445975054800513,0.0315907959640027,-0.003));
#5867=CARTESIAN_POINT('',(0.0445975054800513,0.0365907959640026,-0.003));
#5868=CARTESIAN_POINT('',(0.0445975054800513,0.0365907959640026,-0.003));
#5869=CARTESIAN_POINT('',(0.0445975054800513,0.0365907959640026,0.0329));
#5870=CARTESIAN_POINT('',(0.0445975054800513,0.0315907959640027,0.0329));
#5871=CARTESIAN_POINT('',(0.0445975054800513,0.0315907959640027,-0.003));
#5872=CARTESIAN_POINT('',(-0.00346782296895971,0.0365907959640026,-0.003));
#5873=CARTESIAN_POINT('',(-0.00346782296895971,0.0365907959640026,0.00630539266755174));
#5874=CARTESIAN_POINT('',(-0.0375551905426619,0.0365907959640026,0.00630539266755174));
#5875=CARTESIAN_POINT('',(-0.0334363219044463,0.0365907959640026,0.00630539266755174));
#5876=CARTESIAN_POINT('',(-0.0301632869413734,0.0365907959640026,-0.00878870060875492));
#5877=CARTESIAN_POINT('',(-0.0339061374855495,0.0365907959640026,0.00847201792021224));
#5878=CARTESIAN_POINT('',(-0.00346782296895971,0.0365907959640026,0.00847201792021224));
#5879=CARTESIAN_POINT('',(-0.0404470650904235,0.0365907959640026,0.00847201792021224));
#5880=CARTESIAN_POINT('',(-0.0364195799965034,0.0365907959640026,-0.0101331211207239));
#5881=CARTESIAN_POINT('',(-0.0382530719398346,0.0365907959640026,-0.00166322694591751));
#5882=CARTESIAN_POINT('',(-0.0382530719398346,0.0365907959640026,-0.00166322694591751));
#5883=CARTESIAN_POINT('',(-0.035174183422896,0.0365907959640026,-0.00273513628144428));
#5884=CARTESIAN_POINT('',(-0.0322777475588131,0.0365907959640026,-0.00273513628144428));
#5885=CARTESIAN_POINT('',(-0.0322777475588131,0.0365907959640026,-0.00273513628144428));
#5886=CARTESIAN_POINT('',(-0.0322777475588131,0.0365907959640026,-0.00273513628144428));
#5887=CARTESIAN_POINT('',(-0.0285146615936658,0.0365907959640026,-0.00273513628144428));
#5888=CARTESIAN_POINT('',(-0.0264278593766297,0.0365907959640026,-0.000673421304175766));
#5889=CARTESIAN_POINT('',(-0.0264278593766297,0.0365907959640026,-0.000673421304175766));
#5890=CARTESIAN_POINT('',(-0.0264278593766297,0.0365907959640026,-0.000673421304175766));
#5891=CARTESIAN_POINT('',(-0.0243410571595935,0.0365907959640026,0.00138829367309275));
#5892=CARTESIAN_POINT('',(-0.0243410571595935,0.0365907959640026,0.00507839857709769));
#5893=CARTESIAN_POINT('',(-0.0243410571595935,0.0365907959640026,0.00507839857709769));
#5894=CARTESIAN_POINT('',(-0.0243410571595935,0.0365907959640026,0.00507839857709769));
#5895=CARTESIAN_POINT('',(-0.0243410571595935,0.0365907959640026,0.00891446560338712));
#5896=CARTESIAN_POINT('',(-0.0257869944334743,0.0365907959640026,0.0120572125488252));
#5897=CARTESIAN_POINT('',(-0.0257869944334743,0.0365907959640026,0.0120572125488252));
#5898=CARTESIAN_POINT('',(-0.0257869944334743,0.0365907959640026,0.0120572125488252));
#5899=CARTESIAN_POINT('',(-0.0272329317073551,0.0365907959640026,0.0151999594942632));
#5900=CARTESIAN_POINT('',(-0.0297986721381373,0.0365907959640026,0.0169446629871952));
#5901=CARTESIAN_POINT('',(-0.0297986721381373,0.0365907959640026,0.0169446629871952));
#5902=CARTESIAN_POINT('',(-0.0297986721381373,0.0365907959640026,0.0169446629871952));
#5903=CARTESIAN_POINT('',(-0.0323644125689194,0.0365907959640026,0.018689366480127));
#5904=CARTESIAN_POINT('',(-0.0354889142490719,0.0365907959640026,0.018689366480127));
#5905=CARTESIAN_POINT('',(-0.0354889142490719,0.0365907959640026,0.018689366480127));
#5906=CARTESIAN_POINT('',(-0.0354889142490719,0.0365907959640026,0.018689366480127));
#5907=CARTESIAN_POINT('',(-0.0371537947063795,0.0365907959640026,0.018689366480127));
#5908=CARTESIAN_POINT('',(-0.0386156965873852,0.0365907959640026,0.0184042842100401));
#5909=CARTESIAN_POINT('',(-0.0386156965873852,0.0365907959640026,0.0184042842100401));
#5910=CARTESIAN_POINT('',(-0.0386156965873852,0.0365907959640026,0.0184042842100401));
#5911=CARTESIAN_POINT('',(-0.0400775984683908,0.0365907959640026,0.0181192019399532));
#5912=CARTESIAN_POINT('',(-0.0415600262728428,0.0365907959640026,0.0174943016039227));
#5913=CARTESIAN_POINT('',(-0.0415600262728428,0.0365907959640026,0.0174943016039227));
#5914=CARTESIAN_POINT('',(-0.0280487428285989,0.0365907959640026,-0.0136603568233383));
#5915=CARTESIAN_POINT('',(-0.0406206538620705,0.0365907959640026,0.0153282729868507));
#5916=CARTESIAN_POINT('',(-0.0334327884255802,0.0365907959640026,-0.00117618357505882));
#5917=CARTESIAN_POINT('',(-0.0382599139143167,0.0365907959640026,0.0161669585543981));
#5918=CARTESIAN_POINT('',(-0.0382599139143167,0.0365907959640026,0.0161669585543981));
#5919=CARTESIAN_POINT('',(-0.0369987099514523,0.0365907959640026,0.0165227412274665));
#5920=CARTESIAN_POINT('',(-0.0354889142490719,0.0365907959640026,0.0165227412274665));
#5921=CARTESIAN_POINT('',(-0.0354889142490719,0.0365907959640026,0.0165227412274665));
#5922=CARTESIAN_POINT('',(-0.0354889142490719,0.0365907959640026,0.0165227412274665));
#5923=CARTESIAN_POINT('',(-0.0330759779150564,0.0365907959640026,0.0165227412274665));
#5924=CARTESIAN_POINT('',(-0.031103208606055,0.0365907959640026,0.0150768039535857));
#5925=CARTESIAN_POINT('',(-0.031103208606055,0.0365907959640026,0.0150768039535857));
#5926=CARTESIAN_POINT('',(-0.031103208606055,0.0365907959640026,0.0150768039535857));
#5927=CARTESIAN_POINT('',(-0.0291304392970536,0.0365907959640026,0.0136308666797049));
#5928=CARTESIAN_POINT('',(-0.0280334427217592,0.0365907959640026,0.0110377583509944));
#5929=CARTESIAN_POINT('',(-0.0280334427217592,0.0365907959640026,0.0110377583509944));
#5930=CARTESIAN_POINT('',(-0.0280334427217592,0.0365907959640026,0.0110377583509944));
#5931=CARTESIAN_POINT('',(-0.0269364461464647,0.0365907959640026,0.0084446500222839));
#5932=CARTESIAN_POINT('',(-0.0269364461464647,0.0365907959640026,0.00523348333202497));
#5933=CARTESIAN_POINT('',(-0.0269364461464647,0.0365907959640026,0.00523348333202497));
#5934=CARTESIAN_POINT('',(-0.0269364461464647,0.0365907959640026,0.00523348333202497));
#5935=CARTESIAN_POINT('',(-0.0269364461464647,0.0365907959640026,0.00252862275344039));
#5936=CARTESIAN_POINT('',(-0.0283960673693097,0.0365907959640026,0.000973213887846214));
#5937=CARTESIAN_POINT('',(-0.0283960673693097,0.0365907959640026,0.000973213887846214));
#5938=CARTESIAN_POINT('',(-0.0283960673693097,0.0365907959640026,0.000973213887846214));
#5939=CARTESIAN_POINT('',(-0.0298556885921546,0.0365907959640026,-0.000582194977747956));
#5940=CARTESIAN_POINT('',(-0.0324784454769542,0.0365907959640026,-0.000582194977747956));
#5941=CARTESIAN_POINT('',(-0.0324784454769542,0.0365907959640026,-0.000582194977747956));
#5942=CARTESIAN_POINT('',(-0.0324784454769542,0.0365907959640026,-0.000582194977747956));
#5943=CARTESIAN_POINT('',(-0.0346724386275431,0.0365907959640026,-0.000582194977747956));
#5944=CARTESIAN_POINT('',(-0.0361867956462447,0.0365907959640026,-2.57143865383114E-5));
#5945=CARTESIAN_POINT('',(-0.0361867956462447,0.0365907959640026,-2.571438653831E-5));
#5946=CARTESIAN_POINT('',(-0.034112355380919,0.0365907959640026,-0.00962345801411223));
#5947=CARTESIAN_POINT('',(-0.00346782296895971,0.0365907959640026,0.0183928809192366));
#5948=CARTESIAN_POINT('',(-0.0200078066542726,0.0365907959640026,0.0183928809192366));
#5949=CARTESIAN_POINT('',(-0.0223432006108245,0.0365907959640026,0.0183928809192366));
#5950=CARTESIAN_POINT('',(-0.0172061070843791,0.0365907959640026,-0.00590461423845374));
#5951=CARTESIAN_POINT('',(-0.0179369690443612,0.0365907959640026,-0.0024477733531967));
#5952=CARTESIAN_POINT('',(-0.00346782296895971,0.0365907959640026,-0.00244777335319668));
#5953=CARTESIAN_POINT('',(-0.0153598253227756,0.0365907959640026,-0.00244777335319669));
#5954=CARTESIAN_POINT('',(-0.0140671677119141,0.0365907959640026,0.000987927195282156));
#5955=CARTESIAN_POINT('',(-0.00880065245261601,0.0365907959640026,0.0149855776271579));
#5956=CARTESIAN_POINT('',(-0.00346782296895971,0.0365907959640026,0.0149855776271579));
#5957=CARTESIAN_POINT('',(-0.00871765252836991,0.0365907959640026,0.0149855776271579));
#5958=CARTESIAN_POINT('',(0.0800228251128672,0.0365907959640026,0.0276500145260779));
#5959=CARTESIAN_POINT('',(-0.00766077336689676,0.0365907959640026,0.00902840294480134));
#5960=CARTESIAN_POINT('',(-0.00502222327449947,0.0365907959640026,-0.00333176190940971));
#5961=CARTESIAN_POINT('',(-0.00521089650768166,0.0365907959640026,-0.00244777335319668));
#5962=CARTESIAN_POINT('',(-0.00346782296895971,0.0365907959640026,-0.00244777335319668));
#5963=CARTESIAN_POINT('',(-0.00290287044905805,0.0365907959640026,-0.00244777335319669));
#5964=CARTESIAN_POINT('',(-0.0028153427038357,0.0365907959640026,-0.00286219228368469));
#5965=CARTESIAN_POINT('',(-0.00730454069919991,0.0365907959640026,0.0183928809192366));
#5966=CARTESIAN_POINT('',(-0.00346782296895971,0.0365907959640026,0.0183928809192366));
#5967=CARTESIAN_POINT('',(-0.00987256178814278,0.0365907959640026,0.0183928809192366));
#5968=CARTESIAN_POINT('',(-0.0161274841648929,0.0365907959640026,0.0017610684906814));
#5969=CARTESIAN_POINT('',(-0.0164134893930168,0.0365907959640026,0.00100058178577456));
#5970=CARTESIAN_POINT('',(-0.00346782296895971,0.0365907959640026,0.00100058178577456));
#5971=CARTESIAN_POINT('',(-0.0165001544031232,0.0365907959640026,0.00100058178577456));
#5972=CARTESIAN_POINT('',(-0.0165001544031232,0.0365907959640026,0.00100058178577456));
#5973=CARTESIAN_POINT('',(-0.0169289181373339,0.0365907959640026,0.00419350321074793));
#5974=CARTESIAN_POINT('',(-0.0175264505754361,0.0365907959640026,0.00677520824865496));
#5975=CARTESIAN_POINT('',(-0.0175264505754361,0.0365907959640026,0.00677520824865497));
#5976=CARTESIAN_POINT('',(-0.0149163530820134,0.0365907959640026,-0.00544522983176334));
#5977=CARTESIAN_POINT('',(0.00461667431033083,0.0365907959640026,-0.00126160256423172));
#5978=CARTESIAN_POINT('',(0.00331420369699723,0.0365907959640026,0.00479559696517147));
#5979=CARTESIAN_POINT('',(0.000390399934985908,0.0365907959640026,0.0183928809192366));
#5980=CARTESIAN_POINT('',(-0.00346782296895971,0.0365907959640026,0.0183928809192366));
#5981=CARTESIAN_POINT('',(-0.00203165903167246,0.0365907959640026,0.0183928809192366));
#5982=CARTESIAN_POINT('',(0.00225263751740113,0.0365907959640026,-0.00178542061220361));
#5983=CARTESIAN_POINT('',(0.000892144730338863,0.0365907959640026,0.00462226694495863));
#5984=CARTESIAN_POINT('',(0.000892144730338863,0.0365907959640026,0.00462226694495863));
#5985=CARTESIAN_POINT('',(0.00167669113761803,0.0365907959640026,0.000872864928775622));
#5986=CARTESIAN_POINT('',(0.00370647690063682,0.0365907959640026,-0.000931135676334331));
#5987=CARTESIAN_POINT('',(0.00370647690063682,0.0365907959640026,-0.000931135676334331));
#5988=CARTESIAN_POINT('',(0.00370647690063682,0.0365907959640026,-0.000931135676334331));
#5989=CARTESIAN_POINT('',(0.0057362626636556,0.0365907959640026,-0.00273513628144428));
#5990=CARTESIAN_POINT('',(0.00924391491480491,0.0365907959640026,-0.00273513628144428));
#5991=CARTESIAN_POINT('',(0.00924391491480491,0.0365907959640026,-0.00273513628144428));
#5992=CARTESIAN_POINT('',(0.00924391491480491,0.0365907959640026,-0.00273513628144428));
#5993=CARTESIAN_POINT('',(0.0125235013498847,0.0365907959640026,-0.00273513628144428));
#5994=CARTESIAN_POINT('',(0.0141039974552465,0.0365907959640026,-0.00125042781883167));
#5995=CARTESIAN_POINT('',(0.0141039974552465,0.0365907959640026,-0.00125042781883167));
#5996=CARTESIAN_POINT('',(0.0141039974552465,0.0365907959640026,-0.00125042781883167));
#5997=CARTESIAN_POINT('',(0.0156844935606083,0.0365907959640026,0.000234280643780948));
#5998=CARTESIAN_POINT('',(0.0156844935606083,0.0365907959640026,0.00301212228350778));
#5999=CARTESIAN_POINT('',(0.0156844935606083,0.0365907959640026,0.00301212228350778));
#6000=CARTESIAN_POINT('',(0.0156844935606083,0.0365907959640026,0.00301212228350778));
#6001=CARTESIAN_POINT('',(0.0156844935606083,0.0365907959640026,0.00416613531281958));
#6002=CARTESIAN_POINT('',(0.0153423948365041,0.0365907959640026,0.00587662893334103));
#6003=CARTESIAN_POINT('',(0.0153423948365041,0.0365907959640026,0.00587662893334102));
#6004=CARTESIAN_POINT('',(0.0163354681848842,0.0365907959640026,0.00125799627579005));
#6005=CARTESIAN_POINT('',(0.0126512182068836,0.0365907959640026,0.0183928809192366));
#6006=CARTESIAN_POINT('',(-0.00346782296895971,0.0365907959640026,0.0183928809192366));
#6007=CARTESIAN_POINT('',(0.0102291592402253,0.0365907959640026,0.0183928809192366));
#6008=CARTESIAN_POINT('',(0.0140070083412896,0.0365907959640026,0.000739676646645811));
#6009=CARTESIAN_POINT('',(0.012947703767774,0.0365907959640026,0.00568961496416402));
#6010=CARTESIAN_POINT('',(0.012947703767774,0.0365907959640026,0.00568961496416402));
#6011=CARTESIAN_POINT('',(0.01326243459395,0.0365907959640026,0.00417981926178375));
#6012=CARTESIAN_POINT('',(0.01326243459395,0.0365907959640026,0.00301212228350778));
#6013=CARTESIAN_POINT('',(0.01326243459395,0.0365907959640026,0.00301212228350778));
#6014=CARTESIAN_POINT('',(0.01326243459395,0.0365907959640026,0.00301212228350778));
#6015=CARTESIAN_POINT('',(0.01326243459395,0.0365907959640026,0.00134268050987885));
#6016=CARTESIAN_POINT('',(0.0122224544726729,0.0365907959640026,0.000380242766065445));
#6017=CARTESIAN_POINT('',(0.0122224544726729,0.0365907959640026,0.000380242766065445));
#6018=CARTESIAN_POINT('',(0.0122224544726729,0.0365907959640026,0.000380242766065445));
#6019=CARTESIAN_POINT('',(0.0111824743513959,0.0365907959640026,-0.000582194977747956));
#6020=CARTESIAN_POINT('',(0.00911619805780598,0.0365907959640026,-0.000582194977747956));
#6021=CARTESIAN_POINT('',(0.00911619805780598,0.0365907959640026,-0.000582194977747956));
#6022=CARTESIAN_POINT('',(0.00911619805780598,0.0365907959640026,-0.000582194977747956));
#6023=CARTESIAN_POINT('',(0.00666220987689788,0.0365907959640026,-0.000582194977747956));
#6024=CARTESIAN_POINT('',(0.0053006569549628,0.0365907959640026,0.000665325036152353));
#6025=CARTESIAN_POINT('',(0.0053006569549628,0.0365907959640026,0.000665325036152353));
#6026=CARTESIAN_POINT('',(0.0053006569549628,0.0365907959640026,0.000665325036152353));
#6027=CARTESIAN_POINT('',(0.00393910403302773,0.0365907959640026,0.00191284505005266));
#6028=CARTESIAN_POINT('',(0.00331420369699723,0.0365907959640026,0.00479559696517147));
#6029=CARTESIAN_POINT('',(-0.00346782296895971,0.0365907959640026,0.0162399396155403));
#6030=CARTESIAN_POINT('',(0.0158304556828929,0.0365907959640026,0.0162399396155403));
#6031=CARTESIAN_POINT('',(0.0216461339926657,0.0365907959640026,0.0162399396155403));
#6032=CARTESIAN_POINT('',(0.0244753050299131,0.0365907959640026,0.00294737798755603));
#6033=CARTESIAN_POINT('',(0.0256236018249183,0.0365907959640026,-0.00244777335319668));
#6034=CARTESIAN_POINT('',(-0.00346782296895971,0.0365907959640026,-0.00244777335319668));
#6035=CARTESIAN_POINT('',(0.0280775900058264,0.0365907959640026,-0.00244777335319669));
#6036=CARTESIAN_POINT('',(0.026840183742221,0.0365907959640026,0.00340632995164327));
#6037=CARTESIAN_POINT('',(0.0241274900715022,0.0365907959640026,0.0162399396155403));
#6038=CARTESIAN_POINT('',(-0.00346782296895971,0.0365907959640026,0.0162399396155403));
#6039=CARTESIAN_POINT('',(0.0299158004833468,0.0365907959640026,0.0162399396155403));
#6040=CARTESIAN_POINT('',(0.032406029595375,0.0365907959640026,0.00482840426721713));
#6041=CARTESIAN_POINT('',(0.0294459849022435,0.0365907959640026,0.0183928809192366));
#6042=CARTESIAN_POINT('',(-0.00346782296895971,0.0365907959640026,0.0183928809192366));
#6043=CARTESIAN_POINT('',(0.0154016919486822,0.0365907959640026,0.0183928809192366));
#6044=CARTESIAN_POINT('',(0.0187797607977124,0.0365907959640026,0.00143066286878637));
#6045=CARTESIAN_POINT('',(0.00841181255077653,0.0365907959640026,0.000751469083824132));
#6046=CARTESIAN_POINT('',(0.00138598144985735,0.0365907959640026,0.0229999031871558));
#6047=CARTESIAN_POINT('',(0.00109182682354003,0.0365907959640026,0.0239313915371895));
#6048=CARTESIAN_POINT('',(0.01241947445876,0.0365907959640026,0.00929982468000717));
#6049=CARTESIAN_POINT('',(0.000503518327604979,0.0365907959640026,0.0246912911534309));
#6050=CARTESIAN_POINT('',(-0.00346782296895971,0.0365907959640026,0.0246912911534309));
#6051=CARTESIAN_POINT('',(-0.00758572807535529,0.0365907959640026,0.0246912911534309));
#6052=CARTESIAN_POINT('',(-0.0153679414629881,0.0365907959640026,0.0208001741932486));
#6053=CARTESIAN_POINT('',(-0.00846819113940001,0.0365907959640026,0.0242500584572553));
#6054=CARTESIAN_POINT('',(-0.0187770561484635,0.0365907959640026,0.00535050524620248));
#6055=CARTESIAN_POINT('',(-0.00876234564930201,0.0365907959640026,0.0237107761204242));
#6056=CARTESIAN_POINT('',(-0.00876234564930201,0.0365907959640026,-0.003));
#6057=CARTESIAN_POINT('',(-0.00876234564930201,0.0365907959640026,0.0212594885379076));
#6058=CARTESIAN_POINT('',(0.00273428678571122,0.0365907959640026,0.000421855899253837));
#6059=CARTESIAN_POINT('',(-0.00837013963609934,0.0365907959640026,0.020548615604639));
#6060=CARTESIAN_POINT('',(0.00533738390845302,0.0365907959640026,0.0130094870945069));
#6061=CARTESIAN_POINT('',(-0.00738962506875396,0.0365907959640026,0.020009333267808));
#6062=CARTESIAN_POINT('',(-0.00346782296895971,0.0365907959640026,0.020009333267808));
#6063=CARTESIAN_POINT('',(-0.000452483713161201,0.0365907959640026,0.020009333267808));
#6064=CARTESIAN_POINT('',(-0.00770756311192401,0.0365907959640026,0.0185842352253634));
#6065=CARTESIAN_POINT('',(0.000920236809179187,0.0365907959640026,0.0202789735049009));
#6066=CARTESIAN_POINT('',(-0.0124699346996827,0.0365907959640026,0.00477453761382641));
#6067=CARTESIAN_POINT('',(0.00138598144985735,0.0365907959640026,0.0208182577043772));
#6068=CARTESIAN_POINT('',(0.00138598144985735,0.0365907959640026,-0.003));
#6069=CARTESIAN_POINT('',(-0.0515331514179707,0.0365907959640026,-0.003));
#6070=CARTESIAN_POINT('',(-0.0515331514179707,0.0365907959640026,-0.003));
#6071=CARTESIAN_POINT('',(-0.0515331514179707,0.0365907959640026,0.0329));
#6072=CARTESIAN_POINT('',(-0.00346782296895971,0.0365907959640026,0.0329));
#6073=CARTESIAN_POINT('',(-0.00346782296895971,0.0365907959640026,-0.003));
#6074=CARTESIAN_POINT('',(-0.0515331514179707,0.0365725308656693,-0.003));
#6075=CARTESIAN_POINT('',(-0.0515331514179707,0.0365542657673359,-0.003));
#6076=CARTESIAN_POINT('',(-0.0515331514179707,0.0365542657673359,-0.003));
#6077=CARTESIAN_POINT('',(-0.0515331514179707,0.0365542657673359,0.0329));
#6078=CARTESIAN_POINT('',(-0.0515331514179707,0.0365725308656693,0.0329));
#6079=CARTESIAN_POINT('',(-0.0515331514179707,0.0365725308656693,-0.003));
#6080=CARTESIAN_POINT('',(-0.0521247735619544,0.0365542657673359,-0.003));
#6081=CARTESIAN_POINT('',(-0.0521247735619544,0.0365542657673359,0.0329));
#6082=CARTESIAN_POINT('',(-0.0527163957059382,0.0365542657673359,0.0329));
#6083=CARTESIAN_POINT('',(-0.0521247735619544,0.0365542657673359,-0.003));
#6084=CARTESIAN_POINT('',(-0.0527163957059382,0.0365542657673359,-0.003));
#6085=CARTESIAN_POINT('',(-0.0527163957059382,0.0365542657673359,-0.003));
#6086=CARTESIAN_POINT('',(-0.0527163957059382,0.0315542657673359,-0.003));
#6087=CARTESIAN_POINT('',(-0.0527163957059382,0.0315542657673359,0.0329));
#6088=CARTESIAN_POINT('',(-0.0527163957059382,0.0315542657673359,-0.003));
#6089=CARTESIAN_POINT('',(-0.0527163957059382,-0.0509439733624458,-0.003));
#6090=CARTESIAN_POINT('',(-0.0527163957059382,-0.0559439733624458,-0.003));
#6091=CARTESIAN_POINT('',(-0.0527163957059382,-0.0559439733624458,-0.003));
#6092=CARTESIAN_POINT('',(-0.0527163957059382,-0.0559439733624458,0.0329));
#6093=CARTESIAN_POINT('',(-0.0527163957059382,-0.0509439733624458,0.0329));
#6094=CARTESIAN_POINT('',(-0.0527163957059382,-0.0509439733624458,-0.003));
#6095=CARTESIAN_POINT('',(-0.00346794031560424,-0.0559439733624458,-0.003));
#6096=CARTESIAN_POINT('',(0.0445972707867621,-0.0559439733624458,-0.003));
#6097=CARTESIAN_POINT('',(0.0445972707867621,-0.0559439733624458,-0.003));
#6098=CARTESIAN_POINT('',(0.0445972707867621,-0.0559439733624458,0.0329));
#6099=CARTESIAN_POINT('',(-0.00346794031560424,-0.0559439733624458,0.0329));
#6100=CARTESIAN_POINT('',(-0.00346794031560424,-0.0559439733624458,-0.003));
#6101=CARTESIAN_POINT('',(0.0225084226425539,-0.0559439733624458,-0.0187432500840994));
#6102=CARTESIAN_POINT('',(0.0328782647848129,-0.0559439733624458,-0.00163301033899188));
#6103=CARTESIAN_POINT('',(0.0333903899606612,-0.0559439733624458,-0.000788003788452335));
#6104=CARTESIAN_POINT('',(-0.00254964059126084,-0.0559439733624458,0.00342810978054538));
#6105=CARTESIAN_POINT('',(0.0314723663032055,-0.0559439733624458,-0.00143216806463897));
#6106=CARTESIAN_POINT('',(0.0251114116187497,-0.0559439733624458,0.0112897105318638));
#6107=CARTESIAN_POINT('',(0.031099371612072,-0.0559439733624458,-0.000686180486809462));
#6108=CARTESIAN_POINT('',(0.0287307410402243,-0.0559439733624458,0.0069662923239211));
#6109=CARTESIAN_POINT('',(0.0307263769209385,-0.0559439733624458,0.000518875196576119));
#6110=CARTESIAN_POINT('',(0.0138288099601871,-0.0559439733624458,-0.0184268539345252));
#6111=CARTESIAN_POINT('',(0.0316728820058498,-0.0559439733624458,0.00158010661537091));
#6112=CARTESIAN_POINT('',(0.0103623706226224,-0.0559439733624458,0.0166098495776967));
#6113=CARTESIAN_POINT('',(0.0326487272977829,-0.0559439733624458,0.000891868607141085));
#6114=CARTESIAN_POINT('',(0.0109551395781669,-0.0559439733624458,-0.0188494305192244));
#6115=CARTESIAN_POINT('',(0.0353603288531303,-0.0559439733624458,0.00335944280959667));
#6116=CARTESIAN_POINT('',(0.0149519310929719,-0.0559439733624458,-0.0194679423395079));
#6117=CARTESIAN_POINT('',(0.0422916226089,-0.0559439733624458,0.0111122960224748));
#6118=CARTESIAN_POINT('',(-0.00346794031560424,-0.0559439733624458,0.0111122960224748));
#6119=CARTESIAN_POINT('',(0.0438611656427383,-0.0559439733624458,0.0111122960224748));
#6120=CARTESIAN_POINT('',(0.0189007002079799,-0.0559439733624458,0.0287162555407667));
#6121=CARTESIAN_POINT('',(0.0445348082100563,-0.0559439733624458,0.0106371936444418));
#6122=CARTESIAN_POINT('',(0.0445348082100563,-0.0559439733624458,-0.003));
#6123=CARTESIAN_POINT('',(0.0445348082100563,-0.0559439733624458,0.00871075410395861));
#6124=CARTESIAN_POINT('',(0.00609193288581552,-0.0559439733624458,-0.0171894340975072));
#6125=CARTESIAN_POINT('',(0.0355714944552662,-0.0559439733624458,0.0026718844512647));
#6126=CARTESIAN_POINT('',(0.0142917785133449,-0.0559439733624458,-0.0198100329396668));
#6127=CARTESIAN_POINT('',(0.0330424867570401,-0.0559439733624458,-2.08166817117217E-17));
#6128=CARTESIAN_POINT('',(0.0281951590422795,-0.0559439733624458,0.01097923952221));
#6129=CARTESIAN_POINT('',(-0.00346794031560424,-0.0559439733624458,0.0222203191369772));
#6130=CARTESIAN_POINT('',(0.0295305047184229,-0.0559439733624458,0.0222203191369772));
#6131=CARTESIAN_POINT('',(-0.0340184085071087,-0.0559439733624458,0.0222203191369772));
#6132=CARTESIAN_POINT('',(0.0295305047184229,-0.0559439733624458,-0.003));
#6133=CARTESIAN_POINT('',(0.0295305047184229,-0.0559439733624458,0.00344715337269008));
#6134=CARTESIAN_POINT('',(-0.00346794031560424,-0.0559439733624458,0.00344715337269008));
#6135=CARTESIAN_POINT('',(-0.0340184085071087,-0.0559439733624458,0.00344715337269008));
#6136=CARTESIAN_POINT('',(-0.0340184085071087,-0.0559439733624458,-0.003));
#6137=CARTESIAN_POINT('',(0.0445972707867622,-0.0509439733624458,-0.003));
#6138=CARTESIAN_POINT('',(0.0445972707867622,-0.0509439733624458,0.0329));
#6139=CARTESIAN_POINT('',(0.0445972707867622,-0.0509439733624458,-0.003));
#6140=CARTESIAN_POINT('',(-0.00364985689520838,0.0312353260815144,-0.003));
#6141=CARTESIAN_POINT('',(-0.00364985689520838,0.0312353260815144,-0.003));
#6142=CARTESIAN_POINT('',(0.0302394069731236,0.0312353260815144,-0.003));
#6143=CARTESIAN_POINT('',(0.0302394069731236,0.0312353260815144,-0.003));
#6144=CARTESIAN_POINT('',(0.0302394069731236,0.0312353260815144,0.0249952379768836));
#6145=CARTESIAN_POINT('',(-0.00364985689520838,0.0312353260815144,0.0249952379768836));
#6146=CARTESIAN_POINT('',(-0.00364985689520838,0.0312353260815144,0.0329));
#6147=CARTESIAN_POINT('',(0.0123512562776159,0.0312353260815144,0.00938793996311173));
#6148=CARTESIAN_POINT('',(0.00109182682354003,0.0312353260815144,0.0239313915371895));
#6149=CARTESIAN_POINT('',(0.000503518327604979,0.0312353260815144,0.0246912911534309));
#6150=CARTESIAN_POINT('',(0.00839530565410784,0.0312353260815144,0.000803740850325292));
#6151=CARTESIAN_POINT('',(0.00138598144985736,0.0312353260815144,0.0229999031871558));
#6152=CARTESIAN_POINT('',(0.00138598144985735,0.0312353260815144,-0.003));
#6153=CARTESIAN_POINT('',(0.00138598144985735,0.0312353260815144,0.0208182577043772));
#6154=CARTESIAN_POINT('',(-0.01254770288592,0.0312353260815144,0.00468449008477994));
#6155=CARTESIAN_POINT('',(0.000920236809179187,0.0312353260815144,0.0202789735049009));
#6156=CARTESIAN_POINT('',(-0.00788283440338219,0.0312353260815144,0.0185498071012003));
#6157=CARTESIAN_POINT('',(-0.000452483713161201,0.0312353260815144,0.020009333267808));
#6158=CARTESIAN_POINT('',(-0.00364985689520838,0.0312353260815144,0.020009333267808));
#6159=CARTESIAN_POINT('',(-0.00738962506875396,0.0312353260815144,0.020009333267808));
#6160=CARTESIAN_POINT('',(0.00519762649416249,0.0312353260815144,0.013086353576126));
#6161=CARTESIAN_POINT('',(-0.00837013963609934,0.0312353260815144,0.020548615604639));
#6162=CARTESIAN_POINT('',(0.00269180662898888,0.0312353260815144,0.000498851132876908));
#6163=CARTESIAN_POINT('',(-0.00876234564930201,0.0312353260815144,0.0212594885379076));
#6164=CARTESIAN_POINT('',(-0.00876234564930201,0.0312353260815144,-0.003));
#6165=CARTESIAN_POINT('',(-0.00876234564930201,0.0312353260815144,0.0237107761204242));
#6166=CARTESIAN_POINT('',(-0.0188187965229176,0.0312353260815144,0.00527398135852419));
#6167=CARTESIAN_POINT('',(-0.00846819113940001,0.0312353260815144,0.0242500584572553));
#6168=CARTESIAN_POINT('',(-0.0155135684502968,0.0312353260815144,0.0207273605074818));
#6169=CARTESIAN_POINT('',(-0.00758572807535529,0.0312353260815144,0.0246912911534309));
#6170=CARTESIAN_POINT('',(-0.00364985689520838,0.0312353260815144,0.0246912911534309));
#6171=CARTESIAN_POINT('',(-0.00405944511294347,-0.00967658869922161,-0.003));
#6172=CARTESIAN_POINT('',(0.0447508682310583,0.0314911407232285,-0.003));
#6173=CARTESIAN_POINT('',(0.0493334439260141,0.0314911407232285,-0.003));
#6174=CARTESIAN_POINT('',(0.0447508682310583,0.0360737164181843,-0.003));
#6175=CARTESIAN_POINT('',(0.0447508682310583,0.0360737164181843,-0.003));
#6176=CARTESIAN_POINT('',(-0.0527075891196726,0.0360737164181843,-0.003));
#6177=CARTESIAN_POINT('',(-0.0527075891196726,0.0314911407232285,-0.003));
#6178=CARTESIAN_POINT('',(-0.0572901648146285,0.0314911407232285,-0.003));
#6179=CARTESIAN_POINT('',(-0.0572901648146285,0.0314911407232285,-0.003));
#6180=CARTESIAN_POINT('',(-0.0572901648146284,-0.0510614243149758,-0.003));
#6181=CARTESIAN_POINT('',(-0.0527075891196726,-0.0510614243149757,-0.003));
#6182=CARTESIAN_POINT('',(-0.0527075891196726,-0.0556440000099316,-0.003));
#6183=CARTESIAN_POINT('',(-0.0527075891196726,-0.0556440000099316,-0.003));
#6184=CARTESIAN_POINT('',(0.0447508682310583,-0.0556440000099316,-0.003));
#6185=CARTESIAN_POINT('',(0.0447508682310583,-0.0510614243149757,-0.003));
#6186=CARTESIAN_POINT('',(0.0493334439260141,-0.0510614243149757,-0.003));
#6187=CARTESIAN_POINT('',(0.0493334439260141,-0.0510614243149757,-0.003));
#6188=CARTESIAN_POINT('',(-0.0402217246592045,-0.0326620247215033,0.0249972379768836));
#6189=CARTESIAN_POINT('',(-0.0402217246592045,-0.0326620247215033,0.0249952379768836));
#6190=CARTESIAN_POINT('',(-0.0402217246592045,-0.026677742600441,0.0249952379768836));
#6191=CARTESIAN_POINT('',(-0.0402217246592045,-0.0326620247215033,-0.003));
#6192=CARTESIAN_POINT('',(-0.0402217246592045,-0.026677742600441,-0.003));
#6193=CARTESIAN_POINT('',(-0.0402217246592045,-0.026677742600441,0.0249972379768836));
#6194=CARTESIAN_POINT('',(-0.0437214449048043,-0.0303329117596149,0.0249972379768836));
#6195=CARTESIAN_POINT('',(-0.0437214449048043,-0.0303329117596149,0.0249952379768836));
#6196=CARTESIAN_POINT('',(-0.0414019343434607,-0.0303329117596149,0.0249952379768836));
#6197=CARTESIAN_POINT('',(-0.0437214449048043,-0.0303329117596149,-0.003));
#6198=CARTESIAN_POINT('',(-0.0414019343434607,-0.0303329117596149,-0.003));
#6199=CARTESIAN_POINT('',(-0.0459390040487051,-0.026677742600441,0.0249972379768836));
#6200=CARTESIAN_POINT('',(-0.0459390040487051,-0.026677742600441,-0.003));
#6201=CARTESIAN_POINT('',(-0.0459390040487051,-0.026677742600441,0.0249952379768836));
#6202=CARTESIAN_POINT('',(-0.225755099814297,0.124616535285014,0.0249952379768836));
#6203=CARTESIAN_POINT('',(0.0353772640228271,0.0207345653325319,0.0249972379768836));
#6204=CARTESIAN_POINT('',(0.0353772640228271,0.0207345653325319,0.0249952379768836));
#6205=CARTESIAN_POINT('',(0.03767523710373,0.0207345653325319,0.0249952379768836));
#6206=CARTESIAN_POINT('',(0.0353772640228271,0.0207345653325319,-0.003));
#6207=CARTESIAN_POINT('',(0.03767523710373,0.0207345653325319,-0.003));
#6208=CARTESIAN_POINT('',(0.0302394069731236,0.0238089188933372,0.0249972379768836));
#6209=CARTESIAN_POINT('',(0.0302394069731236,0.0238089188933372,-0.003));
#6210=CARTESIAN_POINT('',(0.0302394069731236,0.0162368305027485,-0.003));
#6211=CARTESIAN_POINT('',(0.0302394069731236,0.0162368305027485,0.0249972379768836));
#6212=CARTESIAN_POINT('',(0.0302394069731236,0.0162368305027485,0.0249952379768836));
#6213=CARTESIAN_POINT('',(0.0302394069731236,0.0238089188933372,0.0249952379768836));
#6214=CARTESIAN_POINT('',(0.0373669434338808,0.0162368305027485,0.0249972379768836));
#6215=CARTESIAN_POINT('',(0.0373669434338808,0.0162368305027485,-0.003));
#6216=CARTESIAN_POINT('',(0.0373669434338808,0.0162368305027485,0.0249952379768836));
#6217=CARTESIAN_POINT('',(-0.225755099814297,0.124616535285014,0.0249952379768836));
#6218=CARTESIAN_POINT('',(-0.0022439518943429,-0.0658,0.0222203191369772));
#6219=CARTESIAN_POINT('',(0.0295305047184229,-0.0658,0.0222203191369772));
#6220=CARTESIAN_POINT('',(-0.0340184085071087,-0.0658,0.0222203191369772));
#6221=CARTESIAN_POINT('',(-0.0340184085071087,-0.0658,0.0128337362548336));
#6222=CARTESIAN_POINT('',(-0.0340184085071087,-0.0658,0.00344715337269008));
#6223=CARTESIAN_POINT('',(-0.0022439518943429,-0.0658,0.00344715337269008));
#6224=CARTESIAN_POINT('',(0.0295305047184229,-0.0658,0.00344715337269008));
#6225=CARTESIAN_POINT('',(0.0295305047184229,-0.0658,0.0128337362548336));
#6226=CARTESIAN_POINT('',(0.000797672575572506,0.055,0.0243113413453102));
#6227=CARTESIAN_POINT('',(0.00109182682354003,0.055,0.0239313915371895));
#6228=CARTESIAN_POINT('',(0.000503518327604979,0.055,0.0246912911534309));
#6229=CARTESIAN_POINT('',(-0.00354110487387516,0.055,0.0246912911534309));
#6230=CARTESIAN_POINT('',(-0.00758572807535529,0.055,0.0246912911534309));
#6231=CARTESIAN_POINT('',(-0.00802695960737765,0.055,0.0244706748053432));
#6232=CARTESIAN_POINT('',(-0.00846819113940001,0.055,0.0242500584572553));
#6233=CARTESIAN_POINT('',(-0.00861526839435101,0.055,0.0239804172888398));
#6234=CARTESIAN_POINT('',(-0.00876234564930201,0.055,0.0237107761204242));
#6235=CARTESIAN_POINT('',(-0.00876234564930201,0.055,0.0233308263123036));
#6236=CARTESIAN_POINT('',(-0.00876234564930201,0.055,0.0212594885379076));
#6237=CARTESIAN_POINT('',(-0.00856624264270067,0.055,0.0209040520712734));
#6238=CARTESIAN_POINT('',(-0.00837013963609934,0.055,0.020548615604639));
#6239=CARTESIAN_POINT('',(-0.00787988235242665,0.055,0.0202789744362235));
#6240=CARTESIAN_POINT('',(-0.00738962506875396,0.055,0.020009333267808));
#6241=CARTESIAN_POINT('',(-0.00392105439095758,0.055,0.020009333267808));
#6242=CARTESIAN_POINT('',(-0.000452483713161201,0.055,0.020009333267808));
#6243=CARTESIAN_POINT('',(0.000233876548008994,0.055,0.0201441533863545));
#6244=CARTESIAN_POINT('',(0.000920236809179187,0.055,0.0202789735049009));
#6245=CARTESIAN_POINT('',(0.00115310912951827,0.055,0.020548615604639));
#6246=CARTESIAN_POINT('',(0.00138598144985735,0.055,0.0208182577043772));
#6247=CARTESIAN_POINT('',(0.00138598144985735,0.055,0.0210388731211424));
#6248=CARTESIAN_POINT('',(0.00138598144985735,0.055,0.0229999031871558));
#6249=CARTESIAN_POINT('',(0.00123890413669869,0.055,0.0234656473621726));
#6250=CARTESIAN_POINT('',(0.025,-0.00300321337999776,0.0271130595356226));
#6251=CARTESIAN_POINT('',(0.025,-0.0018756213830784,0.0271130595356226));
#6252=CARTESIAN_POINT('',(0.025,-0.00413080537691712,0.0271130595356226));
#6253=CARTESIAN_POINT('',(0.025,-0.00413080537691712,0.0165235004387796));
#6254=CARTESIAN_POINT('',(0.025,-0.00413080537691712,0.00593394134193659));
#6255=CARTESIAN_POINT('',(0.025,-0.00300321337999776,0.00593394134193659));
#6256=CARTESIAN_POINT('',(0.025,-0.0018756213830784,0.00593394134193659));
#6257=CARTESIAN_POINT('',(0.025,-0.0018756213830784,0.0165235004387796));
#6258=CARTESIAN_POINT('',(0.025,0.00175228290027008,0.0228968448936939));
#6259=CARTESIAN_POINT('',(0.025,0.00263474602252245,0.0228968448936939));
#6260=CARTESIAN_POINT('',(0.025,0.0008698197780177,0.0228968448936939));
#6261=CARTESIAN_POINT('',(0.025,0.0008698197780177,0.0172098600305617));
#6262=CARTESIAN_POINT('',(0.025,0.0008698197780177,0.0115228751674294));
#6263=CARTESIAN_POINT('',(0.025,0.00175228290027008,0.0115228751674294));
#6264=CARTESIAN_POINT('',(0.025,0.00263474602252245,0.0115228751674294));
#6265=CARTESIAN_POINT('',(0.025,0.00263474602252245,0.0172098600305617));
#6266=CARTESIAN_POINT('',(0.025,0.00557629065588117,0.0260344929993153));
#6267=CARTESIAN_POINT('',(0.025,0.00645875418558717,0.0260344929993153));
#6268=CARTESIAN_POINT('',(0.025,0.00469382712617517,0.0260344929993153));
#6269=CARTESIAN_POINT('',(0.025,0.00469382712617517,0.0163273971993476));
#6270=CARTESIAN_POINT('',(0.025,0.00469382712617517,0.00662030139937997));
#6271=CARTESIAN_POINT('',(0.025,0.00557629065588117,0.00662030139937997));
#6272=CARTESIAN_POINT('',(0.025,0.00645875418558717,0.00662030139937997));
#6273=CARTESIAN_POINT('',(0.025,0.00645875418558717,0.0163273971993476));
#6274=CARTESIAN_POINT('',(0.025,0.0085178348235786,0.0195630956441164));
#6275=CARTESIAN_POINT('',(0.025,0.00920419488102198,0.0195630956441164));
#6276=CARTESIAN_POINT('',(0.025,0.00783147476613522,0.0195630956441164));
#6277=CARTESIAN_POINT('',(0.025,0.00783147476613522,0.0158861656673253));
#6278=CARTESIAN_POINT('',(0.025,0.00783147476613522,0.0122092356905341));
#6279=CARTESIAN_POINT('',(0.025,0.0085178348235786,0.0122092356905341));
#6280=CARTESIAN_POINT('',(0.025,0.00920419488102198,0.0122092356905341));
#6281=CARTESIAN_POINT('',(0.025,0.00920419488102198,0.0158861656673253));
#6282=CARTESIAN_POINT('',(0.025,0.0123418420553207,0.0161312939599157));
#6283=CARTESIAN_POINT('',(0.025,0.0123418420553207,0.00877743400633335));
#6284=CARTESIAN_POINT('',(0.025,0.0123418420553207,0.0234851539134979));
#6285=CARTESIAN_POINT('',(0.025,0.0115084042772651,0.0234851539134979));
#6286=CARTESIAN_POINT('',(0.025,0.0106749664992094,0.0234851539134979));
#6287=CARTESIAN_POINT('',(0.025,0.0106749664992094,0.0161312939599157));
#6288=CARTESIAN_POINT('',(0.025,0.0106749664992094,0.00877743400633335));
#6289=CARTESIAN_POINT('',(0.025,0.0115084042772651,0.00877743400633335));
#6290=CARTESIAN_POINT('',(0.025,-0.00776524236425757,0.0238915588706732));
#6291=CARTESIAN_POINT('',(0.025,-0.00673428224399686,0.0238915588706732));
#6292=CARTESIAN_POINT('',(0.025,-0.00879620248451829,0.0238915588706732));
#6293=CARTESIAN_POINT('',(0.025,-0.00879620248451829,0.0159370857290923));
#6294=CARTESIAN_POINT('',(0.025,-0.00879620248451829,0.00798261258751154));
#6295=CARTESIAN_POINT('',(0.025,-0.00776524236425757,0.00798261258751154));
#6296=CARTESIAN_POINT('',(0.025,-0.00673428224399686,0.00798261258751154));
#6297=CARTESIAN_POINT('',(0.025,-0.00673428224399686,0.0159370857290923));
#6298=CARTESIAN_POINT('',(0.025,-0.010605844669044,0.0154083925299346));
#6299=CARTESIAN_POINT('',(0.025,-0.010605844669044,0.00960635486990213));
#6300=CARTESIAN_POINT('',(0.025,-0.010605844669044,0.0212104301899671));
#6301=CARTESIAN_POINT('',(0.025,-0.0115341707132757,0.0212104301899671));
#6302=CARTESIAN_POINT('',(0.025,-0.0124624967575073,0.0212104301899671));
#6303=CARTESIAN_POINT('',(0.025,-0.0124624967575073,0.0154083925299346));
#6304=CARTESIAN_POINT('',(0.025,-0.0124624967575073,0.00960635486990213));
#6305=CARTESIAN_POINT('',(0.025,-0.0115341707132757,0.00960635486990213));
#6306=CARTESIAN_POINT('',(0.025,-0.0141644272953272,0.0151763116009534));
#6307=CARTESIAN_POINT('',(0.025,-0.0141644272953272,0.0119271697476506));
#6308=CARTESIAN_POINT('',(0.025,-0.0141644272953272,0.0184254534542561));
#6309=CARTESIAN_POINT('',(0.025,-0.0148993525654077,0.0184254534542561));
#6310=CARTESIAN_POINT('',(0.025,-0.0156342778354883,0.0184254534542561));
#6311=CARTESIAN_POINT('',(0.025,-0.0156342778354883,0.0151763116009534));
#6312=CARTESIAN_POINT('',(0.025,-0.0156342778354883,0.0119271697476506));
#6313=CARTESIAN_POINT('',(0.025,-0.0148993525654077,0.0119271697476506));
#6314=CARTESIAN_POINT('',(0.025,-0.0165626034140587,0.0144027059432119));
#6315=CARTESIAN_POINT('',(0.025,-0.0165626034140587,0.00635721301659942));
#6316=CARTESIAN_POINT('',(0.025,-0.0165626034140587,0.0224481988698244));
#6317=CARTESIAN_POINT('',(0.025,-0.017684331163764,0.0224481988698244));
#6318=CARTESIAN_POINT('',(0.025,-0.0188060589134693,0.0224481988698244));
#6319=CARTESIAN_POINT('',(0.025,-0.0188060589134693,0.0144027059432119));
#6320=CARTESIAN_POINT('',(0.025,-0.0188060589134693,0.00635721301659942));
#6321=CARTESIAN_POINT('',(0.025,-0.017684331163764,0.00635721301659942));
#6322=CARTESIAN_POINT('',(0.0331343273727371,-0.0567,-0.00121050706372206));
#6323=CARTESIAN_POINT('',(0.0328782647848129,-0.0567,-0.00163301033899188));
#6324=CARTESIAN_POINT('',(0.0328782647848129,-0.0567,-0.00163301033899188));
#6325=CARTESIAN_POINT('',(0.0333903899606612,-0.0567,-0.000788003788452335));
#6326=CARTESIAN_POINT('',(0.0333903899606612,-0.0567,-0.000788003788452335));
#6327=CARTESIAN_POINT('',(0.0331343273727371,-0.0567,-0.00121050706372206));
#6328=CARTESIAN_POINT('',(0.0332164383588506,-0.0567,-0.000394001894226166));
#6329=CARTESIAN_POINT('',(0.0330424867570401,-0.0567,-1.88651178012478E-17));
#6330=CARTESIAN_POINT('',(0.0330424867570401,-0.0567,-1.88651178012478E-17));
#6331=CARTESIAN_POINT('',(0.0332164383588506,-0.0567,-0.000394001894226166));
#6332=CARTESIAN_POINT('',(0.0343069906061531,-0.0567,0.00133594222563233));
#6333=CARTESIAN_POINT('',(0.0355714944552662,-0.0567,0.00267188445126468));
#6334=CARTESIAN_POINT('',(0.0355714944552662,-0.0567,0.00267188445126468));
#6335=CARTESIAN_POINT('',(0.0343069906061531,-0.0567,0.00133594222563233));
#6336=CARTESIAN_POINT('',(0.0400531513326612,-0.0567,0.00569131927761165));
#6337=CARTESIAN_POINT('',(0.0445348082100563,-0.0567,0.00871075410395861));
#6338=CARTESIAN_POINT('',(0.0445348082100563,-0.0567,0.00871075410395861));
#6339=CARTESIAN_POINT('',(0.0400531513326612,-0.0567,0.00569131927761165));
#6340=CARTESIAN_POINT('',(0.0445348082100563,-0.0567,0.00912091042846441));
#6341=CARTESIAN_POINT('',(0.0445348082100563,-0.0567,0.0106371936444418));
#6342=CARTESIAN_POINT('',(0.0445348082100563,-0.0567,0.0106371936444418));
#6343=CARTESIAN_POINT('',(0.0445348082100563,-0.0567,0.00912091042846441));
#6344=CARTESIAN_POINT('',(0.0441979869263973,-0.0567,0.0108747448334583));
#6345=CARTESIAN_POINT('',(0.0438611656427383,-0.0567,0.0111122960224748));
#6346=CARTESIAN_POINT('',(0.0438611656427383,-0.0567,0.0111122960224748));
#6347=CARTESIAN_POINT('',(0.0441979869263973,-0.0567,0.0108747448334583));
#6348=CARTESIAN_POINT('',(0.0430763941258192,-0.0567,0.0111122960224748));
#6349=CARTESIAN_POINT('',(0.0422916226089,-0.0567,0.0111122960224748));
#6350=CARTESIAN_POINT('',(0.0422916226089,-0.0567,0.0111122960224748));
#6351=CARTESIAN_POINT('',(0.0430763941258192,-0.0567,0.0111122960224748));
#6352=CARTESIAN_POINT('',(0.0388259757310152,-0.0567,0.00723586941603571));
#6353=CARTESIAN_POINT('',(0.0353603288531303,-0.0567,0.00335944280959666));
#6354=CARTESIAN_POINT('',(0.0353603288531303,-0.0567,0.00335944280959666));
#6355=CARTESIAN_POINT('',(0.0388259757310152,-0.0567,0.00723586941603571));
#6356=CARTESIAN_POINT('',(0.0340045280754566,-0.0567,0.00212565570836887));
#6357=CARTESIAN_POINT('',(0.0326487272977829,-0.0567,0.000891868607141079));
#6358=CARTESIAN_POINT('',(0.0326487272977829,-0.0567,0.000891868607141079));
#6359=CARTESIAN_POINT('',(0.0340045280754566,-0.0567,0.00212565570836887));
#6360=CARTESIAN_POINT('',(0.0321608046518163,-0.0567,0.00123598761125599));
#6361=CARTESIAN_POINT('',(0.0316728820058497,-0.0567,0.00158010661537091));
#6362=CARTESIAN_POINT('',(0.0316728820058497,-0.0567,0.00158010661537091));
#6363=CARTESIAN_POINT('',(0.0321608046518163,-0.0567,0.00123598761125599));
#6364=CARTESIAN_POINT('',(0.0311996294633941,-0.0567,0.00104949090597351));
#6365=CARTESIAN_POINT('',(0.0307263769209385,-0.0567,0.000518875196576118));
#6366=CARTESIAN_POINT('',(0.0307263769209385,-0.0567,0.000518875196576118));
#6367=CARTESIAN_POINT('',(0.0311996294633941,-0.0567,0.00104949090597351));
#6368=CARTESIAN_POINT('',(0.0309128742665052,-0.0567,-8.36526451166719E-5));
#6369=CARTESIAN_POINT('',(0.031099371612072,-0.0567,-0.000686180486809463));
#6370=CARTESIAN_POINT('',(0.031099371612072,-0.0567,-0.000686180486809463));
#6371=CARTESIAN_POINT('',(0.0309128742665052,-0.0567,-8.36526451166719E-5));
#6372=CARTESIAN_POINT('',(0.0312858689576387,-0.0567,-0.00105917427572422));
#6373=CARTESIAN_POINT('',(0.0314723663032055,-0.0567,-0.00143216806463897));
#6374=CARTESIAN_POINT('',(0.0314723663032055,-0.0567,-0.00143216806463897));
#6375=CARTESIAN_POINT('',(0.0312858689576387,-0.0567,-0.00105917427572422));
#6376=CARTESIAN_POINT('',(0.0321753155440092,-0.0567,-0.00153258920181543));
#6377=CARTESIAN_POINT('',(0.0321753155440092,-0.0567,-0.00153258920181543));
#6378=CARTESIAN_POINT('',(0.0376305925654974,-0.0567,0.00473964284174144));
#6379=CARTESIAN_POINT('',(0.023634867908792,0.0368,0.00689608313117181));
#6380=CARTESIAN_POINT('',(0.0216461339926657,0.0368,0.0162399396155403));
#6381=CARTESIAN_POINT('',(0.0216461339926657,0.0368,0.0162399396155403));
#6382=CARTESIAN_POINT('',(0.023634867908792,0.0368,0.00689608313117181));
#6383=CARTESIAN_POINT('',(0.0256236018249183,0.0368,-0.00244777335319668));
#6384=CARTESIAN_POINT('',(0.0256236018249183,0.0368,-0.00244777335319668));
#6385=CARTESIAN_POINT('',(0.0268505959153723,0.0368,-0.00244777335319668));
#6386=CARTESIAN_POINT('',(0.0268505959153723,0.0368,-0.00244777335319668));
#6387=CARTESIAN_POINT('',(0.0280775900058264,0.0368,-0.00244777335319669));
#6388=CARTESIAN_POINT('',(0.0280775900058264,0.0368,-0.00244777335319669));
#6389=CARTESIAN_POINT('',(0.0261025400386643,0.0368,0.00689608313117181));
#6390=CARTESIAN_POINT('',(0.0261025400386643,0.0368,0.00689608313117181));
#6391=CARTESIAN_POINT('',(0.0241274900715022,0.0368,0.0162399396155403));
#6392=CARTESIAN_POINT('',(0.0241274900715022,0.0368,0.0162399396155403));
#6393=CARTESIAN_POINT('',(0.0270216452774245,0.0368,0.0162399396155403));
#6394=CARTESIAN_POINT('',(0.0270216452774245,0.0368,0.0162399396155403));
#6395=CARTESIAN_POINT('',(0.0299158004833468,0.0368,0.0162399396155403));
#6396=CARTESIAN_POINT('',(0.0299158004833468,0.0368,0.0162399396155403));
#6397=CARTESIAN_POINT('',(0.0296808926927952,0.0368,0.0173164102673885));
#6398=CARTESIAN_POINT('',(0.0296808926927952,0.0368,0.0173164102673885));
#6399=CARTESIAN_POINT('',(0.0294459849022435,0.0368,0.0183928809192366));
#6400=CARTESIAN_POINT('',(0.0294459849022435,0.0368,0.0183928809192366));
#6401=CARTESIAN_POINT('',(0.0224238384254629,0.0368,0.0183928809192366));
#6402=CARTESIAN_POINT('',(0.0224238384254629,0.0368,0.0183928809192366));
#6403=CARTESIAN_POINT('',(0.0154016919486822,0.0368,0.0183928809192366));
#6404=CARTESIAN_POINT('',(0.0154016919486822,0.0368,0.0183928809192366));
#6405=CARTESIAN_POINT('',(0.0156160738157875,0.0368,0.0173164102673885));
#6406=CARTESIAN_POINT('',(0.0156160738157875,0.0368,0.0173164102673885));
#6407=CARTESIAN_POINT('',(0.0158304556828929,0.0368,0.0162399396155403));
#6408=CARTESIAN_POINT('',(0.0158304556828929,0.0368,0.0162399396155403));
#6409=CARTESIAN_POINT('',(0.0187382948377793,0.0368,0.0162399396155403));
#6410=CARTESIAN_POINT('',(0.0187382948377793,0.0368,0.0162399396155403));
#6411=CARTESIAN_POINT('',(-0.00544352364007258,0.0368,0.00797711509934137));
#6412=CARTESIAN_POINT('',(-0.000820629548343277,0.0368,0.0183928809192366));
#6413=CARTESIAN_POINT('',(0.000390399934985908,0.0368,0.0183928809192366));
#6414=CARTESIAN_POINT('',(0.000390399934985908,0.0368,0.0183928809192366));
#6415=CARTESIAN_POINT('',(-0.000820629548343277,0.0368,0.0183928809192366));
#6416=CARTESIAN_POINT('',(-0.00203165903167246,0.0368,0.0183928809192366));
#6417=CARTESIAN_POINT('',(-0.00203165903167246,0.0368,0.0183928809192366));
#6418=CARTESIAN_POINT('',(-0.000569757150666802,0.0368,0.0115075739320976));
#6419=CARTESIAN_POINT('',(-0.000569757150666802,0.0368,0.0115075739320976));
#6420=CARTESIAN_POINT('',(0.000892144730338863,0.0368,0.00462226694495863));
#6421=CARTESIAN_POINT('',(0.000892144730338863,0.0368,0.00462226694495863));
#6422=CARTESIAN_POINT('',(0.000892144730338863,0.0368,0.00462226694495863));
#6423=CARTESIAN_POINT('',(0.000892144730338863,0.0365907959640026,0.00462226694495863));
#6424=CARTESIAN_POINT('',(0.00141517566852498,0.0368,0.00212266560083662));
#6425=CARTESIAN_POINT('',(0.00141517566852498,0.0365907959640026,0.00212266560083662));
#6426=CARTESIAN_POINT('',(0.00235328639195763,0.0368,0.000271531393738971));
#6427=CARTESIAN_POINT('',(0.00235328639195763,0.0365907959640026,0.000271531393738971));
#6428=CARTESIAN_POINT('',(0.00370647690063682,0.0368,-0.000931135676334331));
#6429=CARTESIAN_POINT('',(0.00370647690063682,0.0365907959640026,-0.000931135676334331));
#6430=CARTESIAN_POINT('',(0.000892144730338863,0.0368,0.00462226694495863));
#6431=CARTESIAN_POINT('',(0.00167669113761803,0.0368,0.000872864928775622));
#6432=CARTESIAN_POINT('',(0.00370647690063682,0.0368,-0.000931135676334331));
#6433=CARTESIAN_POINT('',(0.00370647690063682,0.0368,-0.000931135676334331));
#6434=CARTESIAN_POINT('',(0.00370647690063682,0.0368,-0.000931135676334331));
#6435=CARTESIAN_POINT('',(0.00370647690063682,0.0368,-0.000931135676334331));
#6436=CARTESIAN_POINT('',(0.00370647690063682,0.0365907959640026,-0.000931135676334331));
#6437=CARTESIAN_POINT('',(0.00505966740931601,0.0368,-0.00213380274640763));
#6438=CARTESIAN_POINT('',(0.00505966740931601,0.0365907959640026,-0.00213380274640763));
#6439=CARTESIAN_POINT('',(0.00690548008070537,0.0368,-0.00273513628144428));
#6440=CARTESIAN_POINT('',(0.00690548008070537,0.0365907959640026,-0.00273513628144428));
#6441=CARTESIAN_POINT('',(0.00924391491480491,0.0368,-0.00273513628144428));
#6442=CARTESIAN_POINT('',(0.00924391491480491,0.0365907959640026,-0.00273513628144428));
#6443=CARTESIAN_POINT('',(0.00370647690063682,0.0368,-0.000931135676334331));
#6444=CARTESIAN_POINT('',(0.0057362626636556,0.0368,-0.00273513628144428));
#6445=CARTESIAN_POINT('',(0.00924391491480491,0.0368,-0.00273513628144428));
#6446=CARTESIAN_POINT('',(0.00924391491480491,0.0368,-0.00273513628144428));
#6447=CARTESIAN_POINT('',(0.00924391491480491,0.0368,-0.00273513628144428));
#6448=CARTESIAN_POINT('',(0.00924391491480491,0.0368,-0.00273513628144428));
#6449=CARTESIAN_POINT('',(0.00924391491480491,0.0365907959640026,-0.00273513628144428));
#6450=CARTESIAN_POINT('',(0.0114303058715248,0.0368,-0.00273513628144428));
#6451=CARTESIAN_POINT('',(0.0114303058715248,0.0365907959640026,-0.00273513628144428));
#6452=CARTESIAN_POINT('',(0.0130503333850053,0.0368,-0.00224023346057341));
#6453=CARTESIAN_POINT('',(0.0130503333850053,0.0365907959640026,-0.00224023346057341));
#6454=CARTESIAN_POINT('',(0.0141039974552465,0.0368,-0.00125042781883167));
#6455=CARTESIAN_POINT('',(0.0141039974552465,0.0365907959640026,-0.00125042781883167));
#6456=CARTESIAN_POINT('',(0.00924391491480491,0.0368,-0.00273513628144428));
#6457=CARTESIAN_POINT('',(0.0125235013498847,0.0368,-0.00273513628144428));
#6458=CARTESIAN_POINT('',(0.0141039974552465,0.0368,-0.00125042781883167));
#6459=CARTESIAN_POINT('',(0.0141039974552465,0.0368,-0.00125042781883167));
#6460=CARTESIAN_POINT('',(0.0141039974552465,0.0368,-0.00125042781883167));
#6461=CARTESIAN_POINT('',(0.0141039974552465,0.0368,-0.00125042781883167));
#6462=CARTESIAN_POINT('',(0.0141039974552465,0.0365907959640026,-0.00125042781883167));
#6463=CARTESIAN_POINT('',(0.0151576615254877,0.0368,-0.000260622177089924));
#6464=CARTESIAN_POINT('',(0.0151576615254877,0.0365907959640026,-0.000260622177089924));
#6465=CARTESIAN_POINT('',(0.0156844935606083,0.0368,0.00116022785702323));
#6466=CARTESIAN_POINT('',(0.0156844935606083,0.0365907959640026,0.00116022785702323));
#6467=CARTESIAN_POINT('',(0.0156844935606083,0.0368,0.00301212228350778));
#6468=CARTESIAN_POINT('',(0.0156844935606083,0.0365907959640026,0.00301212228350778));
#6469=CARTESIAN_POINT('',(0.0141039974552465,0.0368,-0.00125042781883167));
#6470=CARTESIAN_POINT('',(0.0156844935606083,0.0368,0.000234280643780948));
#6471=CARTESIAN_POINT('',(0.0156844935606083,0.0368,0.00301212228350778));
#6472=CARTESIAN_POINT('',(0.0156844935606083,0.0368,0.00301212228350778));
#6473=CARTESIAN_POINT('',(0.0156844935606083,0.0368,0.00301212228350778));
#6474=CARTESIAN_POINT('',(0.0156844935606083,0.0368,0.00301212228350778));
#6475=CARTESIAN_POINT('',(0.0156844935606083,0.0365907959640026,0.00301212228350778));
#6476=CARTESIAN_POINT('',(0.0156844935606083,0.0368,0.00378146430304898));
#6477=CARTESIAN_POINT('',(0.0156844935606083,0.0365907959640026,0.00378146430304898));
#6478=CARTESIAN_POINT('',(0.0155704606525736,0.0368,0.0047362998529934));
#6479=CARTESIAN_POINT('',(0.0155704606525736,0.0365907959640026,0.0047362998529934));
#6480=CARTESIAN_POINT('',(0.0153423948365041,0.0368,0.00587662893334103));
#6481=CARTESIAN_POINT('',(0.0153423948365041,0.0365907959640026,0.00587662893334103));
#6482=CARTESIAN_POINT('',(0.0156844935606083,0.0368,0.00301212228350778));
#6483=CARTESIAN_POINT('',(0.0156844935606083,0.0368,0.00416613531281958));
#6484=CARTESIAN_POINT('',(0.0153423948365041,0.0368,0.00587662893334103));
#6485=CARTESIAN_POINT('',(0.0153423948365041,0.0368,0.00587662893334102));
#6486=CARTESIAN_POINT('',(0.0153423948365041,0.0368,0.00587662893334102));
#6487=CARTESIAN_POINT('',(0.0139968065216938,0.0368,0.0121347549262888));
#6488=CARTESIAN_POINT('',(0.0139968065216938,0.0368,0.0121347549262888));
#6489=CARTESIAN_POINT('',(0.0126512182068836,0.0368,0.0183928809192366));
#6490=CARTESIAN_POINT('',(0.0126512182068836,0.0368,0.0183928809192366));
#6491=CARTESIAN_POINT('',(0.0114401887235544,0.0368,0.0183928809192366));
#6492=CARTESIAN_POINT('',(0.0114401887235544,0.0368,0.0183928809192366));
#6493=CARTESIAN_POINT('',(0.0102291592402253,0.0368,0.0183928809192366));
#6494=CARTESIAN_POINT('',(0.0102291592402253,0.0368,0.0183928809192366));
#6495=CARTESIAN_POINT('',(0.0115884315039996,0.0368,0.0120412479417003));
#6496=CARTESIAN_POINT('',(0.0115884315039996,0.0368,0.0120412479417003));
#6497=CARTESIAN_POINT('',(0.012947703767774,0.0368,0.00568961496416402));
#6498=CARTESIAN_POINT('',(0.012947703767774,0.0368,0.00568961496416402));
#6499=CARTESIAN_POINT('',(0.012947703767774,0.0368,0.00568961496416402));
#6500=CARTESIAN_POINT('',(0.012947703767774,0.0365907959640026,0.00568961496416402));
#6501=CARTESIAN_POINT('',(0.013157524318558,0.0368,0.00468308449591051));
#6502=CARTESIAN_POINT('',(0.013157524318558,0.0365907959640026,0.00468308449591051));
#6503=CARTESIAN_POINT('',(0.01326243459395,0.0368,0.00379058693569176));
#6504=CARTESIAN_POINT('',(0.01326243459395,0.0365907959640026,0.00379058693569176));
#6505=CARTESIAN_POINT('',(0.01326243459395,0.0368,0.00301212228350778));
#6506=CARTESIAN_POINT('',(0.01326243459395,0.0365907959640026,0.00301212228350778));
#6507=CARTESIAN_POINT('',(0.012947703767774,0.0368,0.00568961496416402));
#6508=CARTESIAN_POINT('',(0.01326243459395,0.0368,0.00417981926178375));
#6509=CARTESIAN_POINT('',(0.01326243459395,0.0368,0.00301212228350778));
#6510=CARTESIAN_POINT('',(0.01326243459395,0.0368,0.00301212228350778));
#6511=CARTESIAN_POINT('',(0.01326243459395,0.0368,0.00301212228350778));
#6512=CARTESIAN_POINT('',(0.01326243459395,0.0368,0.00301212228350778));
#6513=CARTESIAN_POINT('',(0.01326243459395,0.0365907959640026,0.00301212228350778));
#6514=CARTESIAN_POINT('',(0.01326243459395,0.0368,0.00189916110108849));
#6515=CARTESIAN_POINT('',(0.01326243459395,0.0365907959640026,0.00189916110108849));
#6516=CARTESIAN_POINT('',(0.0129157745535243,0.0368,0.00102186792860771));
#6517=CARTESIAN_POINT('',(0.0129157745535243,0.0365907959640026,0.00102186792860771));
#6518=CARTESIAN_POINT('',(0.0122224544726729,0.0368,0.000380242766065445));
#6519=CARTESIAN_POINT('',(0.0122224544726729,0.0365907959640026,0.000380242766065445));
#6520=CARTESIAN_POINT('',(0.01326243459395,0.0368,0.00301212228350778));
#6521=CARTESIAN_POINT('',(0.01326243459395,0.0368,0.00134268050987885));
#6522=CARTESIAN_POINT('',(0.0122224544726729,0.0368,0.000380242766065445));
#6523=CARTESIAN_POINT('',(0.0122224544726729,0.0368,0.000380242766065445));
#6524=CARTESIAN_POINT('',(0.0122224544726729,0.0368,0.000380242766065445));
#6525=CARTESIAN_POINT('',(0.0122224544726729,0.0368,0.000380242766065445));
#6526=CARTESIAN_POINT('',(0.0122224544726729,0.0365907959640026,0.000380242766065445));
#6527=CARTESIAN_POINT('',(0.0115291343918216,0.0368,-0.000261382396476822));
#6528=CARTESIAN_POINT('',(0.0115291343918216,0.0365907959640026,-0.000261382396476822));
#6529=CARTESIAN_POINT('',(0.0104937155868659,0.0368,-0.000582194977747956));
#6530=CARTESIAN_POINT('',(0.0104937155868659,0.0365907959640026,-0.000582194977747956));
#6531=CARTESIAN_POINT('',(0.00911619805780598,0.0368,-0.000582194977747956));
#6532=CARTESIAN_POINT('',(0.00911619805780598,0.0365907959640026,-0.000582194977747956));
#6533=CARTESIAN_POINT('',(0.0122224544726729,0.0368,0.000380242766065445));
#6534=CARTESIAN_POINT('',(0.0111824743513959,0.0368,-0.000582194977747956));
#6535=CARTESIAN_POINT('',(0.00911619805780598,0.0368,-0.000582194977747956));
#6536=CARTESIAN_POINT('',(0.00911619805780598,0.0368,-0.000582194977747956));
#6537=CARTESIAN_POINT('',(0.00911619805780598,0.0368,-0.000582194977747956));
#6538=CARTESIAN_POINT('',(0.00911619805780598,0.0368,-0.000582194977747956));
#6539=CARTESIAN_POINT('',(0.00911619805780598,0.0365907959640026,-0.000582194977747956));
#6540=CARTESIAN_POINT('',(0.00748020593720058,0.0368,-0.000582194977747956));
#6541=CARTESIAN_POINT('',(0.00748020593720058,0.0365907959640026,-0.000582194977747956));
#6542=CARTESIAN_POINT('',(0.00620835890291952,0.0368,-0.00016635497311452));
#6543=CARTESIAN_POINT('',(0.00620835890291952,0.0365907959640026,-0.00016635497311452));
#6544=CARTESIAN_POINT('',(0.0053006569549628,0.0368,0.000665325036152353));
#6545=CARTESIAN_POINT('',(0.0053006569549628,0.0365907959640026,0.000665325036152353));
#6546=CARTESIAN_POINT('',(0.00911619805780598,0.0368,-0.000582194977747956));
#6547=CARTESIAN_POINT('',(0.00666220987689788,0.0368,-0.000582194977747956));
#6548=CARTESIAN_POINT('',(0.0053006569549628,0.0368,0.000665325036152353));
#6549=CARTESIAN_POINT('',(0.0053006569549628,0.0368,0.000665325036152353));
#6550=CARTESIAN_POINT('',(0.0053006569549628,0.0368,0.000665325036152353));
#6551=CARTESIAN_POINT('',(0.0053006569549628,0.0368,0.000665325036152353));
#6552=CARTESIAN_POINT('',(0.0053006569549628,0.0365907959640026,0.000665325036152353));
#6553=CARTESIAN_POINT('',(0.00439295500700609,0.0368,0.00149700504541922));
#6554=CARTESIAN_POINT('',(0.00439295500700609,0.0365907959640026,0.00149700504541922));
#6555=CARTESIAN_POINT('',(0.00373080392101757,0.0368,0.00287376235509226));
#6556=CARTESIAN_POINT('',(0.00373080392101757,0.0365907959640026,0.00287376235509226));
#6557=CARTESIAN_POINT('',(0.00331420369699723,0.0368,0.00479559696517147));
#6558=CARTESIAN_POINT('',(0.00331420369699723,0.0365907959640026,0.00479559696517147));
#6559=CARTESIAN_POINT('',(0.0053006569549628,0.0368,0.000665325036152353));
#6560=CARTESIAN_POINT('',(0.00393910403302773,0.0368,0.00191284505005266));
#6561=CARTESIAN_POINT('',(0.00331420369699723,0.0368,0.00479559696517147));
#6562=CARTESIAN_POINT('',(0.00331420369699723,0.0368,0.00479559696517147));
#6563=CARTESIAN_POINT('',(0.00331420369699723,0.0368,0.00479559696517147));
#6564=CARTESIAN_POINT('',(0.00185230181599157,0.0368,0.011594238942204));
#6565=CARTESIAN_POINT('',(0.00185230181599157,0.0368,0.011594238942204));
#6566=CARTESIAN_POINT('',(-0.00544352364007258,0.0368,0.00797711509934137));
#6567=CARTESIAN_POINT('',(-0.0201400848275929,0.0368,0.00797255378301998));
#6568=CARTESIAN_POINT('',(-0.0223432006108245,0.0368,0.0183928809192366));
#6569=CARTESIAN_POINT('',(-0.0223432006108245,0.0368,0.0183928809192366));
#6570=CARTESIAN_POINT('',(-0.0201400848275929,0.0368,0.00797255378301998));
#6571=CARTESIAN_POINT('',(-0.0179369690443612,0.0368,-0.0024477733531967));
#6572=CARTESIAN_POINT('',(-0.0179369690443612,0.0368,-0.0024477733531967));
#6573=CARTESIAN_POINT('',(-0.0166483971835684,0.0368,-0.00244777335319668));
#6574=CARTESIAN_POINT('',(-0.0166483971835684,0.0368,-0.00244777335319668));
#6575=CARTESIAN_POINT('',(-0.0153598253227756,0.0368,-0.00244777335319669));
#6576=CARTESIAN_POINT('',(-0.0153598253227756,0.0368,-0.00244777335319669));
#6577=CARTESIAN_POINT('',(-0.0120802388876958,0.0368,0.00626890213698061));
#6578=CARTESIAN_POINT('',(-0.0120802388876958,0.0368,0.00626890213698061));
#6579=CARTESIAN_POINT('',(-0.00880065245261601,0.0368,0.0149855776271579));
#6580=CARTESIAN_POINT('',(-0.00880065245261601,0.0368,0.0149855776271579));
#6581=CARTESIAN_POINT('',(-0.00875960060572349,0.0368,0.0149855776271579));
#6582=CARTESIAN_POINT('',(-0.00875960060572349,0.0368,0.0149855776271579));
#6583=CARTESIAN_POINT('',(-0.00871765252836991,0.0368,0.0149855776271579));
#6584=CARTESIAN_POINT('',(-0.0087176525283699,0.0368,0.0149855776271579));
#6585=CARTESIAN_POINT('',(0.0800228251128672,0.0368000000000014,0.0276500145260779));
#6586=CARTESIAN_POINT('',(0.0800228251128672,0.0368,0.0276500145260779));
#6587=CARTESIAN_POINT('',(-0.00766077336689676,0.0368,0.00902840294480134));
#6588=CARTESIAN_POINT('',(-0.00766032337226837,0.0368,0.00902849851142188));
#6589=CARTESIAN_POINT('',(-0.00643560993997502,0.0368,0.0032903625791126));
#6590=CARTESIAN_POINT('',(-0.00643560993997502,0.0368,0.0032903625791126));
#6591=CARTESIAN_POINT('',(-0.00521089650768166,0.0368,-0.00244777335319668));
#6592=CARTESIAN_POINT('',(-0.00521089650768166,0.0368,-0.00244777335319668));
#6593=CARTESIAN_POINT('',(-0.00405688347836986,0.0368,-0.00244777335319668));
#6594=CARTESIAN_POINT('',(-0.00405688347836986,0.0368,-0.00244777335319668));
#6595=CARTESIAN_POINT('',(-0.00290287044905805,0.0368,-0.00244777335319669));
#6596=CARTESIAN_POINT('',(-0.00290287044905805,0.0368,-0.00244777335319669));
#6597=CARTESIAN_POINT('',(-0.00510370557412898,0.0368,0.00797255378301998));
#6598=CARTESIAN_POINT('',(-0.00510370557412898,0.0368,0.00797255378301998));
#6599=CARTESIAN_POINT('',(-0.00730454069919991,0.0368,0.0183928809192366));
#6600=CARTESIAN_POINT('',(-0.00730454069919991,0.0368,0.0183928809192366));
#6601=CARTESIAN_POINT('',(-0.00858855124367134,0.0368,0.0183928809192366));
#6602=CARTESIAN_POINT('',(-0.00858855124367134,0.0368,0.0183928809192366));
#6603=CARTESIAN_POINT('',(-0.00987256178814278,0.0368,0.0183928809192366));
#6604=CARTESIAN_POINT('',(-0.00987256178814278,0.0368,0.0183928809192366));
#6605=CARTESIAN_POINT('',(-0.0131430255905798,0.0368,0.00969673135250559));
#6606=CARTESIAN_POINT('',(-0.0131430255905798,0.0368,0.00969673135250559));
#6607=CARTESIAN_POINT('',(-0.0164134893930168,0.0368,0.00100058178577456));
#6608=CARTESIAN_POINT('',(-0.0164134893930168,0.0368,0.00100058178577456));
#6609=CARTESIAN_POINT('',(-0.01645682189807,0.0368,0.00100058178577456));
#6610=CARTESIAN_POINT('',(-0.01645682189807,0.0368,0.00100058178577456));
#6611=CARTESIAN_POINT('',(-0.0165001544031232,0.0368,0.00100058178577456));
#6612=CARTESIAN_POINT('',(-0.0165001544031232,0.0368,0.00100058178577456));
#6613=CARTESIAN_POINT('',(-0.0165001544031232,0.0368,0.00100058178577456));
#6614=CARTESIAN_POINT('',(-0.0165001544031232,0.0365907959640026,0.00100058178577456));
#6615=CARTESIAN_POINT('',(-0.016785996892597,0.0368,0.00312919606909014));
#6616=CARTESIAN_POINT('',(-0.016785996892597,0.0365907959640026,0.00312919606909014));
#6617=CARTESIAN_POINT('',(-0.0171280956167013,0.0368,0.00505407155671694));
#6618=CARTESIAN_POINT('',(-0.0171280956167013,0.0365907959640026,0.00505407155671694));
#6619=CARTESIAN_POINT('',(-0.0175264505754361,0.0368,0.00677520824865496));
#6620=CARTESIAN_POINT('',(-0.0175264505754361,0.0365907959640026,0.00677520824865496));
#6621=CARTESIAN_POINT('',(-0.0165001544031232,0.0368,0.00100058178577456));
#6622=CARTESIAN_POINT('',(-0.0169289181373339,0.0368,0.00419350321074793));
#6623=CARTESIAN_POINT('',(-0.0175264505754361,0.0368,0.00677520824865496));
#6624=CARTESIAN_POINT('',(-0.0175264505754361,0.0368,0.00677520824865497));
#6625=CARTESIAN_POINT('',(-0.0175264505754361,0.0368,0.00677520824865497));
#6626=CARTESIAN_POINT('',(-0.0187671286148543,0.0368,0.0125840445839458));
#6627=CARTESIAN_POINT('',(-0.0187671286148543,0.0368,0.0125840445839458));
#6628=CARTESIAN_POINT('',(-0.0200078066542726,0.0368,0.0183928809192366));
#6629=CARTESIAN_POINT('',(-0.0200078066542726,0.0368,0.0183928809192366));
#6630=CARTESIAN_POINT('',(-0.0211755036325485,0.0368,0.0183928809192366));
#6631=CARTESIAN_POINT('',(-0.0211755036325485,0.0368,0.0183928809192366));
#6632=CARTESIAN_POINT('',(-0.00544352364007258,0.0368,0.00797711509934137));
#6633=CARTESIAN_POINT('',(-0.0336712296949978,0.0368,0.00738870529388198));
#6634=CARTESIAN_POINT('',(-0.0334363219044463,0.0368,0.00630539266755173));
#6635=CARTESIAN_POINT('',(-0.0334363219044463,0.0368,0.00630539266755173));
#6636=CARTESIAN_POINT('',(-0.0336712296949978,0.0368,0.00738870529388198));
#6637=CARTESIAN_POINT('',(-0.0339061374855495,0.0368,0.00847201792021224));
#6638=CARTESIAN_POINT('',(-0.0339061374855495,0.0368,0.00847201792021224));
#6639=CARTESIAN_POINT('',(-0.0371766012879865,0.0368,0.00847201792021224));
#6640=CARTESIAN_POINT('',(-0.0371766012879865,0.0368,0.00847201792021224));
#6641=CARTESIAN_POINT('',(-0.0404470650904235,0.0368,0.00847201792021224));
#6642=CARTESIAN_POINT('',(-0.0404470650904235,0.0368,0.00847201792021224));
#6643=CARTESIAN_POINT('',(-0.0393500685151291,0.0368,0.00340439548714736));
#6644=CARTESIAN_POINT('',(-0.0393500685151291,0.0368,0.00340439548714736));
#6645=CARTESIAN_POINT('',(-0.0382530719398346,0.0368,-0.00166322694591751));
#6646=CARTESIAN_POINT('',(-0.0382530719398346,0.0368,-0.00166322694591751));
#6647=CARTESIAN_POINT('',(-0.0382530719398346,0.0368,-0.00166322694591751));
#6648=CARTESIAN_POINT('',(-0.0382530719398346,0.0365907959640026,-0.00166322694591751));
#6649=CARTESIAN_POINT('',(-0.0362004795952089,0.0368,-0.00237783316960203));
#6650=CARTESIAN_POINT('',(-0.0362004795952089,0.0365907959640026,-0.00237783316960203));
#6651=CARTESIAN_POINT('',(-0.034208704801535,0.0368,-0.00273513628144428));
#6652=CARTESIAN_POINT('',(-0.034208704801535,0.0365907959640026,-0.00273513628144428));
#6653=CARTESIAN_POINT('',(-0.0322777475588131,0.0368,-0.00273513628144428));
#6654=CARTESIAN_POINT('',(-0.0322777475588131,0.0365907959640026,-0.00273513628144428));
#6655=CARTESIAN_POINT('',(-0.0382530719398346,0.0368,-0.00166322694591751));
#6656=CARTESIAN_POINT('',(-0.035174183422896,0.0368,-0.00273513628144428));
#6657=CARTESIAN_POINT('',(-0.0322777475588131,0.0368,-0.00273513628144428));
#6658=CARTESIAN_POINT('',(-0.0322777475588131,0.0368,-0.00273513628144428));
#6659=CARTESIAN_POINT('',(-0.0322777475588131,0.0368,-0.00273513628144428));
#6660=CARTESIAN_POINT('',(-0.0322777475588131,0.0368,-0.00273513628144428));
#6661=CARTESIAN_POINT('',(-0.0322777475588131,0.0365907959640026,-0.00273513628144428));
#6662=CARTESIAN_POINT('',(-0.0297690235820483,0.0368,-0.00273513628144428));
#6663=CARTESIAN_POINT('',(-0.0297690235820483,0.0365907959640026,-0.00273513628144428));
#6664=CARTESIAN_POINT('',(-0.0278190608546538,0.0368,-0.00204789795568811));
#6665=CARTESIAN_POINT('',(-0.0278190608546538,0.0365907959640026,-0.00204789795568811));
#6666=CARTESIAN_POINT('',(-0.0264278593766297,0.0368,-0.000673421304175766));
#6667=CARTESIAN_POINT('',(-0.0264278593766297,0.0365907959640026,-0.000673421304175766));
#6668=CARTESIAN_POINT('',(-0.0322777475588131,0.0368,-0.00273513628144428));
#6669=CARTESIAN_POINT('',(-0.0285146615936658,0.0368,-0.00273513628144428));
#6670=CARTESIAN_POINT('',(-0.0264278593766297,0.0368,-0.000673421304175766));
#6671=CARTESIAN_POINT('',(-0.0264278593766297,0.0368,-0.000673421304175766));
#6672=CARTESIAN_POINT('',(-0.0264278593766297,0.0368,-0.000673421304175766));
#6673=CARTESIAN_POINT('',(-0.0264278593766297,0.0368,-0.000673421304175766));
#6674=CARTESIAN_POINT('',(-0.0264278593766297,0.0365907959640026,-0.000673421304175766));
#6675=CARTESIAN_POINT('',(-0.0250366578986056,0.0368,0.000701055347336578));
#6676=CARTESIAN_POINT('',(-0.0250366578986056,0.0365907959640026,0.000701055347336578));
#6677=CARTESIAN_POINT('',(-0.0243410571595935,0.0368,0.0026183286410944));
#6678=CARTESIAN_POINT('',(-0.0243410571595935,0.0365907959640026,0.0026183286410944));
#6679=CARTESIAN_POINT('',(-0.0243410571595935,0.0368,0.00507839857709769));
#6680=CARTESIAN_POINT('',(-0.0243410571595935,0.0365907959640026,0.00507839857709769));
#6681=CARTESIAN_POINT('',(-0.0264278593766297,0.0368,-0.000673421304175766));
#6682=CARTESIAN_POINT('',(-0.0243410571595935,0.0368,0.00138829367309275));
#6683=CARTESIAN_POINT('',(-0.0243410571595935,0.0368,0.00507839857709769));
#6684=CARTESIAN_POINT('',(-0.0243410571595935,0.0368,0.00507839857709769));
#6685=CARTESIAN_POINT('',(-0.0243410571595935,0.0368,0.00507839857709769));
#6686=CARTESIAN_POINT('',(-0.0243410571595935,0.0368,0.00507839857709769));
#6687=CARTESIAN_POINT('',(-0.0243410571595935,0.0365907959640026,0.00507839857709769));
#6688=CARTESIAN_POINT('',(-0.0243410571595935,0.0368,0.00763577659462398));
#6689=CARTESIAN_POINT('',(-0.0243410571595935,0.0365907959640026,0.00763577659462398));
#6690=CARTESIAN_POINT('',(-0.0248230362508871,0.0368,0.00996204791853315));
#6691=CARTESIAN_POINT('',(-0.0248230362508871,0.0365907959640026,0.00996204791853315));
#6692=CARTESIAN_POINT('',(-0.0257869944334743,0.0368,0.0120572125488252));
#6693=CARTESIAN_POINT('',(-0.0257869944334743,0.0365907959640026,0.0120572125488252));
#6694=CARTESIAN_POINT('',(-0.0243410571595935,0.0368,0.00507839857709769));
#6695=CARTESIAN_POINT('',(-0.0243410571595935,0.0368,0.00891446560338712));
#6696=CARTESIAN_POINT('',(-0.0257869944334743,0.0368,0.0120572125488252));
#6697=CARTESIAN_POINT('',(-0.0257869944334743,0.0368,0.0120572125488252));
#6698=CARTESIAN_POINT('',(-0.0257869944334743,0.0368,0.0120572125488252));
#6699=CARTESIAN_POINT('',(-0.0257869944334743,0.0368,0.0120572125488252));
#6700=CARTESIAN_POINT('',(-0.0257869944334743,0.0365907959640026,0.0120572125488252));
#6701=CARTESIAN_POINT('',(-0.0267509526160615,0.0368,0.0141523771791172));
#6702=CARTESIAN_POINT('',(-0.0267509526160615,0.0365907959640026,0.0141523771791172));
#6703=CARTESIAN_POINT('',(-0.0280881785176158,0.0368,0.0157815273252405));
#6704=CARTESIAN_POINT('',(-0.0280881785176158,0.0365907959640026,0.0157815273252405));
#6705=CARTESIAN_POINT('',(-0.0297986721381373,0.0368,0.0169446629871952));
#6706=CARTESIAN_POINT('',(-0.0297986721381373,0.0365907959640026,0.0169446629871952));
#6707=CARTESIAN_POINT('',(-0.0257869944334743,0.0368,0.0120572125488252));
#6708=CARTESIAN_POINT('',(-0.0272329317073551,0.0368,0.0151999594942632));
#6709=CARTESIAN_POINT('',(-0.0297986721381373,0.0368,0.0169446629871952));
#6710=CARTESIAN_POINT('',(-0.0297986721381373,0.0368,0.0169446629871952));
#6711=CARTESIAN_POINT('',(-0.0297986721381373,0.0368,0.0169446629871952));
#6712=CARTESIAN_POINT('',(-0.0297986721381373,0.0368,0.0169446629871952));
#6713=CARTESIAN_POINT('',(-0.0297986721381373,0.0365907959640026,0.0169446629871952));
#6714=CARTESIAN_POINT('',(-0.0315091657586587,0.0368,0.0181077986491497));
#6715=CARTESIAN_POINT('',(-0.0315091657586587,0.0365907959640026,0.0181077986491497));
#6716=CARTESIAN_POINT('',(-0.0334059131289703,0.0368,0.018689366480127));
#6717=CARTESIAN_POINT('',(-0.0334059131289703,0.0365907959640026,0.018689366480127));
#6718=CARTESIAN_POINT('',(-0.0354889142490719,0.0368,0.018689366480127));
#6719=CARTESIAN_POINT('',(-0.0354889142490719,0.0365907959640026,0.018689366480127));
#6720=CARTESIAN_POINT('',(-0.0297986721381373,0.0368,0.0169446629871952));
#6721=CARTESIAN_POINT('',(-0.0323644125689194,0.0368,0.018689366480127));
#6722=CARTESIAN_POINT('',(-0.0354889142490719,0.0368,0.018689366480127));
#6723=CARTESIAN_POINT('',(-0.0354889142490719,0.0368,0.018689366480127));
#6724=CARTESIAN_POINT('',(-0.0354889142490719,0.0368,0.018689366480127));
#6725=CARTESIAN_POINT('',(-0.0354889142490719,0.0368,0.018689366480127));
#6726=CARTESIAN_POINT('',(-0.0354889142490719,0.0365907959640026,0.018689366480127));
#6727=CARTESIAN_POINT('',(-0.0365988345539437,0.0368,0.018689366480127));
#6728=CARTESIAN_POINT('',(-0.0365988345539437,0.0365907959640026,0.018689366480127));
#6729=CARTESIAN_POINT('',(-0.0376410953333814,0.0368,0.0185943390567647));
#6730=CARTESIAN_POINT('',(-0.0376410953333814,0.0365907959640026,0.0185943390567647));
#6731=CARTESIAN_POINT('',(-0.0386156965873852,0.0368,0.0184042842100401));
#6732=CARTESIAN_POINT('',(-0.0386156965873852,0.0365907959640026,0.0184042842100401));
#6733=CARTESIAN_POINT('',(-0.0354889142490719,0.0368,0.018689366480127));
#6734=CARTESIAN_POINT('',(-0.0371537947063795,0.0368,0.018689366480127));
#6735=CARTESIAN_POINT('',(-0.0386156965873852,0.0368,0.0184042842100401));
#6736=CARTESIAN_POINT('',(-0.0386156965873852,0.0368,0.0184042842100401));
#6737=CARTESIAN_POINT('',(-0.0386156965873852,0.0368,0.0184042842100401));
#6738=CARTESIAN_POINT('',(-0.0386156965873852,0.0368,0.0184042842100401));
#6739=CARTESIAN_POINT('',(-0.0386156965873852,0.0365907959640026,0.0184042842100401));
#6740=CARTESIAN_POINT('',(-0.039590297841389,0.0368,0.0182142293633155));
#6741=CARTESIAN_POINT('',(-0.039590297841389,0.0365907959640026,0.0182142293633155));
#6742=CARTESIAN_POINT('',(-0.0405717410698748,0.0368,0.017910901827943));
#6743=CARTESIAN_POINT('',(-0.0405717410698748,0.0365907959640026,0.017910901827943));
#6744=CARTESIAN_POINT('',(-0.0415600262728428,0.0368,0.0174943016039227));
#6745=CARTESIAN_POINT('',(-0.0415600262728428,0.0365907959640026,0.0174943016039227));
#6746=CARTESIAN_POINT('',(-0.0386156965873852,0.0368,0.0184042842100401));
#6747=CARTESIAN_POINT('',(-0.0400775984683908,0.0368,0.0181192019399532));
#6748=CARTESIAN_POINT('',(-0.0415600262728428,0.0368,0.0174943016039227));
#6749=CARTESIAN_POINT('',(-0.0415600262728428,0.0368,0.0174943016039227));
#6750=CARTESIAN_POINT('',(-0.0415600262728428,0.0368,0.0174943016039227));
#6751=CARTESIAN_POINT('',(-0.0410902106917396,0.0368,0.0164109889775924));
#6752=CARTESIAN_POINT('',(-0.0410902106917396,0.0368,0.0164109889775924));
#6753=CARTESIAN_POINT('',(-0.0406206538620705,0.0368,0.0153282729868507));
#6754=CARTESIAN_POINT('',(-0.0406206538620705,0.0368,0.0153282729868507));
#6755=CARTESIAN_POINT('',(-0.0334327884255802,0.0368000000000003,-0.00117618357505882));
#6756=CARTESIAN_POINT('',(-0.0334327884255802,0.0368,-0.00117618357505882));
#6757=CARTESIAN_POINT('',(-0.0382599139143167,0.0368,0.0161669585543981));
#6758=CARTESIAN_POINT('',(-0.0382599139143167,0.0368,0.0161669585543981));
#6759=CARTESIAN_POINT('',(-0.0382599139143167,0.0368,0.0161669585543981));
#6760=CARTESIAN_POINT('',(-0.0382599139143167,0.0365907959640026,0.0161669585543981));
#6761=CARTESIAN_POINT('',(-0.0374191112724071,0.0368,0.0164041470031103));
#6762=CARTESIAN_POINT('',(-0.0374191112724071,0.0365907959640026,0.0164041470031103));
#6763=CARTESIAN_POINT('',(-0.0364954447173255,0.0368,0.0165227412274665));
#6764=CARTESIAN_POINT('',(-0.0364954447173255,0.0365907959640026,0.0165227412274665));
#6765=CARTESIAN_POINT('',(-0.0354889142490719,0.0368,0.0165227412274665));
#6766=CARTESIAN_POINT('',(-0.0354889142490719,0.0365907959640026,0.0165227412274665));
#6767=CARTESIAN_POINT('',(-0.0382599139143167,0.0368,0.0161669585543981));
#6768=CARTESIAN_POINT('',(-0.0369987099514523,0.0368,0.0165227412274665));
#6769=CARTESIAN_POINT('',(-0.0354889142490719,0.0368,0.0165227412274665));
#6770=CARTESIAN_POINT('',(-0.0354889142490719,0.0368,0.0165227412274665));
#6771=CARTESIAN_POINT('',(-0.0354889142490719,0.0368,0.0165227412274665));
#6772=CARTESIAN_POINT('',(-0.0354889142490719,0.0368,0.0165227412274665));
#6773=CARTESIAN_POINT('',(-0.0354889142490719,0.0365907959640026,0.0165227412274665));
#6774=CARTESIAN_POINT('',(-0.0338802900263949,0.0368,0.0165227412274665));
#6775=CARTESIAN_POINT('',(-0.0338802900263949,0.0365907959640026,0.0165227412274665));
#6776=CARTESIAN_POINT('',(-0.0324183881453893,0.0368,0.0160407621361729));
#6777=CARTESIAN_POINT('',(-0.0324183881453893,0.0365907959640026,0.0160407621361729));
#6778=CARTESIAN_POINT('',(-0.031103208606055,0.0368,0.0150768039535857));
#6779=CARTESIAN_POINT('',(-0.031103208606055,0.0365907959640026,0.0150768039535857));
#6780=CARTESIAN_POINT('',(-0.0354889142490719,0.0368,0.0165227412274665));
#6781=CARTESIAN_POINT('',(-0.0330759779150564,0.0368,0.0165227412274665));
#6782=CARTESIAN_POINT('',(-0.031103208606055,0.0368,0.0150768039535857));
#6783=CARTESIAN_POINT('',(-0.031103208606055,0.0368,0.0150768039535857));
#6784=CARTESIAN_POINT('',(-0.031103208606055,0.0368,0.0150768039535857));
#6785=CARTESIAN_POINT('',(-0.031103208606055,0.0368,0.0150768039535857));
#6786=CARTESIAN_POINT('',(-0.031103208606055,0.0365907959640026,0.0150768039535857));
#6787=CARTESIAN_POINT('',(-0.0297880290667207,0.0368,0.0141128457709985));
#6788=CARTESIAN_POINT('',(-0.0297880290667207,0.0365907959640026,0.0141128457709985));
#6789=CARTESIAN_POINT('',(-0.0287647737719555,0.0368,0.0127664972368014));
#6790=CARTESIAN_POINT('',(-0.0287647737719555,0.0365907959640026,0.0127664972368014));
#6791=CARTESIAN_POINT('',(-0.0280334427217592,0.0368,0.0110377583509944));
#6792=CARTESIAN_POINT('',(-0.0280334427217592,0.0365907959640026,0.0110377583509944));
#6793=CARTESIAN_POINT('',(-0.031103208606055,0.0368,0.0150768039535857));
#6794=CARTESIAN_POINT('',(-0.0291304392970536,0.0368,0.0136308666797049));
#6795=CARTESIAN_POINT('',(-0.0280334427217592,0.0368,0.0110377583509944));
#6796=CARTESIAN_POINT('',(-0.0280334427217592,0.0368,0.0110377583509944));
#6797=CARTESIAN_POINT('',(-0.0280334427217592,0.0368,0.0110377583509944));
#6798=CARTESIAN_POINT('',(-0.0280334427217592,0.0368,0.0110377583509944));
#6799=CARTESIAN_POINT('',(-0.0280334427217592,0.0365907959640026,0.0110377583509944));
#6800=CARTESIAN_POINT('',(-0.0273021116715629,0.0368,0.0093090194651874));
#6801=CARTESIAN_POINT('',(-0.0273021116715629,0.0365907959640026,0.0093090194651874));
#6802=CARTESIAN_POINT('',(-0.0269364461464647,0.0368,0.00737426112553092));
#6803=CARTESIAN_POINT('',(-0.0269364461464647,0.0365907959640026,0.00737426112553092));
#6804=CARTESIAN_POINT('',(-0.0269364461464647,0.0368,0.00523348333202497));
#6805=CARTESIAN_POINT('',(-0.0269364461464647,0.0365907959640026,0.00523348333202497));
#6806=CARTESIAN_POINT('',(-0.0280334427217592,0.0368,0.0110377583509944));
#6807=CARTESIAN_POINT('',(-0.0269364461464647,0.0368,0.0084446500222839));
#6808=CARTESIAN_POINT('',(-0.0269364461464647,0.0368,0.00523348333202497));
#6809=CARTESIAN_POINT('',(-0.0269364461464647,0.0368,0.00523348333202497));
#6810=CARTESIAN_POINT('',(-0.0269364461464647,0.0368,0.00523348333202497));
#6811=CARTESIAN_POINT('',(-0.0269364461464647,0.0368,0.00523348333202497));
#6812=CARTESIAN_POINT('',(-0.0269364461464647,0.0365907959640026,0.00523348333202497));
#6813=CARTESIAN_POINT('',(-0.0269364461464647,0.0368,0.00343024294630191));
#6814=CARTESIAN_POINT('',(-0.0269364461464647,0.0365907959640026,0.00343024294630191));
#6815=CARTESIAN_POINT('',(-0.0274229865540797,0.0368,0.00201015313157566));
#6816=CARTESIAN_POINT('',(-0.0274229865540797,0.0365907959640026,0.00201015313157566));
#6817=CARTESIAN_POINT('',(-0.0283960673693097,0.0368,0.000973213887846214));
#6818=CARTESIAN_POINT('',(-0.0283960673693097,0.0365907959640026,0.000973213887846214));
#6819=CARTESIAN_POINT('',(-0.0269364461464647,0.0368,0.00523348333202497));
#6820=CARTESIAN_POINT('',(-0.0269364461464647,0.0368,0.00252862275344039));
#6821=CARTESIAN_POINT('',(-0.0283960673693097,0.0368,0.000973213887846214));
#6822=CARTESIAN_POINT('',(-0.0283960673693097,0.0368,0.000973213887846214));
#6823=CARTESIAN_POINT('',(-0.0283960673693097,0.0368,0.000973213887846214));
#6824=CARTESIAN_POINT('',(-0.0283960673693097,0.0368,0.000973213887846214));
#6825=CARTESIAN_POINT('',(-0.0283960673693097,0.0365907959640026,0.000973213887846214));
#6826=CARTESIAN_POINT('',(-0.0293691481845397,0.0368,-6.37253558832326E-5));
#6827=CARTESIAN_POINT('',(-0.0293691481845397,0.0365907959640026,-6.37253558832326E-5));
#6828=CARTESIAN_POINT('',(-0.0307299408870878,0.0368,-0.000582194977747956));
#6829=CARTESIAN_POINT('',(-0.0307299408870878,0.0365907959640026,-0.000582194977747956));
#6830=CARTESIAN_POINT('',(-0.0324784454769542,0.0368,-0.000582194977747956));
#6831=CARTESIAN_POINT('',(-0.0324784454769542,0.0365907959640026,-0.000582194977747956));
#6832=CARTESIAN_POINT('',(-0.0283960673693097,0.0368,0.000973213887846214));
#6833=CARTESIAN_POINT('',(-0.0298556885921546,0.0368,-0.000582194977747956));
#6834=CARTESIAN_POINT('',(-0.0324784454769542,0.0368,-0.000582194977747956));
#6835=CARTESIAN_POINT('',(-0.0324784454769542,0.0368,-0.000582194977747956));
#6836=CARTESIAN_POINT('',(-0.0324784454769542,0.0368,-0.000582194977747956));
#6837=CARTESIAN_POINT('',(-0.0324784454769542,0.0368,-0.000582194977747956));
#6838=CARTESIAN_POINT('',(-0.0324784454769542,0.0365907959640026,-0.000582194977747956));
#6839=CARTESIAN_POINT('',(-0.0339411075773468,0.0368,-0.000582194977747956));
#6840=CARTESIAN_POINT('',(-0.0339411075773468,0.0365907959640026,-0.000582194977747956));
#6841=CARTESIAN_POINT('',(-0.0351772243004436,0.0368,-0.000396701447344741));
#6842=CARTESIAN_POINT('',(-0.0351772243004436,0.0365907959640026,-0.000396701447344741));
#6843=CARTESIAN_POINT('',(-0.0361867956462447,0.0368,-2.57143865383114E-5));
#6844=CARTESIAN_POINT('',(-0.0361867956462447,0.0365907959640026,-2.57143865383114E-5));
#6845=CARTESIAN_POINT('',(-0.0324784454769542,0.0368,-0.000582194977747956));
#6846=CARTESIAN_POINT('',(-0.0346724386275431,0.0368,-0.000582194977747956));
#6847=CARTESIAN_POINT('',(-0.0361867956462447,0.0368,-2.57143865383114E-5));
#6848=CARTESIAN_POINT('',(-0.0361867956462447,0.0368,-2.571438653831E-5));
#6849=CARTESIAN_POINT('',(-0.0361867956462447,0.0368,-2.571438653831E-5));
#6850=CARTESIAN_POINT('',(-0.0368709930944533,0.0368,0.00313983914050671));
#6851=CARTESIAN_POINT('',(-0.0368709930944533,0.0368,0.00313983914050671));
#6852=CARTESIAN_POINT('',(-0.0375551905426619,0.0368,0.00630539266755174));
#6853=CARTESIAN_POINT('',(-0.0375551905426619,0.0368,0.00630539266755174));
#6854=CARTESIAN_POINT('',(-0.035495756223554,0.0368,0.00630539266755174));
#6855=CARTESIAN_POINT('',(-0.035495756223554,0.0368,0.00630539266755174));
#6856=CARTESIAN_POINT('',(-0.00544352364007258,0.0368,0.00797711509934137));
#6857=CARTESIAN_POINT('',(-0.00289666280150414,-0.0137191563844681,0.0329));
#6858=CARTESIAN_POINT('',(0.0461737290024757,-0.0474627539515495,0.0329));
#6859=CARTESIAN_POINT('',(0.047803421144967,-0.0474627539515495,0.0329));
#6860=CARTESIAN_POINT('',(0.0466505214571953,0.0336023345589638,0.0329));
#6861=CARTESIAN_POINT('',(0.0482802135996866,0.0336023345589638,0.0329));
#6862=CARTESIAN_POINT('',(-0.0541329272091389,-0.0468744486570358,0.0329));
#6863=CARTESIAN_POINT('',(-0.0525032350666476,-0.0468744486570358,0.0329));
#6864=CARTESIAN_POINT('',(-0.0547125078737736,0.0331320464611053,0.0329));
#6865=CARTESIAN_POINT('',(-0.0530828157312823,0.0331320464611053,0.0329));
#6866=CARTESIAN_POINT('',(-0.00403099320828915,-0.00693020969629288,0.));
#6867=CARTESIAN_POINT('',(0.0466505214571953,0.0336023345589638,0.));
#6868=CARTESIAN_POINT('',(0.0482802135996866,0.0336023345589638,0.));
#6869=CARTESIAN_POINT('',(0.0466505214571953,0.0336023345589638,0.0337));
#6870=CARTESIAN_POINT('',(-0.00397836044430715,-0.00978514179587364,-0.003));
#6871=CARTESIAN_POINT('',(-0.00397836044430715,-0.00978514179587364,-0.003));
#6872=CARTESIAN_POINT('',(-0.00397836044430715,-0.00978514179587364,-0.006));
#6873=CARTESIAN_POINT('',(0.0447508682310583,-0.0510614243149757,-0.006));
#6874=CARTESIAN_POINT('',(0.0447508682310583,0.0314911407232285,-0.006));
#6875=CARTESIAN_POINT('',(0.0447508682310583,-0.0510614243149757,-0.006));
#6876=CARTESIAN_POINT('',(-0.0527075891196726,-0.0510614243149757,-0.006));
#6877=CARTESIAN_POINT('',(-0.0527075891196726,-0.0510614243149757,-0.006));
#6878=CARTESIAN_POINT('',(-0.0527075891196726,-0.00978514179587365,-0.006));
#6879=CARTESIAN_POINT('',(-0.0527075891196726,0.0314911407232285,-0.006));
#6880=CARTESIAN_POINT('',(-0.00397836044430715,0.0314911407232285,-0.006));
#6881=CARTESIAN_POINT('',(-0.00397836044430714,-0.0510614243149757,-0.001));
#6882=CARTESIAN_POINT('',(-0.0527075891196726,-0.0510614243149757,-0.001));
#6883=CARTESIAN_POINT('',(0.0447508682310583,-0.0510614243149757,-0.001));
#6884=CARTESIAN_POINT('',(0.0447508682310583,-0.0510614243149757,-0.001));
#6885=CARTESIAN_POINT('',(0.0447508682310583,-0.0510614243149757,-0.001));
#6886=CARTESIAN_POINT('',(-0.0527075891196726,-0.0510614243149757,-0.001));
#6887=CARTESIAN_POINT('',(-0.0527075891196726,-0.0510614243149757,-0.001));
#6888=CARTESIAN_POINT('',(0.0447508682310583,-0.00978514179587364,-0.001));
#6889=CARTESIAN_POINT('',(0.0447508682310583,0.0314911407232285,-0.001));
#6890=CARTESIAN_POINT('',(-0.0527075891196726,-0.00978514179587365,-0.001));
#6891=CARTESIAN_POINT('',(-0.0527075891196726,0.0314911407232285,-0.001));
#6892=CARTESIAN_POINT('',(0.0447508682310583,0.0314911407232285,-0.001));
#6893=CARTESIAN_POINT('',(0.0447508682310583,0.0314911407232285,-0.001));
#6894=CARTESIAN_POINT('',(-0.0527075891196726,0.0314911407232285,-0.001));
#6895=CARTESIAN_POINT('',(-0.0527075891196726,0.0314911407232285,-0.001));
#6896=CARTESIAN_POINT('',(-0.00397836044430715,0.0314911407232285,-0.001));
#6897=CARTESIAN_POINT('',(-0.00397836044430715,-0.00978514179587364,-0.003));
#6898=CARTESIAN_POINT('',(-0.0449125114828348,0.0171670876443386,-0.003));
#6899=CARTESIAN_POINT('',(-0.0383605547249317,0.0171670876443386,-0.003));
#6900=CARTESIAN_POINT('',(-0.0514644682407379,0.0171670876443386,-0.003));
#6901=CARTESIAN_POINT('',(-0.0514644682407379,0.0241697067394852,-0.003));
#6902=CARTESIAN_POINT('',(-0.0514644682407379,0.0311723258346319,-0.003));
#6903=CARTESIAN_POINT('',(-0.0449125114828348,0.0311723258346319,-0.003));
#6904=CARTESIAN_POINT('',(-0.0383605547249317,0.0311723258346319,-0.003));
#6905=CARTESIAN_POINT('',(-0.0383605547249317,0.0241697067394852,-0.003));
#6906=CARTESIAN_POINT('',(0.0379021018743515,-0.0262429900467396,-0.003));
#6907=CARTESIAN_POINT('',(0.0316030159592629,-0.0262429900467396,-0.003));
#6908=CARTESIAN_POINT('',(0.0442011877894401,-0.0262429900467396,-0.003));
#6909=CARTESIAN_POINT('',(0.0442011877894401,-0.0324692577123642,-0.003));
#6910=CARTESIAN_POINT('',(0.0442011877894401,-0.0386955253779888,-0.003));
#6911=CARTESIAN_POINT('',(0.0379021018743515,-0.0386955253779888,-0.003));
#6912=CARTESIAN_POINT('',(0.0316030159592629,-0.0386955253779888,-0.003));
#6913=CARTESIAN_POINT('',(0.0316030159592629,-0.0324692577123642,-0.003));
#6914=CARTESIAN_POINT('',(0.0442011877894401,-0.0324692577123642,0.0249972379768836));
#6915=CARTESIAN_POINT('',(0.0442011877894401,-0.0324692577123642,0.0249952379768836));
#6916=CARTESIAN_POINT('',(0.0442011877894401,-0.0386955253779888,0.0249952379768836));
#6917=CARTESIAN_POINT('',(0.0442011877894401,-0.0262429900467396,0.0249952379768836));
#6918=CARTESIAN_POINT('',(0.0442011877894401,-0.0386955253779888,0.0249972379768836));
#6919=CARTESIAN_POINT('',(0.0442011877894401,-0.0262429900467396,0.0249972379768836));
#6920=CARTESIAN_POINT('',(0.0379021018743515,-0.0262429900467396,0.0249972379768836));
#6921=CARTESIAN_POINT('',(0.0379021018743515,-0.0262429900467396,0.0249952379768836));
#6922=CARTESIAN_POINT('',(0.0316030159592629,-0.0262429900467396,0.0249952379768836));
#6923=CARTESIAN_POINT('',(0.0316030159592629,-0.0262429900467396,0.0249972379768836));
#6924=CARTESIAN_POINT('',(0.0379021018743515,-0.0386955253779888,0.0249972379768836));
#6925=CARTESIAN_POINT('',(0.0379021018743515,-0.0386955253779888,0.0249952379768836));
#6926=CARTESIAN_POINT('',(0.0316030159592629,-0.0386955253779888,0.0249952379768836));
#6927=CARTESIAN_POINT('',(0.0316030159592629,-0.0386955253779888,0.0249972379768836));
#6928=CARTESIAN_POINT('',(0.0316030159592629,-0.0324692577123642,0.0249972379768836));
#6929=CARTESIAN_POINT('',(0.0316030159592629,-0.0324692577123642,0.0249952379768836));
#6930=CARTESIAN_POINT('',(0.0352461971342563,-0.0300474129617214,0.0249972379768836));
#6931=CARTESIAN_POINT('',(0.0352461971342563,-0.0300474129617214,0.0249952379768836));
#6932=CARTESIAN_POINT('',(0.0375649647069283,-0.0300474129617214,0.0249952379768836));
#6933=CARTESIAN_POINT('',(0.0352461971342563,-0.0300474129617214,-0.003));
#6934=CARTESIAN_POINT('',(0.0375649647069283,-0.0300474129617214,-0.003));
#6935=CARTESIAN_POINT('',(-0.225755099814297,0.124616535285014,0.0249952379768836));
#6936=CARTESIAN_POINT('',(-0.00397836044430715,-0.00978514179587364,-0.003));
#6937=CARTESIAN_POINT('',(-0.0427265912294388,0.021329564973712,-0.003));
#6938=CARTESIAN_POINT('',(-0.0404229350802993,0.021329564973712,-0.003));
#6939=CARTESIAN_POINT('',(-0.0427265912294388,0.021329564973712,0.0249972379768836));
#6940=CARTESIAN_POINT('',(-0.0427265912294388,0.021329564973712,0.0249952379768836));
#6941=CARTESIAN_POINT('',(-0.0404229350802993,0.021329564973712,0.0249952379768836));
#6942=CARTESIAN_POINT('',(-0.0383605547249317,0.0241697067394852,0.0249972379768836));
#6943=CARTESIAN_POINT('',(-0.0383605547249317,0.0311723258346319,0.0249972379768836));
#6944=CARTESIAN_POINT('',(-0.0383605547249317,0.0311723258346319,0.0249952379768836));
#6945=CARTESIAN_POINT('',(-0.0383605547249317,0.0241697067394852,0.0249952379768836));
#6946=CARTESIAN_POINT('',(-0.0383605547249317,0.0171670876443386,0.0249952379768836));
#6947=CARTESIAN_POINT('',(-0.0383605547249317,0.0171670876443386,0.0249972379768836));
#6948=CARTESIAN_POINT('',(-0.0449125114828348,0.0311723258346319,0.0249972379768836));
#6949=CARTESIAN_POINT('',(-0.0514644682407379,0.0311723258346319,0.0249972379768836));
#6950=CARTESIAN_POINT('',(-0.0514644682407379,0.0311723258346319,0.0249952379768836));
#6951=CARTESIAN_POINT('',(-0.0449125114828348,0.0311723258346319,0.0249952379768836));
#6952=CARTESIAN_POINT('',(-0.0449125114828348,0.0171670876443386,0.0249972379768836));
#6953=CARTESIAN_POINT('',(-0.0449125114828348,0.0171670876443386,0.0249952379768836));
#6954=CARTESIAN_POINT('',(-0.0514644682407379,0.0171670876443386,0.0249952379768836));
#6955=CARTESIAN_POINT('',(-0.0514644682407379,0.0171670876443386,0.0249972379768836));
#6956=CARTESIAN_POINT('',(-0.0514644682407379,0.0241697067394852,0.0249972379768836));
#6957=CARTESIAN_POINT('',(-0.0514644682407379,0.0241697067394852,0.0249952379768836));
#6958=CARTESIAN_POINT('',(-0.225755099814297,0.124616535285014,0.0249952379768836));
#6959=CARTESIAN_POINT('',(-0.00397836044430715,-0.00978514179587364,-0.003));
#6960=CARTESIAN_POINT('',(-0.00403099320828915,-0.00693020969629288,0.));
#6961=CARTESIAN_POINT('',(-0.0547125078737736,0.0331320464611053,0.));
#6962=CARTESIAN_POINT('',(-0.0530828157312823,0.0331320464611053,0.));
#6963=CARTESIAN_POINT('',(-0.0547125078737736,0.0331320464611053,0.0337));
#6964=CARTESIAN_POINT('',(-0.00403099320828915,-0.00693020969629288,0.));
#6965=CARTESIAN_POINT('',(0.0461737290024757,-0.0474627539515495,0.));
#6966=CARTESIAN_POINT('',(0.047803421144967,-0.0474627539515495,0.));
#6967=CARTESIAN_POINT('',(0.0461737290024757,-0.0474627539515495,0.0337));
#6968=CARTESIAN_POINT('',(-0.00403099320828915,-0.00693020969629288,0.));
#6969=CARTESIAN_POINT('',(-0.0541329272091389,-0.0468744486570358,0.));
#6970=CARTESIAN_POINT('',(-0.0525032350666476,-0.0468744486570358,0.));
#6971=CARTESIAN_POINT('',(-0.0541329272091389,-0.0468744486570358,0.0337));
#6972=CARTESIAN_POINT('',(0.00385552692632141,0.0143665138526142,-0.0101709002703428));
#6973=MECHANICAL_DESIGN_GEOMETRIC_PRESENTATION_REPRESENTATION('',(#3959,
#46,#47,#48,#49,#50,#51,#52,#53,#54,#55,#56,#57,#58,#59,#60,#61,#62,#63,
#64,#65,#66,#67,#68,#69,#70,#71,#72,#73,#74,#75,#76,#77,#78,#79,#80,#81,
#82,#83,#84,#85,#86,#87,#88,#89,#90,#91,#92,#93,#94,#95,#96,#97,#98,#99,
#100,#101,#102,#103,#104,#105,#106,#107,#108,#109,#110,#111,#112,#113,#114,
#115,#116,#117,#118,#119,#120,#121,#122,#123,#124,#125,#126,#127,#128,#129,
#130),#6974);
#6974=(
GEOMETRIC_REPRESENTATION_CONTEXT(3)
GLOBAL_UNCERTAINTY_ASSIGNED_CONTEXT((#6976))
GLOBAL_UNIT_ASSIGNED_CONTEXT((#6980,#6979,#6978))
REPRESENTATION_CONTEXT('Assembly 2','TOP_LEVEL_ASSEMBLY_PART')
);
#6975=(
GEOMETRIC_REPRESENTATION_CONTEXT(3)
GLOBAL_UNCERTAINTY_ASSIGNED_CONTEXT((#6977))
GLOBAL_UNIT_ASSIGNED_CONTEXT((#6980,#6979,#6978))
REPRESENTATION_CONTEXT('Part 2','COMPONENT_PART')
);
#6976=UNCERTAINTY_MEASURE_WITH_UNIT(LENGTH_MEASURE(1.E-8),#6980,
'DISTANCE_ACCURACY_VALUE','Maximum Tolerance applied to model');
#6977=UNCERTAINTY_MEASURE_WITH_UNIT(LENGTH_MEASURE(2.24019252576124E-5),
#6980,'DISTANCE_ACCURACY_VALUE','Maximum Tolerance applied to model');
#6978=(
NAMED_UNIT(*)
SI_UNIT($,.STERADIAN.)
SOLID_ANGLE_UNIT()
);
#6979=(
NAMED_UNIT(*)
PLANE_ANGLE_UNIT()
SI_UNIT($,.RADIAN.)
);
#6980=(
LENGTH_UNIT()
NAMED_UNIT(*)
SI_UNIT($,.METRE.)
);
#6981=PRODUCT_DEFINITION_SHAPE('','',#6984);
#6982=PRODUCT_DEFINITION_SHAPE('','',#6985);
#6983=PRODUCT_DEFINITION_SHAPE(' ','NAUO PRDDFN',#11);
#6984=PRODUCT_DEFINITION('','',#6988,#6986);
#6985=PRODUCT_DEFINITION('','',#6989,#6987);
#6986=PRODUCT_DEFINITION_CONTEXT('',#6999,'design');
#6987=PRODUCT_DEFINITION_CONTEXT('',#6999,'design');
#6988=PRODUCT_DEFINITION_FORMATION_WITH_SPECIFIED_SOURCE('','',#6992,
 .NOT_KNOWN.);
#6989=PRODUCT_DEFINITION_FORMATION_WITH_SPECIFIED_SOURCE('','',#6993,
 .NOT_KNOWN.);
#6990=PRODUCT_RELATED_PRODUCT_CATEGORY('','',(#6992));
#6991=PRODUCT_RELATED_PRODUCT_CATEGORY('','',(#6993));
#6992=PRODUCT('Assembly 2','Assembly 2','Assembly 2',(#6996));
#6993=PRODUCT('Part 2','Part 2','Part 2',(#6997));
#6994=PRODUCT_CATEGORY('','');
#6995=PRODUCT_CATEGORY('','');
#6996=PRODUCT_CONTEXT('',#6999,'mechanical');
#6997=PRODUCT_CONTEXT('',#6999,'mechanical');
#6998=APPLICATION_PROTOCOL_DEFINITION('international standard',
'ap242_managed_model_based_3d_engineering',2020,#6999);
#6999=APPLICATION_CONTEXT('managed model based 3d engineering');
ENDSEC;
END-ISO-10303-21;
